"Text","Title","Chapter"
"CHAPTER IV.","A Tale of Two Cities",10
"Congratulatory","A Tale of Two Cities",10
"","A Tale of Two Cities",10
"","A Tale of Two Cities",10
"From the dimly-lighted passages of the court, the last sediment of the","A Tale of Two Cities",10
"human stew that had been boiling there all day, was straining off, when","A Tale of Two Cities",10
"Doctor Manette, Lucie Manette, his daughter, Mr. Lorry, the solicitor","A Tale of Two Cities",10
"for the defence, and its counsel, Mr. Stryver, stood gathered round Mr.","A Tale of Two Cities",10
"Charles Darnay--just released--congratulating him on his escape from","A Tale of Two Cities",10
"death.","A Tale of Two Cities",10
"","A Tale of Two Cities",10
"It would have been difficult by a far brighter light, to recognise","A Tale of Two Cities",10
"in Doctor Manette, intellectual of face and upright of bearing, the","A Tale of Two Cities",10
"shoemaker of the garret in Paris. Yet, no one could have looked at him","A Tale of Two Cities",10
"twice, without looking again: even though the opportunity of observation","A Tale of Two Cities",10
"had not extended to the mournful cadence of his low grave voice, and","A Tale of Two Cities",10
"to the abstraction that overclouded him fitfully, without any apparent","A Tale of Two Cities",10
"reason. While one external cause, and that a reference to his long","A Tale of Two Cities",10
"lingering agony, would always--as on the trial--evoke this condition","A Tale of Two Cities",10
"from the depths of his soul, it was also in its nature to arise of","A Tale of Two Cities",10
"itself, and to draw a gloom over him, as incomprehensible to those","A Tale of Two Cities",10
"unacquainted with his story as if they had seen the shadow of the actual","A Tale of Two Cities",10
"Bastille thrown upon him by a summer sun, when the substance was three","A Tale of Two Cities",10
"hundred miles away.","A Tale of Two Cities",10
"","A Tale of Two Cities",10
"Only his daughter had the power of charming this black brooding from","A Tale of Two Cities",10
"his mind. She was the golden thread that united him to a Past beyond his","A Tale of Two Cities",10
"misery, and to a Present beyond his misery: and the sound of her voice,","A Tale of Two Cities",10
"the light of her face, the touch of her hand, had a strong beneficial","A Tale of Two Cities",10
"influence with him almost always. Not absolutely always, for she could","A Tale of Two Cities",10
"recall some occasions on which her power had failed; but they were few","A Tale of Two Cities",10
"and slight, and she believed them over.","A Tale of Two Cities",10
"","A Tale of Two Cities",10
"Mr. Darnay had kissed her hand fervently and gratefully, and had turned","A Tale of Two Cities",10
"to Mr. Stryver, whom he warmly thanked. Mr. Stryver, a man of little","A Tale of Two Cities",10
"more than thirty, but looking twenty years older than he was, stout,","A Tale of Two Cities",10
"loud, red, bluff, and free from any drawback of delicacy, had a pushing","A Tale of Two Cities",10
"way of shouldering himself (morally and physically) into companies and","A Tale of Two Cities",10
"conversations, that argued well for his shouldering his way up in life.","A Tale of Two Cities",10
"","A Tale of Two Cities",10
"He still had his wig and gown on, and he said, squaring himself at his","A Tale of Two Cities",10
"late client to that degree that he squeezed the innocent Mr. Lorry clean","A Tale of Two Cities",10
"out of the group: “I am glad to have brought you off with honour, Mr.","A Tale of Two Cities",10
"Darnay. It was an infamous prosecution, grossly infamous; but not the","A Tale of Two Cities",10
"less likely to succeed on that account.”","A Tale of Two Cities",10
"","A Tale of Two Cities",10
"“You have laid me under an obligation to you for life--in two senses,”","A Tale of Two Cities",10
" said his late client, taking his hand.","A Tale of Two Cities",10
"","A Tale of Two Cities",10
"“I have done my best for you, Mr. Darnay; and my best is as good as","A Tale of Two Cities",10
"another man’s, I believe.”","A Tale of Two Cities",10
"","A Tale of Two Cities",10
"It clearly being incumbent on some one to say, “Much better,” Mr. Lorry","A Tale of Two Cities",10
"said it; perhaps not quite disinterestedly, but with the interested","A Tale of Two Cities",10
"object of squeezing himself back again.","A Tale of Two Cities",10
"","A Tale of Two Cities",10
"“You think so?” said Mr. Stryver. “Well! you have been present all day,","A Tale of Two Cities",10
"and you ought to know. You are a man of business, too.”","A Tale of Two Cities",10
"","A Tale of Two Cities",10
"“And as such,” quoth Mr. Lorry, whom the counsel learned in the law had","A Tale of Two Cities",10
"now shouldered back into the group, just as he had previously shouldered","A Tale of Two Cities",10
"him out of it--“as such I will appeal to Doctor Manette, to break up","A Tale of Two Cities",10
"this conference and order us all to our homes. Miss Lucie looks ill, Mr.","A Tale of Two Cities",10
"Darnay has had a terrible day, we are worn out.”","A Tale of Two Cities",10
"","A Tale of Two Cities",10
"“Speak for yourself, Mr. Lorry,” said Stryver; “I have a night’s work to","A Tale of Two Cities",10
"do yet. Speak for yourself.”","A Tale of Two Cities",10
"","A Tale of Two Cities",10
"“I speak for myself,” answered Mr. Lorry, “and for Mr. Darnay, and for","A Tale of Two Cities",10
"Miss Lucie, and--Miss Lucie, do you not think I may speak for us all?”","A Tale of Two Cities",10
" He asked her the question pointedly, and with a glance at her father.","A Tale of Two Cities",10
"","A Tale of Two Cities",10
"His face had become frozen, as it were, in a very curious look at","A Tale of Two Cities",10
"Darnay: an intent look, deepening into a frown of dislike and distrust,","A Tale of Two Cities",10
"not even unmixed with fear. With this strange expression on him his","A Tale of Two Cities",10
"thoughts had wandered away.","A Tale of Two Cities",10
"","A Tale of Two Cities",10
"“My father,” said Lucie, softly laying her hand on his.","A Tale of Two Cities",10
"","A Tale of Two Cities",10
"He slowly shook the shadow off, and turned to her.","A Tale of Two Cities",10
"","A Tale of Two Cities",10
"“Shall we go home, my father?”","A Tale of Two Cities",10
"","A Tale of Two Cities",10
"With a long breath, he answered “Yes.”","A Tale of Two Cities",10
"","A Tale of Two Cities",10
"The friends of the acquitted prisoner had dispersed, under the","A Tale of Two Cities",10
"impression--which he himself had originated--that he would not be","A Tale of Two Cities",10
"released that night. The lights were nearly all extinguished in the","A Tale of Two Cities",10
"passages, the iron gates were being closed with a jar and a rattle,","A Tale of Two Cities",10
"and the dismal place was deserted until to-morrow morning’s interest of","A Tale of Two Cities",10
"gallows, pillory, whipping-post, and branding-iron, should repeople it.","A Tale of Two Cities",10
"Walking between her father and Mr. Darnay, Lucie Manette passed into","A Tale of Two Cities",10
"the open air. A hackney-coach was called, and the father and daughter","A Tale of Two Cities",10
"departed in it.","A Tale of Two Cities",10
"","A Tale of Two Cities",10
"Mr. Stryver had left them in the passages, to shoulder his way back","A Tale of Two Cities",10
"to the robing-room. Another person, who had not joined the group, or","A Tale of Two Cities",10
"interchanged a word with any one of them, but who had been leaning","A Tale of Two Cities",10
"against the wall where its shadow was darkest, had silently strolled","A Tale of Two Cities",10
"out after the rest, and had looked on until the coach drove away. He now","A Tale of Two Cities",10
"stepped up to where Mr. Lorry and Mr. Darnay stood upon the pavement.","A Tale of Two Cities",10
"","A Tale of Two Cities",10
"“So, Mr. Lorry! Men of business may speak to Mr. Darnay now?”","A Tale of Two Cities",10
"","A Tale of Two Cities",10
"Nobody had made any acknowledgment of Mr. Carton’s part in the day’s","A Tale of Two Cities",10
"proceedings; nobody had known of it. He was unrobed, and was none the","A Tale of Two Cities",10
"better for it in appearance.","A Tale of Two Cities",10
"","A Tale of Two Cities",10
"“If you knew what a conflict goes on in the business mind, when the","A Tale of Two Cities",10
"business mind is divided between good-natured impulse and business","A Tale of Two Cities",10
"appearances, you would be amused, Mr. Darnay.”","A Tale of Two Cities",10
"","A Tale of Two Cities",10
"Mr. Lorry reddened, and said, warmly, “You have mentioned that before,","A Tale of Two Cities",10
"sir. We men of business, who serve a House, are not our own masters. We","A Tale of Two Cities",10
"have to think of the House more than ourselves.”","A Tale of Two Cities",10
"","A Tale of Two Cities",10
"“_I_ know, _I_ know,” rejoined Mr. Carton, carelessly. “Don’t be","A Tale of Two Cities",10
"nettled, Mr. Lorry. You are as good as another, I have no doubt: better,","A Tale of Two Cities",10
"I dare say.”","A Tale of Two Cities",10
"","A Tale of Two Cities",10
"“And indeed, sir,” pursued Mr. Lorry, not minding him, “I really don’t","A Tale of Two Cities",10
"know what you have to do with the matter. If you’ll excuse me, as very","A Tale of Two Cities",10
"much your elder, for saying so, I really don’t know that it is your","A Tale of Two Cities",10
"business.”","A Tale of Two Cities",10
"","A Tale of Two Cities",10
"“Business! Bless you, _I_ have no business,” said Mr. Carton.","A Tale of Two Cities",10
"","A Tale of Two Cities",10
"“It is a pity you have not, sir.”","A Tale of Two Cities",10
"","A Tale of Two Cities",10
"“I think so, too.”","A Tale of Two Cities",10
"","A Tale of Two Cities",10
"“If you had,” pursued Mr. Lorry, “perhaps you would attend to it.”","A Tale of Two Cities",10
"","A Tale of Two Cities",10
"“Lord love you, no!--I shouldn’t,” said Mr. Carton.","A Tale of Two Cities",10
"","A Tale of Two Cities",10
"“Well, sir!” cried Mr. Lorry, thoroughly heated by his indifference,","A Tale of Two Cities",10
"“business is a very good thing, and a very respectable thing. And, sir,","A Tale of Two Cities",10
"if business imposes its restraints and its silences and impediments, Mr.","A Tale of Two Cities",10
"Darnay as a young gentleman of generosity knows how to make allowance","A Tale of Two Cities",10
"for that circumstance. Mr. Darnay, good night, God bless you, sir!","A Tale of Two Cities",10
"I hope you have been this day preserved for a prosperous and happy","A Tale of Two Cities",10
"life.--Chair there!”","A Tale of Two Cities",10
"","A Tale of Two Cities",10
"Perhaps a little angry with himself, as well as with the barrister, Mr.","A Tale of Two Cities",10
"Lorry bustled into the chair, and was carried off to Tellson’s. Carton,","A Tale of Two Cities",10
"who smelt of port wine, and did not appear to be quite sober, laughed","A Tale of Two Cities",10
"then, and turned to Darnay:","A Tale of Two Cities",10
"","A Tale of Two Cities",10
"“This is a strange chance that throws you and me together. This must","A Tale of Two Cities",10
"be a strange night to you, standing alone here with your counterpart on","A Tale of Two Cities",10
"these street stones?”","A Tale of Two Cities",10
"","A Tale of Two Cities",10
"“I hardly seem yet,” returned Charles Darnay, “to belong to this world","A Tale of Two Cities",10
"again.”","A Tale of Two Cities",10
"","A Tale of Two Cities",10
"“I don’t wonder at it; it’s not so long since you were pretty far","A Tale of Two Cities",10
"advanced on your way to another. You speak faintly.”","A Tale of Two Cities",10
"","A Tale of Two Cities",10
"“I begin to think I _am_ faint.”","A Tale of Two Cities",10
"","A Tale of Two Cities",10
"“Then why the devil don’t you dine? I dined, myself, while those","A Tale of Two Cities",10
"numskulls were deliberating which world you should belong to--this, or","A Tale of Two Cities",10
"some other. Let me show you the nearest tavern to dine well at.”","A Tale of Two Cities",10
"","A Tale of Two Cities",10
"Drawing his arm through his own, he took him down Ludgate-hill to","A Tale of Two Cities",10
"Fleet-street, and so, up a covered way, into a tavern. Here, they were","A Tale of Two Cities",10
"shown into a little room, where Charles Darnay was soon recruiting","A Tale of Two Cities",10
"his strength with a good plain dinner and good wine: while Carton sat","A Tale of Two Cities",10
"opposite to him at the same table, with his separate bottle of port","A Tale of Two Cities",10
"before him, and his fully half-insolent manner upon him.","A Tale of Two Cities",10
"","A Tale of Two Cities",10
"“Do you feel, yet, that you belong to this terrestrial scheme again, Mr.","A Tale of Two Cities",10
"Darnay?”","A Tale of Two Cities",10
"","A Tale of Two Cities",10
"“I am frightfully confused regarding time and place; but I am so far","A Tale of Two Cities",10
"mended as to feel that.”","A Tale of Two Cities",10
"","A Tale of Two Cities",10
"“It must be an immense satisfaction!”","A Tale of Two Cities",10
"","A Tale of Two Cities",10
"He said it bitterly, and filled up his glass again: which was a large","A Tale of Two Cities",10
"one.","A Tale of Two Cities",10
"","A Tale of Two Cities",10
"“As to me, the greatest desire I have, is to forget that I belong to it.","A Tale of Two Cities",10
"It has no good in it for me--except wine like this--nor I for it. So we","A Tale of Two Cities",10
"are not much alike in that particular. Indeed, I begin to think we are","A Tale of Two Cities",10
"not much alike in any particular, you and I.”","A Tale of Two Cities",10
"","A Tale of Two Cities",10
"Confused by the emotion of the day, and feeling his being there with","A Tale of Two Cities",10
"this Double of coarse deportment, to be like a dream, Charles Darnay was","A Tale of Two Cities",10
"at a loss how to answer; finally, answered not at all.","A Tale of Two Cities",10
"","A Tale of Two Cities",10
"“Now your dinner is done,” Carton presently said, “why don’t you call a","A Tale of Two Cities",10
"health, Mr. Darnay; why don’t you give your toast?”","A Tale of Two Cities",10
"","A Tale of Two Cities",10
"“What health? What toast?”","A Tale of Two Cities",10
"","A Tale of Two Cities",10
"“Why, it’s on the tip of your tongue. It ought to be, it must be, I’ll","A Tale of Two Cities",10
"swear it’s there.”","A Tale of Two Cities",10
"","A Tale of Two Cities",10
"“Miss Manette, then!”","A Tale of Two Cities",10
"","A Tale of Two Cities",10
"“Miss Manette, then!”","A Tale of Two Cities",10
"","A Tale of Two Cities",10
"Looking his companion full in the face while he drank the toast, Carton","A Tale of Two Cities",10
"flung his glass over his shoulder against the wall, where it shivered to","A Tale of Two Cities",10
"pieces; then, rang the bell, and ordered in another.","A Tale of Two Cities",10
"","A Tale of Two Cities",10
"“That’s a fair young lady to hand to a coach in the dark, Mr. Darnay!”","A Tale of Two Cities",10
" he said, filling his new goblet.","A Tale of Two Cities",10
"","A Tale of Two Cities",10
"A slight frown and a laconic “Yes,” were the answer.","A Tale of Two Cities",10
"","A Tale of Two Cities",10
"“That’s a fair young lady to be pitied by and wept for by! How does it","A Tale of Two Cities",10
"feel? Is it worth being tried for one’s life, to be the object of such","A Tale of Two Cities",10
"sympathy and compassion, Mr. Darnay?”","A Tale of Two Cities",10
"","A Tale of Two Cities",10
"Again Darnay answered not a word.","A Tale of Two Cities",10
"","A Tale of Two Cities",10
"“She was mightily pleased to have your message, when I gave it her. Not","A Tale of Two Cities",10
"that she showed she was pleased, but I suppose she was.”","A Tale of Two Cities",10
"","A Tale of Two Cities",10
"The allusion served as a timely reminder to Darnay that this","A Tale of Two Cities",10
"disagreeable companion had, of his own free will, assisted him in the","A Tale of Two Cities",10
"strait of the day. He turned the dialogue to that point, and thanked him","A Tale of Two Cities",10
"for it.","A Tale of Two Cities",10
"","A Tale of Two Cities",10
"“I neither want any thanks, nor merit any,” was the careless rejoinder.","A Tale of Two Cities",10
"“It was nothing to do, in the first place; and I don’t know why I did","A Tale of Two Cities",10
"it, in the second. Mr. Darnay, let me ask you a question.”","A Tale of Two Cities",10
"","A Tale of Two Cities",10
"“Willingly, and a small return for your good offices.”","A Tale of Two Cities",10
"","A Tale of Two Cities",10
"“Do you think I particularly like you?”","A Tale of Two Cities",10
"","A Tale of Two Cities",10
"“Really, Mr. Carton,” returned the other, oddly disconcerted, “I have","A Tale of Two Cities",10
"not asked myself the question.”","A Tale of Two Cities",10
"","A Tale of Two Cities",10
"“But ask yourself the question now.”","A Tale of Two Cities",10
"","A Tale of Two Cities",10
"“You have acted as if you do; but I don’t think you do.”","A Tale of Two Cities",10
"","A Tale of Two Cities",10
"“_I_ don’t think I do,” said Carton. “I begin to have a very good","A Tale of Two Cities",10
"opinion of your understanding.”","A Tale of Two Cities",10
"","A Tale of Two Cities",10
"“Nevertheless,” pursued Darnay, rising to ring the bell, “there is","A Tale of Two Cities",10
"nothing in that, I hope, to prevent my calling the reckoning, and our","A Tale of Two Cities",10
"parting without ill-blood on either side.”","A Tale of Two Cities",10
"","A Tale of Two Cities",10
"Carton rejoining, “Nothing in life!” Darnay rang. “Do you call the whole","A Tale of Two Cities",10
"reckoning?” said Carton. On his answering in the affirmative, “Then","A Tale of Two Cities",10
"bring me another pint of this same wine, drawer, and come and wake me at","A Tale of Two Cities",10
"ten.”","A Tale of Two Cities",10
"","A Tale of Two Cities",10
"The bill being paid, Charles Darnay rose and wished him good night.","A Tale of Two Cities",10
"Without returning the wish, Carton rose too, with something of a threat","A Tale of Two Cities",10
"of defiance in his manner, and said, “A last word, Mr. Darnay: you think","A Tale of Two Cities",10
"I am drunk?”","A Tale of Two Cities",10
"","A Tale of Two Cities",10
"“I think you have been drinking, Mr. Carton.”","A Tale of Two Cities",10
"","A Tale of Two Cities",10
"“Think? You know I have been drinking.”","A Tale of Two Cities",10
"","A Tale of Two Cities",10
"“Since I must say so, I know it.”","A Tale of Two Cities",10
"","A Tale of Two Cities",10
"“Then you shall likewise know why. I am a disappointed drudge, sir. I","A Tale of Two Cities",10
"care for no man on earth, and no man on earth cares for me.”","A Tale of Two Cities",10
"","A Tale of Two Cities",10
"“Much to be regretted. You might have used your talents better.”","A Tale of Two Cities",10
"","A Tale of Two Cities",10
"“May be so, Mr. Darnay; may be not. Don’t let your sober face elate you,","A Tale of Two Cities",10
"however; you don’t know what it may come to. Good night!”","A Tale of Two Cities",10
"","A Tale of Two Cities",10
"When he was left alone, this strange being took up a candle, went to a","A Tale of Two Cities",10
"glass that hung against the wall, and surveyed himself minutely in it.","A Tale of Two Cities",10
"","A Tale of Two Cities",10
"“Do you particularly like the man?” he muttered, at his own image; “why","A Tale of Two Cities",10
"should you particularly like a man who resembles you? There is nothing","A Tale of Two Cities",10
"in you to like; you know that. Ah, confound you! What a change you have","A Tale of Two Cities",10
"made in yourself! A good reason for taking to a man, that he shows you","A Tale of Two Cities",10
"what you have fallen away from, and what you might have been! Change","A Tale of Two Cities",10
"places with him, and would you have been looked at by those blue eyes as","A Tale of Two Cities",10
"he was, and commiserated by that agitated face as he was? Come on, and","A Tale of Two Cities",10
"have it out in plain words! You hate the fellow.”","A Tale of Two Cities",10
"","A Tale of Two Cities",10
"He resorted to his pint of wine for consolation, drank it all in a few","A Tale of Two Cities",10
"minutes, and fell asleep on his arms, with his hair straggling over the","A Tale of Two Cities",10
"table, and a long winding-sheet in the candle dripping down upon him.","A Tale of Two Cities",10
"","A Tale of Two Cities",10
"","A Tale of Two Cities",10
"","A Tale of Two Cities",10
"","A Tale of Two Cities",10
"CHAPTER VII.","A Tale of Two Cities",13
"Monseigneur in Town","A Tale of Two Cities",13
"","A Tale of Two Cities",13
"","A Tale of Two Cities",13
"Monseigneur, one of the great lords in power at the Court, held his","A Tale of Two Cities",13
"fortnightly reception in his grand hotel in Paris. Monseigneur was in","A Tale of Two Cities",13
"his inner room, his sanctuary of sanctuaries, the Holiest of Holiests to","A Tale of Two Cities",13
"the crowd of worshippers in the suite of rooms without. Monseigneur","A Tale of Two Cities",13
"was about to take his chocolate. Monseigneur could swallow a great many","A Tale of Two Cities",13
"things with ease, and was by some few sullen minds supposed to be rather","A Tale of Two Cities",13
"rapidly swallowing France; but, his morning’s chocolate could not so","A Tale of Two Cities",13
"much as get into the throat of Monseigneur, without the aid of four","A Tale of Two Cities",13
"strong men besides the Cook.","A Tale of Two Cities",13
"","A Tale of Two Cities",13
"Yes. It took four men, all four ablaze with gorgeous decoration, and the","A Tale of Two Cities",13
"Chief of them unable to exist with fewer than two gold watches in his","A Tale of Two Cities",13
"pocket, emulative of the noble and chaste fashion set by Monseigneur, to","A Tale of Two Cities",13
"conduct the happy chocolate to Monseigneur’s lips. One lacquey carried","A Tale of Two Cities",13
"the chocolate-pot into the sacred presence; a second, milled and frothed","A Tale of Two Cities",13
"the chocolate with the little instrument he bore for that function;","A Tale of Two Cities",13
"a third, presented the favoured napkin; a fourth (he of the two gold","A Tale of Two Cities",13
"watches), poured the chocolate out. It was impossible for Monseigneur to","A Tale of Two Cities",13
"dispense with one of these attendants on the chocolate and hold his high","A Tale of Two Cities",13
"place under the admiring Heavens. Deep would have been the blot upon","A Tale of Two Cities",13
"his escutcheon if his chocolate had been ignobly waited on by only three","A Tale of Two Cities",13
"men; he must have died of two.","A Tale of Two Cities",13
"","A Tale of Two Cities",13
"Monseigneur had been out at a little supper last night, where the Comedy","A Tale of Two Cities",13
"and the Grand Opera were charmingly represented. Monseigneur was out at","A Tale of Two Cities",13
"a little supper most nights, with fascinating company. So polite and so","A Tale of Two Cities",13
"impressible was Monseigneur, that the Comedy and the Grand Opera had far","A Tale of Two Cities",13
"more influence with him in the tiresome articles of state affairs and","A Tale of Two Cities",13
"state secrets, than the needs of all France. A happy circumstance","A Tale of Two Cities",13
"for France, as the like always is for all countries similarly","A Tale of Two Cities",13
"favoured!--always was for England (by way of example), in the regretted","A Tale of Two Cities",13
"days of the merry Stuart who sold it.","A Tale of Two Cities",13
"","A Tale of Two Cities",13
"Monseigneur had one truly noble idea of general public business, which","A Tale of Two Cities",13
"was, to let everything go on in its own way; of particular public","A Tale of Two Cities",13
"business, Monseigneur had the other truly noble idea that it must all go","A Tale of Two Cities",13
"his way--tend to his own power and pocket. Of his pleasures, general and","A Tale of Two Cities",13
"particular, Monseigneur had the other truly noble idea, that the world","A Tale of Two Cities",13
"was made for them. The text of his order (altered from the original","A Tale of Two Cities",13
"by only a pronoun, which is not much) ran: “The earth and the fulness","A Tale of Two Cities",13
"thereof are mine, saith Monseigneur.”","A Tale of Two Cities",13
"","A Tale of Two Cities",13
"Yet, Monseigneur had slowly found that vulgar embarrassments crept into","A Tale of Two Cities",13
"his affairs, both private and public; and he had, as to both classes of","A Tale of Two Cities",13
"affairs, allied himself perforce with a Farmer-General. As to finances","A Tale of Two Cities",13
"public, because Monseigneur could not make anything at all of them, and","A Tale of Two Cities",13
"must consequently let them out to somebody who could; as to finances","A Tale of Two Cities",13
"private, because Farmer-Generals were rich, and Monseigneur, after","A Tale of Two Cities",13
"generations of great luxury and expense, was growing poor. Hence","A Tale of Two Cities",13
"Monseigneur had taken his sister from a convent, while there was yet","A Tale of Two Cities",13
"time to ward off the impending veil, the cheapest garment she could","A Tale of Two Cities",13
"wear, and had bestowed her as a prize upon a very rich Farmer-General,","A Tale of Two Cities",13
"poor in family. Which Farmer-General, carrying an appropriate cane with","A Tale of Two Cities",13
"a golden apple on the top of it, was now among the company in the outer","A Tale of Two Cities",13
"rooms, much prostrated before by mankind--always excepting superior","A Tale of Two Cities",13
"mankind of the blood of Monseigneur, who, his own wife included, looked","A Tale of Two Cities",13
"down upon him with the loftiest contempt.","A Tale of Two Cities",13
"","A Tale of Two Cities",13
"A sumptuous man was the Farmer-General. Thirty horses stood in his","A Tale of Two Cities",13
"stables, twenty-four male domestics sat in his halls, six body-women","A Tale of Two Cities",13
"waited on his wife. As one who pretended to do nothing but plunder and","A Tale of Two Cities",13
"forage where he could, the Farmer-General--howsoever his matrimonial","A Tale of Two Cities",13
"relations conduced to social morality--was at least the greatest reality","A Tale of Two Cities",13
"among the personages who attended at the hotel of Monseigneur that day.","A Tale of Two Cities",13
"","A Tale of Two Cities",13
"For, the rooms, though a beautiful scene to look at, and adorned with","A Tale of Two Cities",13
"every device of decoration that the taste and skill of the time could","A Tale of Two Cities",13
"achieve, were, in truth, not a sound business; considered with any","A Tale of Two Cities",13
"reference to the scarecrows in the rags and nightcaps elsewhere (and not","A Tale of Two Cities",13
"so far off, either, but that the watching towers of Notre Dame, almost","A Tale of Two Cities",13
"equidistant from the two extremes, could see them both), they would","A Tale of Two Cities",13
"have been an exceedingly uncomfortable business--if that could have","A Tale of Two Cities",13
"been anybody’s business, at the house of Monseigneur. Military officers","A Tale of Two Cities",13
"destitute of military knowledge; naval officers with no idea of a ship;","A Tale of Two Cities",13
"civil officers without a notion of affairs; brazen ecclesiastics, of the","A Tale of Two Cities",13
"worst world worldly, with sensual eyes, loose tongues, and looser lives;","A Tale of Two Cities",13
"all totally unfit for their several callings, all lying horribly in","A Tale of Two Cities",13
"pretending to belong to them, but all nearly or remotely of the order of","A Tale of Two Cities",13
"Monseigneur, and therefore foisted on all public employments from which","A Tale of Two Cities",13
"anything was to be got; these were to be told off by the score and the","A Tale of Two Cities",13
"score. People not immediately connected with Monseigneur or the State,","A Tale of Two Cities",13
"yet equally unconnected with anything that was real, or with lives","A Tale of Two Cities",13
"passed in travelling by any straight road to any true earthly end, were","A Tale of Two Cities",13
"no less abundant. Doctors who made great fortunes out of dainty remedies","A Tale of Two Cities",13
"for imaginary disorders that never existed, smiled upon their courtly","A Tale of Two Cities",13
"patients in the ante-chambers of Monseigneur. Projectors who had","A Tale of Two Cities",13
"discovered every kind of remedy for the little evils with which the","A Tale of Two Cities",13
"State was touched, except the remedy of setting to work in earnest to","A Tale of Two Cities",13
"root out a single sin, poured their distracting babble into any ears","A Tale of Two Cities",13
"they could lay hold of, at the reception of Monseigneur. Unbelieving","A Tale of Two Cities",13
"Philosophers who were remodelling the world with words, and making","A Tale of Two Cities",13
"card-towers of Babel to scale the skies with, talked with Unbelieving","A Tale of Two Cities",13
"Chemists who had an eye on the transmutation of metals, at this","A Tale of Two Cities",13
"wonderful gathering accumulated by Monseigneur. Exquisite gentlemen of","A Tale of Two Cities",13
"the finest breeding, which was at that remarkable time--and has been","A Tale of Two Cities",13
"since--to be known by its fruits of indifference to every natural","A Tale of Two Cities",13
"subject of human interest, were in the most exemplary state of","A Tale of Two Cities",13
"exhaustion, at the hotel of Monseigneur. Such homes had these various","A Tale of Two Cities",13
"notabilities left behind them in the fine world of Paris, that the spies","A Tale of Two Cities",13
"among the assembled devotees of Monseigneur--forming a goodly half","A Tale of Two Cities",13
"of the polite company--would have found it hard to discover among","A Tale of Two Cities",13
"the angels of that sphere one solitary wife, who, in her manners and","A Tale of Two Cities",13
"appearance, owned to being a Mother. Indeed, except for the mere act of","A Tale of Two Cities",13
"bringing a troublesome creature into this world--which does not go far","A Tale of Two Cities",13
"towards the realisation of the name of mother--there was no such thing","A Tale of Two Cities",13
"known to the fashion. Peasant women kept the unfashionable babies close,","A Tale of Two Cities",13
"and brought them up, and charming grandmammas of sixty dressed and","A Tale of Two Cities",13
"supped as at twenty.","A Tale of Two Cities",13
"","A Tale of Two Cities",13
"The leprosy of unreality disfigured every human creature in attendance","A Tale of Two Cities",13
"upon Monseigneur. In the outermost room were half a dozen exceptional","A Tale of Two Cities",13
"people who had had, for a few years, some vague misgiving in them that","A Tale of Two Cities",13
"things in general were going rather wrong. As a promising way of setting","A Tale of Two Cities",13
"them right, half of the half-dozen had become members of a fantastic","A Tale of Two Cities",13
"sect of Convulsionists, and were even then considering within themselves","A Tale of Two Cities",13
"whether they should foam, rage, roar, and turn cataleptic on the","A Tale of Two Cities",13
"spot--thereby setting up a highly intelligible finger-post to the","A Tale of Two Cities",13
"Future, for Monseigneur’s guidance. Besides these Dervishes, were other","A Tale of Two Cities",13
"three who had rushed into another sect, which mended matters with a","A Tale of Two Cities",13
"jargon about “the Centre of Truth:” holding that Man had got out of the","A Tale of Two Cities",13
"Centre of Truth--which did not need much demonstration--but had not got","A Tale of Two Cities",13
"out of the Circumference, and that he was to be kept from flying out of","A Tale of Two Cities",13
"the Circumference, and was even to be shoved back into the Centre,","A Tale of Two Cities",13
"by fasting and seeing of spirits. Among these, accordingly, much","A Tale of Two Cities",13
"discoursing with spirits went on--and it did a world of good which never","A Tale of Two Cities",13
"became manifest.","A Tale of Two Cities",13
"","A Tale of Two Cities",13
"But, the comfort was, that all the company at the grand hotel of","A Tale of Two Cities",13
"Monseigneur were perfectly dressed. If the Day of Judgment had only been","A Tale of Two Cities",13
"ascertained to be a dress day, everybody there would have been eternally","A Tale of Two Cities",13
"correct. Such frizzling and powdering and sticking up of hair, such","A Tale of Two Cities",13
"delicate complexions artificially preserved and mended, such gallant","A Tale of Two Cities",13
"swords to look at, and such delicate honour to the sense of smell, would","A Tale of Two Cities",13
"surely keep anything going, for ever and ever. The exquisite gentlemen","A Tale of Two Cities",13
"of the finest breeding wore little pendent trinkets that chinked as they","A Tale of Two Cities",13
"languidly moved; these golden fetters rang like precious little bells;","A Tale of Two Cities",13
"and what with that ringing, and with the rustle of silk and brocade and","A Tale of Two Cities",13
"fine linen, there was a flutter in the air that fanned Saint Antoine and","A Tale of Two Cities",13
"his devouring hunger far away.","A Tale of Two Cities",13
"","A Tale of Two Cities",13
"Dress was the one unfailing talisman and charm used for keeping all","A Tale of Two Cities",13
"things in their places. Everybody was dressed for a Fancy Ball that","A Tale of Two Cities",13
"was never to leave off. From the Palace of the Tuileries, through","A Tale of Two Cities",13
"Monseigneur and the whole Court, through the Chambers, the Tribunals","A Tale of Two Cities",13
"of Justice, and all society (except the scarecrows), the Fancy Ball","A Tale of Two Cities",13
"descended to the Common Executioner: who, in pursuance of the charm, was","A Tale of Two Cities",13
"required to officiate “frizzled, powdered, in a gold-laced coat, pumps,","A Tale of Two Cities",13
"and white silk stockings.” At the gallows and the wheel--the axe was a","A Tale of Two Cities",13
"rarity--Monsieur Paris, as it was the episcopal mode among his brother","A Tale of Two Cities",13
"Professors of the provinces, Monsieur Orleans, and the rest, to call","A Tale of Two Cities",13
"him, presided in this dainty dress. And who among the company at","A Tale of Two Cities",13
"Monseigneur’s reception in that seventeen hundred and eightieth year","A Tale of Two Cities",13
"of our Lord, could possibly doubt, that a system rooted in a frizzled","A Tale of Two Cities",13
"hangman, powdered, gold-laced, pumped, and white-silk stockinged, would","A Tale of Two Cities",13
"see the very stars out!","A Tale of Two Cities",13
"","A Tale of Two Cities",13
"Monseigneur having eased his four men of their burdens and taken his","A Tale of Two Cities",13
"chocolate, caused the doors of the Holiest of Holiests to be thrown","A Tale of Two Cities",13
"open, and issued forth. Then, what submission, what cringing and","A Tale of Two Cities",13
"fawning, what servility, what abject humiliation! As to bowing down in","A Tale of Two Cities",13
"body and spirit, nothing in that way was left for Heaven--which may have","A Tale of Two Cities",13
"been one among other reasons why the worshippers of Monseigneur never","A Tale of Two Cities",13
"troubled it.","A Tale of Two Cities",13
"","A Tale of Two Cities",13
"Bestowing a word of promise here and a smile there, a whisper on one","A Tale of Two Cities",13
"happy slave and a wave of the hand on another, Monseigneur affably","A Tale of Two Cities",13
"passed through his rooms to the remote region of the Circumference of","A Tale of Two Cities",13
"Truth. There, Monseigneur turned, and came back again, and so in due","A Tale of Two Cities",13
"course of time got himself shut up in his sanctuary by the chocolate","A Tale of Two Cities",13
"sprites, and was seen no more.","A Tale of Two Cities",13
"","A Tale of Two Cities",13
"The show being over, the flutter in the air became quite a little storm,","A Tale of Two Cities",13
"and the precious little bells went ringing downstairs. There was soon","A Tale of Two Cities",13
"but one person left of all the crowd, and he, with his hat under his arm","A Tale of Two Cities",13
"and his snuff-box in his hand, slowly passed among the mirrors on his","A Tale of Two Cities",13
"way out.","A Tale of Two Cities",13
"","A Tale of Two Cities",13
"“I devote you,” said this person, stopping at the last door on his way,","A Tale of Two Cities",13
"and turning in the direction of the sanctuary, “to the Devil!”","A Tale of Two Cities",13
"","A Tale of Two Cities",13
"With that, he shook the snuff from his fingers as if he had shaken the","A Tale of Two Cities",13
"dust from his feet, and quietly walked downstairs.","A Tale of Two Cities",13
"","A Tale of Two Cities",13
"He was a man of about sixty, handsomely dressed, haughty in manner, and","A Tale of Two Cities",13
"with a face like a fine mask. A face of a transparent paleness; every","A Tale of Two Cities",13
"feature in it clearly defined; one set expression on it. The nose,","A Tale of Two Cities",13
"beautifully formed otherwise, was very slightly pinched at the top","A Tale of Two Cities",13
"of each nostril. In those two compressions, or dints, the only little","A Tale of Two Cities",13
"change that the face ever showed, resided. They persisted in changing","A Tale of Two Cities",13
"colour sometimes, and they would be occasionally dilated and contracted","A Tale of Two Cities",13
"by something like a faint pulsation; then, they gave a look of","A Tale of Two Cities",13
"treachery, and cruelty, to the whole countenance. Examined with","A Tale of Two Cities",13
"attention, its capacity of helping such a look was to be found in the","A Tale of Two Cities",13
"line of the mouth, and the lines of the orbits of the eyes, being much","A Tale of Two Cities",13
"too horizontal and thin; still, in the effect of the face made, it was a","A Tale of Two Cities",13
"handsome face, and a remarkable one.","A Tale of Two Cities",13
"","A Tale of Two Cities",13
"Its owner went downstairs into the courtyard, got into his carriage, and","A Tale of Two Cities",13
"drove away. Not many people had talked with him at the reception; he had","A Tale of Two Cities",13
"stood in a little space apart, and Monseigneur might have been warmer","A Tale of Two Cities",13
"in his manner. It appeared, under the circumstances, rather agreeable","A Tale of Two Cities",13
"to him to see the common people dispersed before his horses, and","A Tale of Two Cities",13
"often barely escaping from being run down. His man drove as if he were","A Tale of Two Cities",13
"charging an enemy, and the furious recklessness of the man brought no","A Tale of Two Cities",13
"check into the face, or to the lips, of the master. The complaint had","A Tale of Two Cities",13
"sometimes made itself audible, even in that deaf city and dumb age,","A Tale of Two Cities",13
"that, in the narrow streets without footways, the fierce patrician","A Tale of Two Cities",13
"custom of hard driving endangered and maimed the mere vulgar in a","A Tale of Two Cities",13
"barbarous manner. But, few cared enough for that to think of it a second","A Tale of Two Cities",13
"time, and, in this matter, as in all others, the common wretches were","A Tale of Two Cities",13
"left to get out of their difficulties as they could.","A Tale of Two Cities",13
"","A Tale of Two Cities",13
"With a wild rattle and clatter, and an inhuman abandonment of","A Tale of Two Cities",13
"consideration not easy to be understood in these days, the carriage","A Tale of Two Cities",13
"dashed through streets and swept round corners, with women screaming","A Tale of Two Cities",13
"before it, and men clutching each other and clutching children out of","A Tale of Two Cities",13
"its way. At last, swooping at a street corner by a fountain, one of its","A Tale of Two Cities",13
"wheels came to a sickening little jolt, and there was a loud cry from a","A Tale of Two Cities",13
"number of voices, and the horses reared and plunged.","A Tale of Two Cities",13
"","A Tale of Two Cities",13
"But for the latter inconvenience, the carriage probably would not have","A Tale of Two Cities",13
"stopped; carriages were often known to drive on, and leave their wounded","A Tale of Two Cities",13
"behind, and why not? But the frightened valet had got down in a hurry,","A Tale of Two Cities",13
"and there were twenty hands at the horses’ bridles.","A Tale of Two Cities",13
"","A Tale of Two Cities",13
"“What has gone wrong?” said Monsieur, calmly looking out.","A Tale of Two Cities",13
"","A Tale of Two Cities",13
"A tall man in a nightcap had caught up a bundle from among the feet of","A Tale of Two Cities",13
"the horses, and had laid it on the basement of the fountain, and was","A Tale of Two Cities",13
"down in the mud and wet, howling over it like a wild animal.","A Tale of Two Cities",13
"","A Tale of Two Cities",13
"“Pardon, Monsieur the Marquis!” said a ragged and submissive man, “it is","A Tale of Two Cities",13
"a child.”","A Tale of Two Cities",13
"","A Tale of Two Cities",13
"“Why does he make that abominable noise? Is it his child?”","A Tale of Two Cities",13
"","A Tale of Two Cities",13
"“Excuse me, Monsieur the Marquis--it is a pity--yes.”","A Tale of Two Cities",13
"","A Tale of Two Cities",13
"The fountain was a little removed; for the street opened, where it was,","A Tale of Two Cities",13
"into a space some ten or twelve yards square. As the tall man suddenly","A Tale of Two Cities",13
"got up from the ground, and came running at the carriage, Monsieur the","A Tale of Two Cities",13
"Marquis clapped his hand for an instant on his sword-hilt.","A Tale of Two Cities",13
"","A Tale of Two Cities",13
"“Killed!” shrieked the man, in wild desperation, extending both arms at","A Tale of Two Cities",13
"their length above his head, and staring at him. “Dead!”","A Tale of Two Cities",13
"","A Tale of Two Cities",13
"The people closed round, and looked at Monsieur the Marquis. There was","A Tale of Two Cities",13
"nothing revealed by the many eyes that looked at him but watchfulness","A Tale of Two Cities",13
"and eagerness; there was no visible menacing or anger. Neither did the","A Tale of Two Cities",13
"people say anything; after the first cry, they had been silent, and they","A Tale of Two Cities",13
"remained so. The voice of the submissive man who had spoken, was flat","A Tale of Two Cities",13
"and tame in its extreme submission. Monsieur the Marquis ran his eyes","A Tale of Two Cities",13
"over them all, as if they had been mere rats come out of their holes.","A Tale of Two Cities",13
"","A Tale of Two Cities",13
"He took out his purse.","A Tale of Two Cities",13
"","A Tale of Two Cities",13
"“It is extraordinary to me,” said he, “that you people cannot take care","A Tale of Two Cities",13
"of yourselves and your children. One or the other of you is for ever in","A Tale of Two Cities",13
"the way. How do I know what injury you have done my horses. See! Give","A Tale of Two Cities",13
"him that.”","A Tale of Two Cities",13
"","A Tale of Two Cities",13
"He threw out a gold coin for the valet to pick up, and all the heads","A Tale of Two Cities",13
"craned forward that all the eyes might look down at it as it fell. The","A Tale of Two Cities",13
"tall man called out again with a most unearthly cry, “Dead!”","A Tale of Two Cities",13
"","A Tale of Two Cities",13
"He was arrested by the quick arrival of another man, for whom the rest","A Tale of Two Cities",13
"made way. On seeing him, the miserable creature fell upon his shoulder,","A Tale of Two Cities",13
"sobbing and crying, and pointing to the fountain, where some women were","A Tale of Two Cities",13
"stooping over the motionless bundle, and moving gently about it. They","A Tale of Two Cities",13
"were as silent, however, as the men.","A Tale of Two Cities",13
"","A Tale of Two Cities",13
"“I know all, I know all,” said the last comer. “Be a brave man, my","A Tale of Two Cities",13
"Gaspard! It is better for the poor little plaything to die so, than to","A Tale of Two Cities",13
"live. It has died in a moment without pain. Could it have lived an hour","A Tale of Two Cities",13
"as happily?”","A Tale of Two Cities",13
"","A Tale of Two Cities",13
"“You are a philosopher, you there,” said the Marquis, smiling. “How do","A Tale of Two Cities",13
"they call you?”","A Tale of Two Cities",13
"","A Tale of Two Cities",13
"“They call me Defarge.”","A Tale of Two Cities",13
"","A Tale of Two Cities",13
"“Of what trade?”","A Tale of Two Cities",13
"","A Tale of Two Cities",13
"“Monsieur the Marquis, vendor of wine.”","A Tale of Two Cities",13
"","A Tale of Two Cities",13
"“Pick up that, philosopher and vendor of wine,” said the Marquis,","A Tale of Two Cities",13
"throwing him another gold coin, “and spend it as you will. The horses","A Tale of Two Cities",13
"there; are they right?”","A Tale of Two Cities",13
"","A Tale of Two Cities",13
"Without deigning to look at the assemblage a second time, Monsieur the","A Tale of Two Cities",13
"Marquis leaned back in his seat, and was just being driven away with the","A Tale of Two Cities",13
"air of a gentleman who had accidentally broke some common thing, and had","A Tale of Two Cities",13
"paid for it, and could afford to pay for it; when his ease was suddenly","A Tale of Two Cities",13
"disturbed by a coin flying into his carriage, and ringing on its floor.","A Tale of Two Cities",13
"","A Tale of Two Cities",13
"“Hold!” said Monsieur the Marquis. “Hold the horses! Who threw that?”","A Tale of Two Cities",13
"","A Tale of Two Cities",13
"He looked to the spot where Defarge the vendor of wine had stood, a","A Tale of Two Cities",13
"moment before; but the wretched father was grovelling on his face on","A Tale of Two Cities",13
"the pavement in that spot, and the figure that stood beside him was the","A Tale of Two Cities",13
"figure of a dark stout woman, knitting.","A Tale of Two Cities",13
"","A Tale of Two Cities",13
"“You dogs!” said the Marquis, but smoothly, and with an unchanged front,","A Tale of Two Cities",13
"except as to the spots on his nose: “I would ride over any of you very","A Tale of Two Cities",13
"willingly, and exterminate you from the earth. If I knew which rascal","A Tale of Two Cities",13
"threw at the carriage, and if that brigand were sufficiently near it, he","A Tale of Two Cities",13
"should be crushed under the wheels.”","A Tale of Two Cities",13
"","A Tale of Two Cities",13
"So cowed was their condition, and so long and hard their experience of","A Tale of Two Cities",13
"what such a man could do to them, within the law and beyond it, that not","A Tale of Two Cities",13
"a voice, or a hand, or even an eye was raised. Among the men, not one.","A Tale of Two Cities",13
"But the woman who stood knitting looked up steadily, and looked the","A Tale of Two Cities",13
"Marquis in the face. It was not for his dignity to notice it; his","A Tale of Two Cities",13
"contemptuous eyes passed over her, and over all the other rats; and he","A Tale of Two Cities",13
"leaned back in his seat again, and gave the word “Go on!”","A Tale of Two Cities",13
"","A Tale of Two Cities",13
"He was driven on, and other carriages came whirling by in quick","A Tale of Two Cities",13
"succession; the Minister, the State-Projector, the Farmer-General, the","A Tale of Two Cities",13
"Doctor, the Lawyer, the Ecclesiastic, the Grand Opera, the Comedy, the","A Tale of Two Cities",13
"whole Fancy Ball in a bright continuous flow, came whirling by. The rats","A Tale of Two Cities",13
"had crept out of their holes to look on, and they remained looking","A Tale of Two Cities",13
"on for hours; soldiers and police often passing between them and the","A Tale of Two Cities",13
"spectacle, and making a barrier behind which they slunk, and through","A Tale of Two Cities",13
"which they peeped. The father had long ago taken up his bundle and","A Tale of Two Cities",13
"bidden himself away with it, when the women who had tended the bundle","A Tale of Two Cities",13
"while it lay on the base of the fountain, sat there watching the running","A Tale of Two Cities",13
"of the water and the rolling of the Fancy Ball--when the one woman who","A Tale of Two Cities",13
"had stood conspicuous, knitting, still knitted on with the steadfastness","A Tale of Two Cities",13
"of Fate. The water of the fountain ran, the swift river ran, the day ran","A Tale of Two Cities",13
"into evening, so much life in the city ran into death according to rule,","A Tale of Two Cities",13
"time and tide waited for no man, the rats were sleeping close together","A Tale of Two Cities",13
"in their dark holes again, the Fancy Ball was lighted up at supper, all","A Tale of Two Cities",13
"things ran their course.","A Tale of Two Cities",13
"","A Tale of Two Cities",13
"","A Tale of Two Cities",13
"","A Tale of Two Cities",13
"","A Tale of Two Cities",13
"CHAPTER XVII.","A Tale of Two Cities",23
"One Night","A Tale of Two Cities",23
"","A Tale of Two Cities",23
"","A Tale of Two Cities",23
"Never did the sun go down with a brighter glory on the quiet corner in","A Tale of Two Cities",23
"Soho, than one memorable evening when the Doctor and his daughter sat","A Tale of Two Cities",23
"under the plane-tree together. Never did the moon rise with a milder","A Tale of Two Cities",23
"radiance over great London, than on that night when it found them still","A Tale of Two Cities",23
"seated under the tree, and shone upon their faces through its leaves.","A Tale of Two Cities",23
"","A Tale of Two Cities",23
"Lucie was to be married to-morrow. She had reserved this last evening","A Tale of Two Cities",23
"for her father, and they sat alone under the plane-tree.","A Tale of Two Cities",23
"","A Tale of Two Cities",23
"“You are happy, my dear father?”","A Tale of Two Cities",23
"","A Tale of Two Cities",23
"“Quite, my child.”","A Tale of Two Cities",23
"","A Tale of Two Cities",23
"They had said little, though they had been there a long time. When it","A Tale of Two Cities",23
"was yet light enough to work and read, she had neither engaged herself","A Tale of Two Cities",23
"in her usual work, nor had she read to him. She had employed herself in","A Tale of Two Cities",23
"both ways, at his side under the tree, many and many a time; but, this","A Tale of Two Cities",23
"time was not quite like any other, and nothing could make it so.","A Tale of Two Cities",23
"","A Tale of Two Cities",23
"“And I am very happy to-night, dear father. I am deeply happy in the","A Tale of Two Cities",23
"love that Heaven has so blessed--my love for Charles, and Charles’s love","A Tale of Two Cities",23
"for me. But, if my life were not to be still consecrated to you, or","A Tale of Two Cities",23
"if my marriage were so arranged as that it would part us, even by","A Tale of Two Cities",23
"the length of a few of these streets, I should be more unhappy and","A Tale of Two Cities",23
"self-reproachful now than I can tell you. Even as it is--”","A Tale of Two Cities",23
"","A Tale of Two Cities",23
"Even as it was, she could not command her voice.","A Tale of Two Cities",23
"","A Tale of Two Cities",23
"In the sad moonlight, she clasped him by the neck, and laid her face","A Tale of Two Cities",23
"upon his breast. In the moonlight which is always sad, as the light of","A Tale of Two Cities",23
"the sun itself is--as the light called human life is--at its coming and","A Tale of Two Cities",23
"its going.","A Tale of Two Cities",23
"","A Tale of Two Cities",23
"“Dearest dear! Can you tell me, this last time, that you feel quite,","A Tale of Two Cities",23
"quite sure, no new affections of mine, and no new duties of mine, will","A Tale of Two Cities",23
"ever interpose between us? _I_ know it well, but do you know it? In your","A Tale of Two Cities",23
"own heart, do you feel quite certain?”","A Tale of Two Cities",23
"","A Tale of Two Cities",23
"Her father answered, with a cheerful firmness of conviction he could","A Tale of Two Cities",23
"scarcely have assumed, “Quite sure, my darling! More than that,” he","A Tale of Two Cities",23
"added, as he tenderly kissed her: “my future is far brighter, Lucie,","A Tale of Two Cities",23
"seen through your marriage, than it could have been--nay, than it ever","A Tale of Two Cities",23
"was--without it.”","A Tale of Two Cities",23
"","A Tale of Two Cities",23
"“If I could hope _that_, my father!--”","A Tale of Two Cities",23
"","A Tale of Two Cities",23
"“Believe it, love! Indeed it is so. Consider how natural and how plain","A Tale of Two Cities",23
"it is, my dear, that it should be so. You, devoted and young, cannot","A Tale of Two Cities",23
"fully appreciate the anxiety I have felt that your life should not be","A Tale of Two Cities",23
"wasted--”","A Tale of Two Cities",23
"","A Tale of Two Cities",23
"She moved her hand towards his lips, but he took it in his, and repeated","A Tale of Two Cities",23
"the word.","A Tale of Two Cities",23
"","A Tale of Two Cities",23
"“--wasted, my child--should not be wasted, struck aside from the","A Tale of Two Cities",23
"natural order of things--for my sake. Your unselfishness cannot entirely","A Tale of Two Cities",23
"comprehend how much my mind has gone on this; but, only ask yourself,","A Tale of Two Cities",23
"how could my happiness be perfect, while yours was incomplete?”","A Tale of Two Cities",23
"","A Tale of Two Cities",23
"“If I had never seen Charles, my father, I should have been quite happy","A Tale of Two Cities",23
"with you.”","A Tale of Two Cities",23
"","A Tale of Two Cities",23
"He smiled at her unconscious admission that she would have been unhappy","A Tale of Two Cities",23
"without Charles, having seen him; and replied:","A Tale of Two Cities",23
"","A Tale of Two Cities",23
"“My child, you did see him, and it is Charles. If it had not been","A Tale of Two Cities",23
"Charles, it would have been another. Or, if it had been no other, I","A Tale of Two Cities",23
"should have been the cause, and then the dark part of my life would have","A Tale of Two Cities",23
"cast its shadow beyond myself, and would have fallen on you.”","A Tale of Two Cities",23
"","A Tale of Two Cities",23
"It was the first time, except at the trial, of her ever hearing him","A Tale of Two Cities",23
"refer to the period of his suffering. It gave her a strange and new","A Tale of Two Cities",23
"sensation while his words were in her ears; and she remembered it long","A Tale of Two Cities",23
"afterwards.","A Tale of Two Cities",23
"","A Tale of Two Cities",23
"“See!” said the Doctor of Beauvais, raising his hand towards the moon.","A Tale of Two Cities",23
"“I have looked at her from my prison-window, when I could not bear her","A Tale of Two Cities",23
"light. I have looked at her when it has been such torture to me to think","A Tale of Two Cities",23
"of her shining upon what I had lost, that I have beaten my head against","A Tale of Two Cities",23
"my prison-walls. I have looked at her, in a state so dull and lethargic,","A Tale of Two Cities",23
"that I have thought of nothing but the number of horizontal lines I","A Tale of Two Cities",23
"could draw across her at the full, and the number of perpendicular lines","A Tale of Two Cities",23
"with which I could intersect them.” He added in his inward and pondering","A Tale of Two Cities",23
"manner, as he looked at the moon, “It was twenty either way, I remember,","A Tale of Two Cities",23
"and the twentieth was difficult to squeeze in.”","A Tale of Two Cities",23
"","A Tale of Two Cities",23
"The strange thrill with which she heard him go back to that time,","A Tale of Two Cities",23
"deepened as he dwelt upon it; but, there was nothing to shock her in","A Tale of Two Cities",23
"the manner of his reference. He only seemed to contrast his present","A Tale of Two Cities",23
"cheerfulness and felicity with the dire endurance that was over.","A Tale of Two Cities",23
"","A Tale of Two Cities",23
"“I have looked at her, speculating thousands of times upon the unborn","A Tale of Two Cities",23
"child from whom I had been rent. Whether it was alive. Whether it had","A Tale of Two Cities",23
"been born alive, or the poor mother’s shock had killed it. Whether it","A Tale of Two Cities",23
"was a son who would some day avenge his father. (There was a time in my","A Tale of Two Cities",23
"imprisonment, when my desire for vengeance was unbearable.) Whether it","A Tale of Two Cities",23
"was a son who would never know his father’s story; who might even live","A Tale of Two Cities",23
"to weigh the possibility of his father’s having disappeared of his own","A Tale of Two Cities",23
"will and act. Whether it was a daughter who would grow to be a woman.”","A Tale of Two Cities",23
"","A Tale of Two Cities",23
"She drew closer to him, and kissed his cheek and his hand.","A Tale of Two Cities",23
"","A Tale of Two Cities",23
"“I have pictured my daughter, to myself, as perfectly forgetful of","A Tale of Two Cities",23
"me--rather, altogether ignorant of me, and unconscious of me. I have","A Tale of Two Cities",23
"cast up the years of her age, year after year. I have seen her married","A Tale of Two Cities",23
"to a man who knew nothing of my fate. I have altogether perished from","A Tale of Two Cities",23
"the remembrance of the living, and in the next generation my place was a","A Tale of Two Cities",23
"blank.”","A Tale of Two Cities",23
"","A Tale of Two Cities",23
"“My father! Even to hear that you had such thoughts of a daughter who","A Tale of Two Cities",23
"never existed, strikes to my heart as if I had been that child.”","A Tale of Two Cities",23
"","A Tale of Two Cities",23
"“You, Lucie? It is out of the Consolation and restoration you have","A Tale of Two Cities",23
"brought to me, that these remembrances arise, and pass between us and","A Tale of Two Cities",23
"the moon on this last night.--What did I say just now?”","A Tale of Two Cities",23
"","A Tale of Two Cities",23
"“She knew nothing of you. She cared nothing for you.”","A Tale of Two Cities",23
"","A Tale of Two Cities",23
"“So! But on other moonlight nights, when the sadness and the silence","A Tale of Two Cities",23
"have touched me in a different way--have affected me with something as","A Tale of Two Cities",23
"like a sorrowful sense of peace, as any emotion that had pain for its","A Tale of Two Cities",23
"foundations could--I have imagined her as coming to me in my cell, and","A Tale of Two Cities",23
"leading me out into the freedom beyond the fortress. I have seen her","A Tale of Two Cities",23
"image in the moonlight often, as I now see you; except that I never held","A Tale of Two Cities",23
"her in my arms; it stood between the little grated window and the door.","A Tale of Two Cities",23
"But, you understand that that was not the child I am speaking of?”","A Tale of Two Cities",23
"","A Tale of Two Cities",23
"“The figure was not; the--the--image; the fancy?”","A Tale of Two Cities",23
"","A Tale of Two Cities",23
"“No. That was another thing. It stood before my disturbed sense of","A Tale of Two Cities",23
"sight, but it never moved. The phantom that my mind pursued, was another","A Tale of Two Cities",23
"and more real child. Of her outward appearance I know no more than","A Tale of Two Cities",23
"that she was like her mother. The other had that likeness too--as you","A Tale of Two Cities",23
"have--but was not the same. Can you follow me, Lucie? Hardly, I think?","A Tale of Two Cities",23
"I doubt you must have been a solitary prisoner to understand these","A Tale of Two Cities",23
"perplexed distinctions.”","A Tale of Two Cities",23
"","A Tale of Two Cities",23
"His collected and calm manner could not prevent her blood from running","A Tale of Two Cities",23
"cold, as he thus tried to anatomise his old condition.","A Tale of Two Cities",23
"","A Tale of Two Cities",23
"“In that more peaceful state, I have imagined her, in the moonlight,","A Tale of Two Cities",23
"coming to me and taking me out to show me that the home of her married","A Tale of Two Cities",23
"life was full of her loving remembrance of her lost father. My picture","A Tale of Two Cities",23
"was in her room, and I was in her prayers. Her life was active,","A Tale of Two Cities",23
"cheerful, useful; but my poor history pervaded it all.”","A Tale of Two Cities",23
"","A Tale of Two Cities",23
"“I was that child, my father, I was not half so good, but in my love","A Tale of Two Cities",23
"that was I.”","A Tale of Two Cities",23
"","A Tale of Two Cities",23
"“And she showed me her children,” said the Doctor of Beauvais, “and","A Tale of Two Cities",23
"they had heard of me, and had been taught to pity me. When they passed","A Tale of Two Cities",23
"a prison of the State, they kept far from its frowning walls, and looked","A Tale of Two Cities",23
"up at its bars, and spoke in whispers. She could never deliver me; I","A Tale of Two Cities",23
"imagined that she always brought me back after showing me such things.","A Tale of Two Cities",23
"But then, blessed with the relief of tears, I fell upon my knees, and","A Tale of Two Cities",23
"blessed her.”","A Tale of Two Cities",23
"","A Tale of Two Cities",23
"“I am that child, I hope, my father. O my dear, my dear, will you bless","A Tale of Two Cities",23
"me as fervently to-morrow?”","A Tale of Two Cities",23
"","A Tale of Two Cities",23
"“Lucie, I recall these old troubles in the reason that I have to-night","A Tale of Two Cities",23
"for loving you better than words can tell, and thanking God for my great","A Tale of Two Cities",23
"happiness. My thoughts, when they were wildest, never rose near the","A Tale of Two Cities",23
"happiness that I have known with you, and that we have before us.”","A Tale of Two Cities",23
"","A Tale of Two Cities",23
"He embraced her, solemnly commended her to Heaven, and humbly thanked","A Tale of Two Cities",23
"Heaven for having bestowed her on him. By-and-bye, they went into the","A Tale of Two Cities",23
"house.","A Tale of Two Cities",23
"","A Tale of Two Cities",23
"There was no one bidden to the marriage but Mr. Lorry; there was even to","A Tale of Two Cities",23
"be no bridesmaid but the gaunt Miss Pross. The marriage was to make no","A Tale of Two Cities",23
"change in their place of residence; they had been able to extend it,","A Tale of Two Cities",23
"by taking to themselves the upper rooms formerly belonging to the","A Tale of Two Cities",23
"apocryphal invisible lodger, and they desired nothing more.","A Tale of Two Cities",23
"","A Tale of Two Cities",23
"Doctor Manette was very cheerful at the little supper. They were only","A Tale of Two Cities",23
"three at table, and Miss Pross made the third. He regretted that Charles","A Tale of Two Cities",23
"was not there; was more than half disposed to object to the loving","A Tale of Two Cities",23
"little plot that kept him away; and drank to him affectionately.","A Tale of Two Cities",23
"","A Tale of Two Cities",23
"So, the time came for him to bid Lucie good night, and they separated.","A Tale of Two Cities",23
"But, in the stillness of the third hour of the morning, Lucie came","A Tale of Two Cities",23
"downstairs again, and stole into his room; not free from unshaped fears,","A Tale of Two Cities",23
"beforehand.","A Tale of Two Cities",23
"","A Tale of Two Cities",23
"All things, however, were in their places; all was quiet; and he lay","A Tale of Two Cities",23
"asleep, his white hair picturesque on the untroubled pillow, and his","A Tale of Two Cities",23
"hands lying quiet on the coverlet. She put her needless candle in the","A Tale of Two Cities",23
"shadow at a distance, crept up to his bed, and put her lips to his;","A Tale of Two Cities",23
"then, leaned over him, and looked at him.","A Tale of Two Cities",23
"","A Tale of Two Cities",23
"Into his handsome face, the bitter waters of captivity had worn; but, he","A Tale of Two Cities",23
"covered up their tracks with a determination so strong, that he held the","A Tale of Two Cities",23
"mastery of them even in his sleep. A more remarkable face in its quiet,","A Tale of Two Cities",23
"resolute, and guarded struggle with an unseen assailant, was not to be","A Tale of Two Cities",23
"beheld in all the wide dominions of sleep, that night.","A Tale of Two Cities",23
"","A Tale of Two Cities",23
"She timidly laid her hand on his dear breast, and put up a prayer that","A Tale of Two Cities",23
"she might ever be as true to him as her love aspired to be, and as his","A Tale of Two Cities",23
"sorrows deserved. Then, she withdrew her hand, and kissed his lips once","A Tale of Two Cities",23
"more, and went away. So, the sunrise came, and the shadows of the leaves","A Tale of Two Cities",23
"of the plane-tree moved upon his face, as softly as her lips had moved","A Tale of Two Cities",23
"in praying for him.","A Tale of Two Cities",23
"","A Tale of Two Cities",23
"","A Tale of Two Cities",23
"","A Tale of Two Cities",23
"","A Tale of Two Cities",23
"CHAPTER XX.","A Tale of Two Cities",26
"A Plea","A Tale of Two Cities",26
"","A Tale of Two Cities",26
"","A Tale of Two Cities",26
"When the newly-married pair came home, the first person who appeared, to","A Tale of Two Cities",26
"offer his congratulations, was Sydney Carton. They had not been at home","A Tale of Two Cities",26
"many hours, when he presented himself. He was not improved in habits, or","A Tale of Two Cities",26
"in looks, or in manner; but there was a certain rugged air of fidelity","A Tale of Two Cities",26
"about him, which was new to the observation of Charles Darnay.","A Tale of Two Cities",26
"","A Tale of Two Cities",26
"He watched his opportunity of taking Darnay aside into a window, and of","A Tale of Two Cities",26
"speaking to him when no one overheard.","A Tale of Two Cities",26
"","A Tale of Two Cities",26
"“Mr. Darnay,” said Carton, “I wish we might be friends.”","A Tale of Two Cities",26
"","A Tale of Two Cities",26
"“We are already friends, I hope.”","A Tale of Two Cities",26
"","A Tale of Two Cities",26
"“You are good enough to say so, as a fashion of speech; but, I don’t","A Tale of Two Cities",26
"mean any fashion of speech. Indeed, when I say I wish we might be","A Tale of Two Cities",26
"friends, I scarcely mean quite that, either.”","A Tale of Two Cities",26
"","A Tale of Two Cities",26
"Charles Darnay--as was natural--asked him, in all good-humour and","A Tale of Two Cities",26
"good-fellowship, what he did mean?","A Tale of Two Cities",26
"","A Tale of Two Cities",26
"“Upon my life,” said Carton, smiling, “I find that easier to comprehend","A Tale of Two Cities",26
"in my own mind, than to convey to yours. However, let me try. You","A Tale of Two Cities",26
"remember a certain famous occasion when I was more drunk than--than","A Tale of Two Cities",26
"usual?”","A Tale of Two Cities",26
"","A Tale of Two Cities",26
"“I remember a certain famous occasion when you forced me to confess that","A Tale of Two Cities",26
"you had been drinking.”","A Tale of Two Cities",26
"","A Tale of Two Cities",26
"“I remember it too. The curse of those occasions is heavy upon me, for I","A Tale of Two Cities",26
"always remember them. I hope it may be taken into account one day,","A Tale of Two Cities",26
"when all days are at an end for me! Don’t be alarmed; I am not going to","A Tale of Two Cities",26
"preach.”","A Tale of Two Cities",26
"","A Tale of Two Cities",26
"“I am not at all alarmed. Earnestness in you, is anything but alarming","A Tale of Two Cities",26
"to me.”","A Tale of Two Cities",26
"","A Tale of Two Cities",26
"“Ah!” said Carton, with a careless wave of his hand, as if he waved that","A Tale of Two Cities",26
"away. “On the drunken occasion in question (one of a large number, as","A Tale of Two Cities",26
"you know), I was insufferable about liking you, and not liking you. I","A Tale of Two Cities",26
"wish you would forget it.”","A Tale of Two Cities",26
"","A Tale of Two Cities",26
"“I forgot it long ago.”","A Tale of Two Cities",26
"","A Tale of Two Cities",26
"“Fashion of speech again! But, Mr. Darnay, oblivion is not so easy to","A Tale of Two Cities",26
"me, as you represent it to be to you. I have by no means forgotten it,","A Tale of Two Cities",26
"and a light answer does not help me to forget it.”","A Tale of Two Cities",26
"","A Tale of Two Cities",26
"“If it was a light answer,” returned Darnay, “I beg your forgiveness","A Tale of Two Cities",26
"for it. I had no other object than to turn a slight thing, which, to my","A Tale of Two Cities",26
"surprise, seems to trouble you too much, aside. I declare to you, on the","A Tale of Two Cities",26
"faith of a gentleman, that I have long dismissed it from my mind. Good","A Tale of Two Cities",26
"Heaven, what was there to dismiss! Have I had nothing more important to","A Tale of Two Cities",26
"remember, in the great service you rendered me that day?”","A Tale of Two Cities",26
"","A Tale of Two Cities",26
"“As to the great service,” said Carton, “I am bound to avow to you, when","A Tale of Two Cities",26
"you speak of it in that way, that it was mere professional claptrap, I","A Tale of Two Cities",26
"don’t know that I cared what became of you, when I rendered it.--Mind! I","A Tale of Two Cities",26
"say when I rendered it; I am speaking of the past.”","A Tale of Two Cities",26
"","A Tale of Two Cities",26
"“You make light of the obligation,” returned Darnay, “but I will not","A Tale of Two Cities",26
"quarrel with _your_ light answer.”","A Tale of Two Cities",26
"","A Tale of Two Cities",26
"“Genuine truth, Mr. Darnay, trust me! I have gone aside from my purpose;","A Tale of Two Cities",26
"I was speaking about our being friends. Now, you know me; you know I am","A Tale of Two Cities",26
"incapable of all the higher and better flights of men. If you doubt it,","A Tale of Two Cities",26
"ask Stryver, and he’ll tell you so.”","A Tale of Two Cities",26
"","A Tale of Two Cities",26
"“I prefer to form my own opinion, without the aid of his.”","A Tale of Two Cities",26
"","A Tale of Two Cities",26
"“Well! At any rate you know me as a dissolute dog, who has never done","A Tale of Two Cities",26
"any good, and never will.”","A Tale of Two Cities",26
"","A Tale of Two Cities",26
"“I don’t know that you ‘never will.’”","A Tale of Two Cities",26
"","A Tale of Two Cities",26
"“But I do, and you must take my word for it. Well! If you could endure","A Tale of Two Cities",26
"to have such a worthless fellow, and a fellow of such indifferent","A Tale of Two Cities",26
"reputation, coming and going at odd times, I should ask that I might be","A Tale of Two Cities",26
"permitted to come and go as a privileged person here; that I might","A Tale of Two Cities",26
"be regarded as an useless (and I would add, if it were not for the","A Tale of Two Cities",26
"resemblance I detected between you and me, an unornamental) piece of","A Tale of Two Cities",26
"furniture, tolerated for its old service, and taken no notice of. I","A Tale of Two Cities",26
"doubt if I should abuse the permission. It is a hundred to one if I","A Tale of Two Cities",26
"should avail myself of it four times in a year. It would satisfy me, I","A Tale of Two Cities",26
"dare say, to know that I had it.”","A Tale of Two Cities",26
"","A Tale of Two Cities",26
"“Will you try?”","A Tale of Two Cities",26
"","A Tale of Two Cities",26
"“That is another way of saying that I am placed on the footing I have","A Tale of Two Cities",26
"indicated. I thank you, Darnay. I may use that freedom with your name?”","A Tale of Two Cities",26
"","A Tale of Two Cities",26
"“I think so, Carton, by this time.”","A Tale of Two Cities",26
"","A Tale of Two Cities",26
"They shook hands upon it, and Sydney turned away. Within a minute","A Tale of Two Cities",26
"afterwards, he was, to all outward appearance, as unsubstantial as ever.","A Tale of Two Cities",26
"","A Tale of Two Cities",26
"When he was gone, and in the course of an evening passed with Miss","A Tale of Two Cities",26
"Pross, the Doctor, and Mr. Lorry, Charles Darnay made some mention of","A Tale of Two Cities",26
"this conversation in general terms, and spoke of Sydney Carton as a","A Tale of Two Cities",26
"problem of carelessness and recklessness. He spoke of him, in short, not","A Tale of Two Cities",26
"bitterly or meaning to bear hard upon him, but as anybody might who saw","A Tale of Two Cities",26
"him as he showed himself.","A Tale of Two Cities",26
"","A Tale of Two Cities",26
"He had no idea that this could dwell in the thoughts of his fair young","A Tale of Two Cities",26
"wife; but, when he afterwards joined her in their own rooms, he found","A Tale of Two Cities",26
"her waiting for him with the old pretty lifting of the forehead strongly","A Tale of Two Cities",26
"marked.","A Tale of Two Cities",26
"","A Tale of Two Cities",26
"“We are thoughtful to-night!” said Darnay, drawing his arm about her.","A Tale of Two Cities",26
"","A Tale of Two Cities",26
"“Yes, dearest Charles,” with her hands on his breast, and the inquiring","A Tale of Two Cities",26
"and attentive expression fixed upon him; “we are rather thoughtful","A Tale of Two Cities",26
"to-night, for we have something on our mind to-night.”","A Tale of Two Cities",26
"","A Tale of Two Cities",26
"“What is it, my Lucie?”","A Tale of Two Cities",26
"","A Tale of Two Cities",26
"“Will you promise not to press one question on me, if I beg you not to","A Tale of Two Cities",26
"ask it?”","A Tale of Two Cities",26
"","A Tale of Two Cities",26
"“Will I promise? What will I not promise to my Love?”","A Tale of Two Cities",26
"","A Tale of Two Cities",26
"What, indeed, with his hand putting aside the golden hair from the","A Tale of Two Cities",26
"cheek, and his other hand against the heart that beat for him!","A Tale of Two Cities",26
"","A Tale of Two Cities",26
"“I think, Charles, poor Mr. Carton deserves more consideration and","A Tale of Two Cities",26
"respect than you expressed for him to-night.”","A Tale of Two Cities",26
"","A Tale of Two Cities",26
"“Indeed, my own? Why so?”","A Tale of Two Cities",26
"","A Tale of Two Cities",26
"“That is what you are not to ask me. But I think--I know--he does.”","A Tale of Two Cities",26
"","A Tale of Two Cities",26
"“If you know it, it is enough. What would you have me do, my Life?”","A Tale of Two Cities",26
"","A Tale of Two Cities",26
"“I would ask you, dearest, to be very generous with him always, and very","A Tale of Two Cities",26
"lenient on his faults when he is not by. I would ask you to believe that","A Tale of Two Cities",26
"he has a heart he very, very seldom reveals, and that there are deep","A Tale of Two Cities",26
"wounds in it. My dear, I have seen it bleeding.”","A Tale of Two Cities",26
"","A Tale of Two Cities",26
"“It is a painful reflection to me,” said Charles Darnay, quite","A Tale of Two Cities",26
"astounded, “that I should have done him any wrong. I never thought this","A Tale of Two Cities",26
"of him.”","A Tale of Two Cities",26
"","A Tale of Two Cities",26
"“My husband, it is so. I fear he is not to be reclaimed; there is","A Tale of Two Cities",26
"scarcely a hope that anything in his character or fortunes is reparable","A Tale of Two Cities",26
"now. But, I am sure that he is capable of good things, gentle things,","A Tale of Two Cities",26
"even magnanimous things.”","A Tale of Two Cities",26
"","A Tale of Two Cities",26
"She looked so beautiful in the purity of her faith in this lost man,","A Tale of Two Cities",26
"that her husband could have looked at her as she was for hours.","A Tale of Two Cities",26
"","A Tale of Two Cities",26
"“And, O my dearest Love!” she urged, clinging nearer to him, laying her","A Tale of Two Cities",26
"head upon his breast, and raising her eyes to his, “remember how strong","A Tale of Two Cities",26
"we are in our happiness, and how weak he is in his misery!”","A Tale of Two Cities",26
"","A Tale of Two Cities",26
"The supplication touched him home. “I will always remember it, dear","A Tale of Two Cities",26
"Heart! I will remember it as long as I live.”","A Tale of Two Cities",26
"","A Tale of Two Cities",26
"He bent over the golden head, and put the rosy lips to his, and folded","A Tale of Two Cities",26
"her in his arms. If one forlorn wanderer then pacing the dark streets,","A Tale of Two Cities",26
"could have heard her innocent disclosure, and could have seen the drops","A Tale of Two Cities",26
"of pity kissed away by her husband from the soft blue eyes so loving of","A Tale of Two Cities",26
"that husband, he might have cried to the night--and the words would not","A Tale of Two Cities",26
"have parted from his lips for the first time--","A Tale of Two Cities",26
"","A Tale of Two Cities",26
"“God bless her for her sweet compassion!”","A Tale of Two Cities",26
"","A Tale of Two Cities",26
"","A Tale of Two Cities",26
"","A Tale of Two Cities",26
"","A Tale of Two Cities",26
"CHAPTER VI.","A Tale of Two Cities",36
"Triumph","A Tale of Two Cities",36
"","A Tale of Two Cities",36
"","A Tale of Two Cities",36
"The dread tribunal of five Judges, Public Prosecutor, and determined","A Tale of Two Cities",36
"Jury, sat every day. Their lists went forth every evening, and were","A Tale of Two Cities",36
"read out by the gaolers of the various prisons to their prisoners. The","A Tale of Two Cities",36
"standard gaoler-joke was, “Come out and listen to the Evening Paper, you","A Tale of Two Cities",36
"inside there!”","A Tale of Two Cities",36
"","A Tale of Two Cities",36
"“Charles Evrémonde, called Darnay!”","A Tale of Two Cities",36
"","A Tale of Two Cities",36
"So at last began the Evening Paper at La Force.","A Tale of Two Cities",36
"","A Tale of Two Cities",36
"When a name was called, its owner stepped apart into a spot reserved","A Tale of Two Cities",36
"for those who were announced as being thus fatally recorded. Charles","A Tale of Two Cities",36
"Evrémonde, called Darnay, had reason to know the usage; he had seen","A Tale of Two Cities",36
"hundreds pass away so.","A Tale of Two Cities",36
"","A Tale of Two Cities",36
"His bloated gaoler, who wore spectacles to read with, glanced over them","A Tale of Two Cities",36
"to assure himself that he had taken his place, and went through the","A Tale of Two Cities",36
"list, making a similar short pause at each name. There were twenty-three","A Tale of Two Cities",36
"names, but only twenty were responded to; for one of the prisoners so","A Tale of Two Cities",36
"summoned had died in gaol and been forgotten, and two had already been","A Tale of Two Cities",36
"guillotined and forgotten. The list was read, in the vaulted chamber","A Tale of Two Cities",36
"where Darnay had seen the associated prisoners on the night of his","A Tale of Two Cities",36
"arrival. Every one of those had perished in the massacre; every human","A Tale of Two Cities",36
"creature he had since cared for and parted with, had died on the","A Tale of Two Cities",36
"scaffold.","A Tale of Two Cities",36
"","A Tale of Two Cities",36
"There were hurried words of farewell and kindness, but the parting was","A Tale of Two Cities",36
"soon over. It was the incident of every day, and the society of La Force","A Tale of Two Cities",36
"were engaged in the preparation of some games of forfeits and a little","A Tale of Two Cities",36
"concert, for that evening. They crowded to the grates and shed tears","A Tale of Two Cities",36
"there; but, twenty places in the projected entertainments had to be","A Tale of Two Cities",36
"refilled, and the time was, at best, short to the lock-up hour, when the","A Tale of Two Cities",36
"common rooms and corridors would be delivered over to the great dogs","A Tale of Two Cities",36
"who kept watch there through the night. The prisoners were far from","A Tale of Two Cities",36
"insensible or unfeeling; their ways arose out of the condition of the","A Tale of Two Cities",36
"time. Similarly, though with a subtle difference, a species of fervour","A Tale of Two Cities",36
"or intoxication, known, without doubt, to have led some persons to","A Tale of Two Cities",36
"brave the guillotine unnecessarily, and to die by it, was not mere","A Tale of Two Cities",36
"boastfulness, but a wild infection of the wildly shaken public mind. In","A Tale of Two Cities",36
"seasons of pestilence, some of us will have a secret attraction to the","A Tale of Two Cities",36
"disease--a terrible passing inclination to die of it. And all of us have","A Tale of Two Cities",36
"like wonders hidden in our breasts, only needing circumstances to evoke","A Tale of Two Cities",36
"them.","A Tale of Two Cities",36
"","A Tale of Two Cities",36
"The passage to the Conciergerie was short and dark; the night in its","A Tale of Two Cities",36
"vermin-haunted cells was long and cold. Next day, fifteen prisoners were","A Tale of Two Cities",36
"put to the bar before Charles Darnay’s name was called. All the fifteen","A Tale of Two Cities",36
"were condemned, and the trials of the whole occupied an hour and a half.","A Tale of Two Cities",36
"","A Tale of Two Cities",36
"“Charles Evrémonde, called Darnay,” was at length arraigned.","A Tale of Two Cities",36
"","A Tale of Two Cities",36
"His judges sat upon the Bench in feathered hats; but the rough red cap","A Tale of Two Cities",36
"and tricoloured cockade was the head-dress otherwise prevailing. Looking","A Tale of Two Cities",36
"at the Jury and the turbulent audience, he might have thought that the","A Tale of Two Cities",36
"usual order of things was reversed, and that the felons were trying the","A Tale of Two Cities",36
"honest men. The lowest, cruelest, and worst populace of a city, never","A Tale of Two Cities",36
"without its quantity of low, cruel, and bad, were the directing","A Tale of Two Cities",36
"spirits of the scene: noisily commenting, applauding, disapproving,","A Tale of Two Cities",36
"anticipating, and precipitating the result, without a check. Of the men,","A Tale of Two Cities",36
"the greater part were armed in various ways; of the women, some wore","A Tale of Two Cities",36
"knives, some daggers, some ate and drank as they looked on, many","A Tale of Two Cities",36
"knitted. Among these last, was one, with a spare piece of knitting under","A Tale of Two Cities",36
"her arm as she worked. She was in a front row, by the side of a man whom","A Tale of Two Cities",36
"he had never seen since his arrival at the Barrier, but whom he directly","A Tale of Two Cities",36
"remembered as Defarge. He noticed that she once or twice whispered in","A Tale of Two Cities",36
"his ear, and that she seemed to be his wife; but, what he most noticed","A Tale of Two Cities",36
"in the two figures was, that although they were posted as close to","A Tale of Two Cities",36
"himself as they could be, they never looked towards him. They seemed to","A Tale of Two Cities",36
"be waiting for something with a dogged determination, and they looked at","A Tale of Two Cities",36
"the Jury, but at nothing else. Under the President sat Doctor Manette,","A Tale of Two Cities",36
"in his usual quiet dress. As well as the prisoner could see, he and Mr.","A Tale of Two Cities",36
"Lorry were the only men there, unconnected with the Tribunal, who","A Tale of Two Cities",36
"wore their usual clothes, and had not assumed the coarse garb of the","A Tale of Two Cities",36
"Carmagnole.","A Tale of Two Cities",36
"","A Tale of Two Cities",36
"Charles Evrémonde, called Darnay, was accused by the public prosecutor","A Tale of Two Cities",36
"as an emigrant, whose life was forfeit to the Republic, under the decree","A Tale of Two Cities",36
"which banished all emigrants on pain of Death. It was nothing that the","A Tale of Two Cities",36
"decree bore date since his return to France. There he was, and there was","A Tale of Two Cities",36
"the decree; he had been taken in France, and his head was demanded.","A Tale of Two Cities",36
"","A Tale of Two Cities",36
"“Take off his head!” cried the audience. “An enemy to the Republic!”","A Tale of Two Cities",36
"","A Tale of Two Cities",36
"The President rang his bell to silence those cries, and asked the","A Tale of Two Cities",36
"prisoner whether it was not true that he had lived many years in","A Tale of Two Cities",36
"England?","A Tale of Two Cities",36
"","A Tale of Two Cities",36
"Undoubtedly it was.","A Tale of Two Cities",36
"","A Tale of Two Cities",36
"Was he not an emigrant then? What did he call himself?","A Tale of Two Cities",36
"","A Tale of Two Cities",36
"Not an emigrant, he hoped, within the sense and spirit of the law.","A Tale of Two Cities",36
"","A Tale of Two Cities",36
"Why not? the President desired to know.","A Tale of Two Cities",36
"","A Tale of Two Cities",36
"Because he had voluntarily relinquished a title that was distasteful","A Tale of Two Cities",36
"to him, and a station that was distasteful to him, and had left","A Tale of Two Cities",36
"his country--he submitted before the word emigrant in the present","A Tale of Two Cities",36
"acceptation by the Tribunal was in use--to live by his own industry in","A Tale of Two Cities",36
"England, rather than on the industry of the overladen people of France.","A Tale of Two Cities",36
"","A Tale of Two Cities",36
"What proof had he of this?","A Tale of Two Cities",36
"","A Tale of Two Cities",36
"He handed in the names of two witnesses; Theophile Gabelle, and","A Tale of Two Cities",36
"Alexandre Manette.","A Tale of Two Cities",36
"","A Tale of Two Cities",36
"But he had married in England? the President reminded him.","A Tale of Two Cities",36
"","A Tale of Two Cities",36
"True, but not an English woman.","A Tale of Two Cities",36
"","A Tale of Two Cities",36
"A citizeness of France?","A Tale of Two Cities",36
"","A Tale of Two Cities",36
"Yes. By birth.","A Tale of Two Cities",36
"","A Tale of Two Cities",36
"Her name and family?","A Tale of Two Cities",36
"","A Tale of Two Cities",36
"“Lucie Manette, only daughter of Doctor Manette, the good physician who","A Tale of Two Cities",36
"sits there.”","A Tale of Two Cities",36
"","A Tale of Two Cities",36
"This answer had a happy effect upon the audience. Cries in exaltation","A Tale of Two Cities",36
"of the well-known good physician rent the hall. So capriciously were","A Tale of Two Cities",36
"the people moved, that tears immediately rolled down several ferocious","A Tale of Two Cities",36
"countenances which had been glaring at the prisoner a moment before, as","A Tale of Two Cities",36
"if with impatience to pluck him out into the streets and kill him.","A Tale of Two Cities",36
"","A Tale of Two Cities",36
"On these few steps of his dangerous way, Charles Darnay had set his foot","A Tale of Two Cities",36
"according to Doctor Manette’s reiterated instructions. The same cautious","A Tale of Two Cities",36
"counsel directed every step that lay before him, and had prepared every","A Tale of Two Cities",36
"inch of his road.","A Tale of Two Cities",36
"","A Tale of Two Cities",36
"The President asked, why had he returned to France when he did, and not","A Tale of Two Cities",36
"sooner?","A Tale of Two Cities",36
"","A Tale of Two Cities",36
"He had not returned sooner, he replied, simply because he had no means","A Tale of Two Cities",36
"of living in France, save those he had resigned; whereas, in England,","A Tale of Two Cities",36
"he lived by giving instruction in the French language and literature.","A Tale of Two Cities",36
"He had returned when he did, on the pressing and written entreaty of","A Tale of Two Cities",36
"a French citizen, who represented that his life was endangered by his","A Tale of Two Cities",36
"absence. He had come back, to save a citizen’s life, and to bear his","A Tale of Two Cities",36
"testimony, at whatever personal hazard, to the truth. Was that criminal","A Tale of Two Cities",36
"in the eyes of the Republic?","A Tale of Two Cities",36
"","A Tale of Two Cities",36
"The populace cried enthusiastically, “No!” and the President rang his","A Tale of Two Cities",36
"bell to quiet them. Which it did not, for they continued to cry “No!”","A Tale of Two Cities",36
" until they left off, of their own will.","A Tale of Two Cities",36
"","A Tale of Two Cities",36
"The President required the name of that citizen. The accused explained","A Tale of Two Cities",36
"that the citizen was his first witness. He also referred with confidence","A Tale of Two Cities",36
"to the citizen’s letter, which had been taken from him at the Barrier,","A Tale of Two Cities",36
"but which he did not doubt would be found among the papers then before","A Tale of Two Cities",36
"the President.","A Tale of Two Cities",36
"","A Tale of Two Cities",36
"The Doctor had taken care that it should be there--had assured him that","A Tale of Two Cities",36
"it would be there--and at this stage of the proceedings it was produced","A Tale of Two Cities",36
"and read. Citizen Gabelle was called to confirm it, and did so. Citizen","A Tale of Two Cities",36
"Gabelle hinted, with infinite delicacy and politeness, that in the","A Tale of Two Cities",36
"pressure of business imposed on the Tribunal by the multitude of","A Tale of Two Cities",36
"enemies of the Republic with which it had to deal, he had been slightly","A Tale of Two Cities",36
"overlooked in his prison of the Abbaye--in fact, had rather passed out","A Tale of Two Cities",36
"of the Tribunal’s patriotic remembrance--until three days ago; when he","A Tale of Two Cities",36
"had been summoned before it, and had been set at liberty on the Jury’s","A Tale of Two Cities",36
"declaring themselves satisfied that the accusation against him was","A Tale of Two Cities",36
"answered, as to himself, by the surrender of the citizen Evrémonde,","A Tale of Two Cities",36
"called Darnay.","A Tale of Two Cities",36
"","A Tale of Two Cities",36
"Doctor Manette was next questioned. His high personal popularity,","A Tale of Two Cities",36
"and the clearness of his answers, made a great impression; but, as he","A Tale of Two Cities",36
"proceeded, as he showed that the Accused was his first friend on his","A Tale of Two Cities",36
"release from his long imprisonment; that, the accused had remained in","A Tale of Two Cities",36
"England, always faithful and devoted to his daughter and himself in","A Tale of Two Cities",36
"their exile; that, so far from being in favour with the Aristocrat","A Tale of Two Cities",36
"government there, he had actually been tried for his life by it, as","A Tale of Two Cities",36
"the foe of England and friend of the United States--as he brought these","A Tale of Two Cities",36
"circumstances into view, with the greatest discretion and with the","A Tale of Two Cities",36
"straightforward force of truth and earnestness, the Jury and the","A Tale of Two Cities",36
"populace became one. At last, when he appealed by name to Monsieur","A Tale of Two Cities",36
"Lorry, an English gentleman then and there present, who, like himself,","A Tale of Two Cities",36
"had been a witness on that English trial and could corroborate his","A Tale of Two Cities",36
"account of it, the Jury declared that they had heard enough, and that","A Tale of Two Cities",36
"they were ready with their votes if the President were content to","A Tale of Two Cities",36
"receive them.","A Tale of Two Cities",36
"","A Tale of Two Cities",36
"At every vote (the Jurymen voted aloud and individually), the populace","A Tale of Two Cities",36
"set up a shout of applause. All the voices were in the prisoner’s","A Tale of Two Cities",36
"favour, and the President declared him free.","A Tale of Two Cities",36
"","A Tale of Two Cities",36
"Then, began one of those extraordinary scenes with which the populace","A Tale of Two Cities",36
"sometimes gratified their fickleness, or their better impulses towards","A Tale of Two Cities",36
"generosity and mercy, or which they regarded as some set-off against","A Tale of Two Cities",36
"their swollen account of cruel rage. No man can decide now to which of","A Tale of Two Cities",36
"these motives such extraordinary scenes were referable; it is probable,","A Tale of Two Cities",36
"to a blending of all the three, with the second predominating. No sooner","A Tale of Two Cities",36
"was the acquittal pronounced, than tears were shed as freely as blood","A Tale of Two Cities",36
"at another time, and such fraternal embraces were bestowed upon the","A Tale of Two Cities",36
"prisoner by as many of both sexes as could rush at him, that after","A Tale of Two Cities",36
"his long and unwholesome confinement he was in danger of fainting from","A Tale of Two Cities",36
"exhaustion; none the less because he knew very well, that the very same","A Tale of Two Cities",36
"people, carried by another current, would have rushed at him with","A Tale of Two Cities",36
"the very same intensity, to rend him to pieces and strew him over the","A Tale of Two Cities",36
"streets.","A Tale of Two Cities",36
"","A Tale of Two Cities",36
"His removal, to make way for other accused persons who were to be tried,","A Tale of Two Cities",36
"rescued him from these caresses for the moment. Five were to be tried","A Tale of Two Cities",36
"together, next, as enemies of the Republic, forasmuch as they had not","A Tale of Two Cities",36
"assisted it by word or deed. So quick was the Tribunal to compensate","A Tale of Two Cities",36
"itself and the nation for a chance lost, that these five came down to","A Tale of Two Cities",36
"him before he left the place, condemned to die within twenty-four","A Tale of Two Cities",36
"hours. The first of them told him so, with the customary prison sign","A Tale of Two Cities",36
"of Death--a raised finger--and they all added in words, “Long live the","A Tale of Two Cities",36
"Republic!”","A Tale of Two Cities",36
"","A Tale of Two Cities",36
"The five had had, it is true, no audience to lengthen their proceedings,","A Tale of Two Cities",36
"for when he and Doctor Manette emerged from the gate, there was a great","A Tale of Two Cities",36
"crowd about it, in which there seemed to be every face he had seen in","A Tale of Two Cities",36
"Court--except two, for which he looked in vain. On his coming out, the","A Tale of Two Cities",36
"concourse made at him anew, weeping, embracing, and shouting, all by","A Tale of Two Cities",36
"turns and all together, until the very tide of the river on the bank of","A Tale of Two Cities",36
"which the mad scene was acted, seemed to run mad, like the people on the","A Tale of Two Cities",36
"shore.","A Tale of Two Cities",36
"","A Tale of Two Cities",36
"They put him into a great chair they had among them, and which they had","A Tale of Two Cities",36
"taken either out of the Court itself, or one of its rooms or passages.","A Tale of Two Cities",36
"Over the chair they had thrown a red flag, and to the back of it they","A Tale of Two Cities",36
"had bound a pike with a red cap on its top. In this car of triumph, not","A Tale of Two Cities",36
"even the Doctor’s entreaties could prevent his being carried to his home","A Tale of Two Cities",36
"on men’s shoulders, with a confused sea of red caps heaving about him,","A Tale of Two Cities",36
"and casting up to sight from the stormy deep such wrecks of faces, that","A Tale of Two Cities",36
"he more than once misdoubted his mind being in confusion, and that he","A Tale of Two Cities",36
"was in the tumbril on his way to the Guillotine.","A Tale of Two Cities",36
"","A Tale of Two Cities",36
"In wild dreamlike procession, embracing whom they met and pointing","A Tale of Two Cities",36
"him out, they carried him on. Reddening the snowy streets with the","A Tale of Two Cities",36
"prevailing Republican colour, in winding and tramping through them, as","A Tale of Two Cities",36
"they had reddened them below the snow with a deeper dye, they carried","A Tale of Two Cities",36
"him thus into the courtyard of the building where he lived. Her father","A Tale of Two Cities",36
"had gone on before, to prepare her, and when her husband stood upon his","A Tale of Two Cities",36
"feet, she dropped insensible in his arms.","A Tale of Two Cities",36
"","A Tale of Two Cities",36
"As he held her to his heart and turned her beautiful head between his","A Tale of Two Cities",36
"face and the brawling crowd, so that his tears and her lips might come","A Tale of Two Cities",36
"together unseen, a few of the people fell to dancing. Instantly, all the","A Tale of Two Cities",36
"rest fell to dancing, and the courtyard overflowed with the Carmagnole.","A Tale of Two Cities",36
"Then, they elevated into the vacant chair a young woman from the","A Tale of Two Cities",36
"crowd to be carried as the Goddess of Liberty, and then swelling and","A Tale of Two Cities",36
"overflowing out into the adjacent streets, and along the river’s bank,","A Tale of Two Cities",36
"and over the bridge, the Carmagnole absorbed them every one and whirled","A Tale of Two Cities",36
"them away.","A Tale of Two Cities",36
"","A Tale of Two Cities",36
"After grasping the Doctor’s hand, as he stood victorious and proud","A Tale of Two Cities",36
"before him; after grasping the hand of Mr. Lorry, who came panting in","A Tale of Two Cities",36
"breathless from his struggle against the waterspout of the Carmagnole;","A Tale of Two Cities",36
"after kissing little Lucie, who was lifted up to clasp her arms round","A Tale of Two Cities",36
"his neck; and after embracing the ever zealous and faithful Pross who","A Tale of Two Cities",36
"lifted her; he took his wife in his arms, and carried her up to their","A Tale of Two Cities",36
"rooms.","A Tale of Two Cities",36
"","A Tale of Two Cities",36
"“Lucie! My own! I am safe.”","A Tale of Two Cities",36
"","A Tale of Two Cities",36
"“O dearest Charles, let me thank God for this on my knees as I have","A Tale of Two Cities",36
"prayed to Him.”","A Tale of Two Cities",36
"","A Tale of Two Cities",36
"They all reverently bowed their heads and hearts. When she was again in","A Tale of Two Cities",36
"his arms, he said to her:","A Tale of Two Cities",36
"","A Tale of Two Cities",36
"“And now speak to your father, dearest. No other man in all this France","A Tale of Two Cities",36
"could have done what he has done for me.”","A Tale of Two Cities",36
"","A Tale of Two Cities",36
"She laid her head upon her father’s breast, as she had laid his poor","A Tale of Two Cities",36
"head on her own breast, long, long ago. He was happy in the return he","A Tale of Two Cities",36
"had made her, he was recompensed for his suffering, he was proud of his","A Tale of Two Cities",36
"strength. “You must not be weak, my darling,” he remonstrated; “don’t","A Tale of Two Cities",36
"tremble so. I have saved him.”","A Tale of Two Cities",36
"","A Tale of Two Cities",36
"","A Tale of Two Cities",36
"","A Tale of Two Cities",36
"","A Tale of Two Cities",36
"Chapter XIV.","Great Expectations",14
"","Great Expectations",14
"","Great Expectations",14
"It is a most miserable thing to feel ashamed of home. There may be","Great Expectations",14
"black ingratitude in the thing, and the punishment may be retributive","Great Expectations",14
"and well deserved; but that it is a miserable thing, I can testify.","Great Expectations",14
"","Great Expectations",14
"Home had never been a very pleasant place to me, because of my sister’s","Great Expectations",14
"temper. But, Joe had sanctified it, and I had believed in it. I had","Great Expectations",14
"believed in the best parlour as a most elegant saloon; I had believed","Great Expectations",14
"in the front door, as a mysterious portal of the Temple of State whose","Great Expectations",14
"solemn opening was attended with a sacrifice of roast fowls; I had","Great Expectations",14
"believed in the kitchen as a chaste though not magnificent apartment; I","Great Expectations",14
"had believed in the forge as the glowing road to manhood and","Great Expectations",14
"independence. Within a single year all this was changed. Now it was all","Great Expectations",14
"coarse and common, and I would not have had Miss Havisham and Estella","Great Expectations",14
"see it on any account.","Great Expectations",14
"","Great Expectations",14
"How much of my ungracious condition of mind may have been my own fault,","Great Expectations",14
"how much Miss Havisham’s, how much my sister’s, is now of no moment to","Great Expectations",14
"me or to any one. The change was made in me; the thing was done. Well","Great Expectations",14
"or ill done, excusably or inexcusably, it was done.","Great Expectations",14
"","Great Expectations",14
"Once, it had seemed to me that when I should at last roll up my","Great Expectations",14
"shirt-sleeves and go into the forge, Joe’s ’prentice, I should be","Great Expectations",14
"distinguished and happy. Now the reality was in my hold, I only felt","Great Expectations",14
"that I was dusty with the dust of small-coal, and that I had a weight","Great Expectations",14
"upon my daily remembrance to which the anvil was a feather. There have","Great Expectations",14
"been occasions in my later life (I suppose as in most lives) when I","Great Expectations",14
"have felt for a time as if a thick curtain had fallen on all its","Great Expectations",14
"interest and romance, to shut me out from anything save dull endurance","Great Expectations",14
"any more. Never has that curtain dropped so heavy and blank, as when my","Great Expectations",14
"way in life lay stretched out straight before me through the newly","Great Expectations",14
"entered road of apprenticeship to Joe.","Great Expectations",14
"","Great Expectations",14
"I remember that at a later period of my “time,” I used to stand about","Great Expectations",14
"the churchyard on Sunday evenings when night was falling, comparing my","Great Expectations",14
"own perspective with the windy marsh view, and making out some likeness","Great Expectations",14
"between them by thinking how flat and low both were, and how on both","Great Expectations",14
"there came an unknown way and a dark mist and then the sea. I was quite","Great Expectations",14
"as dejected on the first working-day of my apprenticeship as in that","Great Expectations",14
"after-time; but I am glad to know that I never breathed a murmur to Joe","Great Expectations",14
"while my indentures lasted. It is about the only thing I _am_ glad to","Great Expectations",14
"know of myself in that connection.","Great Expectations",14
"","Great Expectations",14
"For, though it includes what I proceed to add, all the merit of what I","Great Expectations",14
"proceed to add was Joe’s. It was not because I was faithful, but","Great Expectations",14
"because Joe was faithful, that I never ran away and went for a soldier","Great Expectations",14
"or a sailor. It was not because I had a strong sense of the virtue of","Great Expectations",14
"industry, but because Joe had a strong sense of the virtue of industry,","Great Expectations",14
"that I worked with tolerable zeal against the grain. It is not possible","Great Expectations",14
"to know how far the influence of any amiable honest-hearted duty-doing","Great Expectations",14
"man flies out into the world; but it is very possible to know how it","Great Expectations",14
"has touched one’s self in going by, and I know right well that any good","Great Expectations",14
"that intermixed itself with my apprenticeship came of plain contented","Great Expectations",14
"Joe, and not of restlessly aspiring discontented me.","Great Expectations",14
"","Great Expectations",14
"What I wanted, who can say? How can _I_ say, when I never knew? What I","Great Expectations",14
"dreaded was, that in some unlucky hour I, being at my grimiest and","Great Expectations",14
"commonest, should lift up my eyes and see Estella looking in at one of","Great Expectations",14
"the wooden windows of the forge. I was haunted by the fear that she","Great Expectations",14
"would, sooner or later, find me out, with a black face and hands, doing","Great Expectations",14
"the coarsest part of my work, and would exult over me and despise me.","Great Expectations",14
"Often after dark, when I was pulling the bellows for Joe, and we were","Great Expectations",14
"singing Old Clem, and when the thought how we used to sing it at Miss","Great Expectations",14
"Havisham’s would seem to show me Estella’s face in the fire, with her","Great Expectations",14
"pretty hair fluttering in the wind and her eyes scorning me,—often at","Great Expectations",14
"such a time I would look towards those panels of black night in the","Great Expectations",14
"wall which the wooden windows then were, and would fancy that I saw her","Great Expectations",14
"just drawing her face away, and would believe that she had come at","Great Expectations",14
"last.","Great Expectations",14
"","Great Expectations",14
"After that, when we went in to supper, the place and the meal would","Great Expectations",14
"have a more homely look than ever, and I would feel more ashamed of","Great Expectations",14
"home than ever, in my own ungracious breast.","Great Expectations",14
"","Great Expectations",14
"","Great Expectations",14
"","Great Expectations",14
"","Great Expectations",14
"Chapter XX.","Great Expectations",20
"","Great Expectations",20
"","Great Expectations",20
"The journey from our town to the metropolis was a journey of about five","Great Expectations",20
"hours. It was a little past midday when the four-horse stage-coach by","Great Expectations",20
"which I was a passenger, got into the ravel of traffic frayed out about","Great Expectations",20
"the Cross Keys, Wood Street, Cheapside, London.","Great Expectations",20
"","Great Expectations",20
"We Britons had at that time particularly settled that it was","Great Expectations",20
"treasonable to doubt our having and our being the best of everything:","Great Expectations",20
"otherwise, while I was scared by the immensity of London, I think I","Great Expectations",20
"might have had some faint doubts whether it was not rather ugly,","Great Expectations",20
"crooked, narrow, and dirty.","Great Expectations",20
"","Great Expectations",20
"Mr. Jaggers had duly sent me his address; it was, Little Britain, and","Great Expectations",20
"he had written after it on his card, “just out of Smithfield, and close","Great Expectations",20
"by the coach-office.” Nevertheless, a hackney-coachman, who seemed to","Great Expectations",20
"have as many capes to his greasy great-coat as he was years old, packed","Great Expectations",20
"me up in his coach and hemmed me in with a folding and jingling barrier","Great Expectations",20
"of steps, as if he were going to take me fifty miles. His getting on","Great Expectations",20
"his box, which I remember to have been decorated with an old","Great Expectations",20
"weather-stained pea-green hammercloth moth-eaten into rags, was quite a","Great Expectations",20
"work of time. It was a wonderful equipage, with six great coronets","Great Expectations",20
"outside, and ragged things behind for I don’t know how many footmen to","Great Expectations",20
"hold on by, and a harrow below them, to prevent amateur footmen from","Great Expectations",20
"yielding to the temptation.","Great Expectations",20
"","Great Expectations",20
"I had scarcely had time to enjoy the coach and to think how like a","Great Expectations",20
"straw-yard it was, and yet how like a rag-shop, and to wonder why the","Great Expectations",20
"horses’ nose-bags were kept inside, when I observed the coachman","Great Expectations",20
"beginning to get down, as if we were going to stop presently. And stop","Great Expectations",20
"we presently did, in a gloomy street, at certain offices with an open","Great Expectations",20
"door, whereon was painted MR. JAGGERS.","Great Expectations",20
"","Great Expectations",20
"“How much?” I asked the coachman.","Great Expectations",20
"","Great Expectations",20
"The coachman answered, “A shilling—unless you wish to make it more.”","Great Expectations",20
"","Great Expectations",20
"I naturally said I had no wish to make it more.","Great Expectations",20
"","Great Expectations",20
"“Then it must be a shilling,” observed the coachman. “I don’t want to","Great Expectations",20
"get into trouble. _I_ know _him_!” He darkly closed an eye at Mr.","Great Expectations",20
"Jaggers’s name, and shook his head.","Great Expectations",20
"","Great Expectations",20
"When he had got his shilling, and had in course of time completed the","Great Expectations",20
"ascent to his box, and had got away (which appeared to relieve his","Great Expectations",20
"mind), I went into the front office with my little portmanteau in my","Great Expectations",20
"hand and asked, Was Mr. Jaggers at home?","Great Expectations",20
"","Great Expectations",20
"“He is not,” returned the clerk. “He is in Court at present. Am I","Great Expectations",20
"addressing Mr. Pip?”","Great Expectations",20
"","Great Expectations",20
"I signified that he was addressing Mr. Pip.","Great Expectations",20
"","Great Expectations",20
"“Mr. Jaggers left word, would you wait in his room. He couldn’t say how","Great Expectations",20
"long he might be, having a case on. But it stands to reason, his time","Great Expectations",20
"being valuable, that he won’t be longer than he can help.”","Great Expectations",20
"","Great Expectations",20
"With those words, the clerk opened a door, and ushered me into an inner","Great Expectations",20
"chamber at the back. Here, we found a gentleman with one eye, in a","Great Expectations",20
"velveteen suit and knee-breeches, who wiped his nose with his sleeve on","Great Expectations",20
"being interrupted in the perusal of the newspaper.","Great Expectations",20
"","Great Expectations",20
"“Go and wait outside, Mike,” said the clerk.","Great Expectations",20
"","Great Expectations",20
"I began to say that I hoped I was not interrupting, when the clerk","Great Expectations",20
"shoved this gentleman out with as little ceremony as I ever saw used,","Great Expectations",20
"and tossing his fur cap out after him, left me alone.","Great Expectations",20
"","Great Expectations",20
"Mr. Jaggers’s room was lighted by a skylight only, and was a most","Great Expectations",20
"dismal place; the skylight, eccentrically pitched like a broken head,","Great Expectations",20
"and the distorted adjoining houses looking as if they had twisted","Great Expectations",20
"themselves to peep down at me through it. There were not so many papers","Great Expectations",20
"about, as I should have expected to see; and there were some odd","Great Expectations",20
"objects about, that I should not have expected to see,—such as an old","Great Expectations",20
"rusty pistol, a sword in a scabbard, several strange-looking boxes and","Great Expectations",20
"packages, and two dreadful casts on a shelf, of faces peculiarly","Great Expectations",20
"swollen, and twitchy about the nose. Mr. Jaggers’s own high-backed","Great Expectations",20
"chair was of deadly black horsehair, with rows of brass nails round it,","Great Expectations",20
"like a coffin; and I fancied I could see how he leaned back in it, and","Great Expectations",20
"bit his forefinger at the clients. The room was but small, and the","Great Expectations",20
"clients seemed to have had a habit of backing up against the wall; the","Great Expectations",20
"wall, especially opposite to Mr. Jaggers’s chair, being greasy with","Great Expectations",20
"shoulders. I recalled, too, that the one-eyed gentleman had shuffled","Great Expectations",20
"forth against the wall when I was the innocent cause of his being","Great Expectations",20
"turned out.","Great Expectations",20
"","Great Expectations",20
"I sat down in the cliental chair placed over against Mr. Jaggers’s","Great Expectations",20
"chair, and became fascinated by the dismal atmosphere of the place. I","Great Expectations",20
"called to mind that the clerk had the same air of knowing something to","Great Expectations",20
"everybody else’s disadvantage, as his master had. I wondered how many","Great Expectations",20
"other clerks there were upstairs, and whether they all claimed to have","Great Expectations",20
"the same detrimental mastery of their fellow-creatures. I wondered what","Great Expectations",20
"was the history of all the odd litter about the room, and how it came","Great Expectations",20
"there. I wondered whether the two swollen faces were of Mr. Jaggers’s","Great Expectations",20
"family, and, if he were so unfortunate as to have had a pair of such","Great Expectations",20
"ill-looking relations, why he stuck them on that dusty perch for the","Great Expectations",20
"blacks and flies to settle on, instead of giving them a place at home.","Great Expectations",20
"Of course I had no experience of a London summer day, and my spirits","Great Expectations",20
"may have been oppressed by the hot exhausted air, and by the dust and","Great Expectations",20
"grit that lay thick on everything. But I sat wondering and waiting in","Great Expectations",20
"Mr. Jaggers’s close room, until I really could not bear the two casts","Great Expectations",20
"on the shelf above Mr. Jaggers’s chair, and got up and went out.","Great Expectations",20
"","Great Expectations",20
"When I told the clerk that I would take a turn in the air while I","Great Expectations",20
"waited, he advised me to go round the corner and I should come into","Great Expectations",20
"Smithfield. So I came into Smithfield; and the shameful place, being","Great Expectations",20
"all asmear with filth and fat and blood and foam, seemed to stick to","Great Expectations",20
"me. So, I rubbed it off with all possible speed by turning into a","Great Expectations",20
"street where I saw the great black dome of Saint Paul’s bulging at me","Great Expectations",20
"from behind a grim stone building which a bystander said was Newgate","Great Expectations",20
"Prison. Following the wall of the jail, I found the roadway covered","Great Expectations",20
"with straw to deaden the noise of passing vehicles; and from this, and","Great Expectations",20
"from the quantity of people standing about smelling strongly of spirits","Great Expectations",20
"and beer, I inferred that the trials were on.","Great Expectations",20
"","Great Expectations",20
"While I looked about me here, an exceedingly dirty and partially drunk","Great Expectations",20
"minister of justice asked me if I would like to step in and hear a","Great Expectations",20
"trial or so: informing me that he could give me a front place for half","Great Expectations",20
"a crown, whence I should command a full view of the Lord Chief Justice","Great Expectations",20
"in his wig and robes,—mentioning that awful personage like waxwork, and","Great Expectations",20
"presently offering him at the reduced price of eighteen-pence. As I","Great Expectations",20
"declined the proposal on the plea of an appointment, he was so good as","Great Expectations",20
"to take me into a yard and show me where the gallows was kept, and also","Great Expectations",20
"where people were publicly whipped, and then he showed me the Debtors’","Great Expectations",20
"Door, out of which culprits came to be hanged; heightening the interest","Great Expectations",20
"of that dreadful portal by giving me to understand that “four on ’em”","Great Expectations",20
"would come out at that door the day after to-morrow at eight in the","Great Expectations",20
"morning, to be killed in a row. This was horrible, and gave me a","Great Expectations",20
"sickening idea of London; the more so as the Lord Chief Justice’s","Great Expectations",20
"proprietor wore (from his hat down to his boots and up again to his","Great Expectations",20
"pocket-handkerchief inclusive) mildewed clothes which had evidently not","Great Expectations",20
"belonged to him originally, and which I took it into my head he had","Great Expectations",20
"bought cheap of the executioner. Under these circumstances I thought","Great Expectations",20
"myself well rid of him for a shilling.","Great Expectations",20
"","Great Expectations",20
"I dropped into the office to ask if Mr. Jaggers had come in yet, and I","Great Expectations",20
"found he had not, and I strolled out again. This time, I made the tour","Great Expectations",20
"of Little Britain, and turned into Bartholomew Close; and now I became","Great Expectations",20
"aware that other people were waiting about for Mr. Jaggers, as well as","Great Expectations",20
"I. There were two men of secret appearance lounging in Bartholomew","Great Expectations",20
"Close, and thoughtfully fitting their feet into the cracks of the","Great Expectations",20
"pavement as they talked together, one of whom said to the other when","Great Expectations",20
"they first passed me, that “Jaggers would do it if it was to be done.”","Great Expectations",20
"There was a knot of three men and two women standing at a corner, and","Great Expectations",20
"one of the women was crying on her dirty shawl, and the other comforted","Great Expectations",20
"her by saying, as she pulled her own shawl over her shoulders, “Jaggers","Great Expectations",20
"is for him, ’Melia, and what more _could_ you have?” There was a","Great Expectations",20
"red-eyed little Jew who came into the Close while I was loitering","Great Expectations",20
"there, in company with a second little Jew whom he sent upon an errand;","Great Expectations",20
"and while the messenger was gone, I remarked this Jew, who was of a","Great Expectations",20
"highly excitable temperament, performing a jig of anxiety under a","Great Expectations",20
"lamp-post and accompanying himself, in a kind of frenzy, with the","Great Expectations",20
"words, “O Jaggerth, Jaggerth, Jaggerth! all otherth ith Cag-Maggerth,","Great Expectations",20
"give me Jaggerth!” These testimonies to the popularity of my guardian","Great Expectations",20
"made a deep impression on me, and I admired and wondered more than","Great Expectations",20
"ever.","Great Expectations",20
"","Great Expectations",20
"At length, as I was looking out at the iron gate of Bartholomew Close","Great Expectations",20
"into Little Britain, I saw Mr. Jaggers coming across the road towards","Great Expectations",20
"me. All the others who were waiting saw him at the same time, and there","Great Expectations",20
"was quite a rush at him. Mr. Jaggers, putting a hand on my shoulder and","Great Expectations",20
"walking me on at his side without saying anything to me, addressed","Great Expectations",20
"himself to his followers.","Great Expectations",20
"","Great Expectations",20
"First, he took the two secret men.","Great Expectations",20
"","Great Expectations",20
"“Now, I have nothing to say to _you_,” said Mr. Jaggers, throwing his","Great Expectations",20
"finger at them. “I want to know no more than I know. As to the result,","Great Expectations",20
"it’s a toss-up. I told you from the first it was a toss-up. Have you","Great Expectations",20
"paid Wemmick?”","Great Expectations",20
"","Great Expectations",20
"“We made the money up this morning, sir,” said one of the men,","Great Expectations",20
"submissively, while the other perused Mr. Jaggers’s face.","Great Expectations",20
"","Great Expectations",20
"“I don’t ask you when you made it up, or where, or whether you made it","Great Expectations",20
"up at all. Has Wemmick got it?”","Great Expectations",20
"","Great Expectations",20
"“Yes, sir,” said both the men together.","Great Expectations",20
"","Great Expectations",20
"“Very well; then you may go. Now, I won’t have it!” said Mr Jaggers,","Great Expectations",20
"waving his hand at them to put them behind him. “If you say a word to","Great Expectations",20
"me, I’ll throw up the case.”","Great Expectations",20
"","Great Expectations",20
"“We thought, Mr. Jaggers—” one of the men began, pulling off his hat.","Great Expectations",20
"","Great Expectations",20
"“That’s what I told you not to do,” said Mr. Jaggers. “_You_ thought! I","Great Expectations",20
"think for you; that’s enough for you. If I want you, I know where to","Great Expectations",20
"find you; I don’t want you to find me. Now I won’t have it. I won’t","Great Expectations",20
"hear a word.”","Great Expectations",20
"","Great Expectations",20
"The two men looked at one another as Mr. Jaggers waved them behind","Great Expectations",20
"again, and humbly fell back and were heard no more.","Great Expectations",20
"","Great Expectations",20
"“And now _you_!” said Mr. Jaggers, suddenly stopping, and turning on","Great Expectations",20
"the two women with the shawls, from whom the three men had meekly","Great Expectations",20
"separated,—“Oh! Amelia, is it?”","Great Expectations",20
"","Great Expectations",20
"“Yes, Mr. Jaggers.”","Great Expectations",20
"","Great Expectations",20
"“And do you remember,” retorted Mr. Jaggers, “that but for me you","Great Expectations",20
"wouldn’t be here and couldn’t be here?”","Great Expectations",20
"","Great Expectations",20
"“O yes, sir!” exclaimed both women together. “Lord bless you, sir, well","Great Expectations",20
"we knows that!”","Great Expectations",20
"","Great Expectations",20
"“Then why,” said Mr. Jaggers, “do you come here?”","Great Expectations",20
"","Great Expectations",20
"“My Bill, sir!” the crying woman pleaded.","Great Expectations",20
"","Great Expectations",20
"“Now, I tell you what!” said Mr. Jaggers. “Once for all. If you don’t","Great Expectations",20
"know that your Bill’s in good hands, I know it. And if you come here","Great Expectations",20
"bothering about your Bill, I’ll make an example of both your Bill and","Great Expectations",20
"you, and let him slip through my fingers. Have you paid Wemmick?”","Great Expectations",20
"","Great Expectations",20
"“O yes, sir! Every farden.”","Great Expectations",20
"","Great Expectations",20
"“Very well. Then you have done all you have got to do. Say another","Great Expectations",20
"word—one single word—and Wemmick shall give you your money back.”","Great Expectations",20
"","Great Expectations",20
"This terrible threat caused the two women to fall off immediately. No","Great Expectations",20
"one remained now but the excitable Jew, who had already raised the","Great Expectations",20
"skirts of Mr. Jaggers’s coat to his lips several times.","Great Expectations",20
"","Great Expectations",20
"“I don’t know this man!” said Mr. Jaggers, in the same devastating","Great Expectations",20
"strain: “What does this fellow want?”","Great Expectations",20
"","Great Expectations",20
"“Ma thear Mithter Jaggerth. Hown brother to Habraham Latharuth?”","Great Expectations",20
"","Great Expectations",20
"“Who’s he?” said Mr. Jaggers. “Let go of my coat.”","Great Expectations",20
"","Great Expectations",20
"The suitor, kissing the hem of the garment again before relinquishing","Great Expectations",20
"it, replied, “Habraham Latharuth, on thuthpithion of plate.”","Great Expectations",20
"","Great Expectations",20
"“You’re too late,” said Mr. Jaggers. “I am over the way.”","Great Expectations",20
"","Great Expectations",20
"“Holy father, Mithter Jaggerth!” cried my excitable acquaintance,","Great Expectations",20
"turning white, “don’t thay you’re again Habraham Latharuth!”","Great Expectations",20
"","Great Expectations",20
"“I am,” said Mr. Jaggers, “and there’s an end of it. Get out of the","Great Expectations",20
"way.”","Great Expectations",20
"","Great Expectations",20
"“Mithter Jaggerth! Half a moment! My hown cuthen’th gone to Mithter","Great Expectations",20
"Wemmick at thith prethent minute, to hoffer him hany termth. Mithter","Great Expectations",20
"Jaggerth! Half a quarter of a moment! If you’d have the condethenthun","Great Expectations",20
"to be bought off from the t’other thide—at hany thuperior prithe!—money","Great Expectations",20
"no object!—Mithter Jaggerth—Mithter—!”","Great Expectations",20
"","Great Expectations",20
"My guardian threw his supplicant off with supreme indifference, and","Great Expectations",20
"left him dancing on the pavement as if it were red hot. Without further","Great Expectations",20
"interruption, we reached the front office, where we found the clerk and","Great Expectations",20
"the man in velveteen with the fur cap.","Great Expectations",20
"","Great Expectations",20
"“Here’s Mike,” said the clerk, getting down from his stool, and","Great Expectations",20
"approaching Mr. Jaggers confidentially.","Great Expectations",20
"","Great Expectations",20
"“Oh!” said Mr. Jaggers, turning to the man, who was pulling a lock of","Great Expectations",20
"hair in the middle of his forehead, like the Bull in Cock Robin pulling","Great Expectations",20
"at the bell-rope; “your man comes on this afternoon. Well?”","Great Expectations",20
"","Great Expectations",20
"“Well, Mas’r Jaggers,” returned Mike, in the voice of a sufferer from a","Great Expectations",20
"constitutional cold; “arter a deal o’ trouble, I’ve found one, sir, as","Great Expectations",20
"might do.”","Great Expectations",20
"","Great Expectations",20
"“What is he prepared to swear?”","Great Expectations",20
"","Great Expectations",20
"“Well, Mas’r Jaggers,” said Mike, wiping his nose on his fur cap this","Great Expectations",20
"time; “in a general way, anythink.”","Great Expectations",20
"","Great Expectations",20
"Mr. Jaggers suddenly became most irate. “Now, I warned you before,”","Great Expectations",20
"said he, throwing his forefinger at the terrified client, “that if you","Great Expectations",20
"ever presumed to talk in that way here, I’d make an example of you. You","Great Expectations",20
"infernal scoundrel, how dare you tell ME that?”","Great Expectations",20
"","Great Expectations",20
"The client looked scared, but bewildered too, as if he were unconscious","Great Expectations",20
"what he had done.","Great Expectations",20
"","Great Expectations",20
"“Spooney!” said the clerk, in a low voice, giving him a stir with his","Great Expectations",20
"elbow. “Soft Head! Need you say it face to face?”","Great Expectations",20
"","Great Expectations",20
"“Now, I ask you, you blundering booby,” said my guardian, very sternly,","Great Expectations",20
"“once more and for the last time, what the man you have brought here is","Great Expectations",20
"prepared to swear?”","Great Expectations",20
"","Great Expectations",20
"Mike looked hard at my guardian, as if he were trying to learn a lesson","Great Expectations",20
"from his face, and slowly replied, “Ayther to character, or to having","Great Expectations",20
"been in his company and never left him all the night in question.”","Great Expectations",20
"","Great Expectations",20
"“Now, be careful. In what station of life is this man?”","Great Expectations",20
"","Great Expectations",20
"Mike looked at his cap, and looked at the floor, and looked at the","Great Expectations",20
"ceiling, and looked at the clerk, and even looked at me, before","Great Expectations",20
"beginning to reply in a nervous manner, “We’ve dressed him up like—”","Great Expectations",20
"when my guardian blustered out,—","Great Expectations",20
"","Great Expectations",20
"“What? You WILL, will you?”","Great Expectations",20
"","Great Expectations",20
"(“Spooney!” added the clerk again, with another stir.)","Great Expectations",20
"","Great Expectations",20
"After some helpless casting about, Mike brightened and began again:—","Great Expectations",20
"","Great Expectations",20
"“He is dressed like a ’spectable pieman. A sort of a pastry-cook.”","Great Expectations",20
"","Great Expectations",20
"“Is he here?” asked my guardian.","Great Expectations",20
"","Great Expectations",20
"“I left him,” said Mike, “a setting on some doorsteps round the","Great Expectations",20
"corner.”","Great Expectations",20
"","Great Expectations",20
"“Take him past that window, and let me see him.”","Great Expectations",20
"","Great Expectations",20
"The window indicated was the office window. We all three went to it,","Great Expectations",20
"behind the wire blind, and presently saw the client go by in an","Great Expectations",20
"accidental manner, with a murderous-looking tall individual, in a short","Great Expectations",20
"suit of white linen and a paper cap. This guileless confectioner was","Great Expectations",20
"not by any means sober, and had a black eye in the green stage of","Great Expectations",20
"recovery, which was painted over.","Great Expectations",20
"","Great Expectations",20
"“Tell him to take his witness away directly,” said my guardian to the","Great Expectations",20
"clerk, in extreme disgust, “and ask him what he means by bringing such","Great Expectations",20
"a fellow as that.”","Great Expectations",20
"","Great Expectations",20
"My guardian then took me into his own room, and while he lunched,","Great Expectations",20
"standing, from a sandwich-box and a pocket-flask of sherry (he seemed","Great Expectations",20
"to bully his very sandwich as he ate it), informed me what arrangements","Great Expectations",20
"he had made for me. I was to go to “Barnard’s Inn,” to young Mr.","Great Expectations",20
"Pocket’s rooms, where a bed had been sent in for my accommodation; I","Great Expectations",20
"was to remain with young Mr. Pocket until Monday; on Monday I was to go","Great Expectations",20
"with him to his father’s house on a visit, that I might try how I liked","Great Expectations",20
"it. Also, I was told what my allowance was to be,—it was a very liberal","Great Expectations",20
"one,—and had handed to me from one of my guardian’s drawers, the cards","Great Expectations",20
"of certain tradesmen with whom I was to deal for all kinds of clothes,","Great Expectations",20
"and such other things as I could in reason want. “You will find your","Great Expectations",20
"credit good, Mr. Pip,” said my guardian, whose flask of sherry smelt","Great Expectations",20
"like a whole caskful, as he hastily refreshed himself, “but I shall by","Great Expectations",20
"this means be able to check your bills, and to pull you up if I find","Great Expectations",20
"you outrunning the constable. Of course you’ll go wrong somehow, but","Great Expectations",20
"that’s no fault of mine.”","Great Expectations",20
"","Great Expectations",20
"After I had pondered a little over this encouraging sentiment, I asked","Great Expectations",20
"Mr. Jaggers if I could send for a coach? He said it was not worth","Great Expectations",20
"while, I was so near my destination; Wemmick should walk round with me,","Great Expectations",20
"if I pleased.","Great Expectations",20
"","Great Expectations",20
"I then found that Wemmick was the clerk in the next room. Another clerk","Great Expectations",20
"was rung down from upstairs to take his place while he was out, and I","Great Expectations",20
"accompanied him into the street, after shaking hands with my guardian.","Great Expectations",20
"We found a new set of people lingering outside, but Wemmick made a way","Great Expectations",20
"among them by saying coolly yet decisively, “I tell you it’s no use; he","Great Expectations",20
"won’t have a word to say to one of you;” and we soon got clear of them,","Great Expectations",20
"and went on side by side.","Great Expectations",20
"","Great Expectations",20
"","Great Expectations",20
"","Great Expectations",20
"","Great Expectations",20
"Chapter XXXI.","Great Expectations",31
"","Great Expectations",31
"","Great Expectations",31
"On our arrival in Denmark, we found the king and queen of that country","Great Expectations",31
"elevated in two arm-chairs on a kitchen-table, holding a Court. The","Great Expectations",31
"whole of the Danish nobility were in attendance; consisting of a noble","Great Expectations",31
"boy in the wash-leather boots of a gigantic ancestor, a venerable Peer","Great Expectations",31
"with a dirty face who seemed to have risen from the people late in","Great Expectations",31
"life, and the Danish chivalry with a comb in its hair and a pair of","Great Expectations",31
"white silk legs, and presenting on the whole a feminine appearance. My","Great Expectations",31
"gifted townsman stood gloomily apart, with folded arms, and I could","Great Expectations",31
"have wished that his curls and forehead had been more probable.","Great Expectations",31
"","Great Expectations",31
"Several curious little circumstances transpired as the action","Great Expectations",31
"proceeded. The late king of the country not only appeared to have been","Great Expectations",31
"troubled with a cough at the time of his decease, but to have taken it","Great Expectations",31
"with him to the tomb, and to have brought it back. The royal phantom","Great Expectations",31
"also carried a ghostly manuscript round its truncheon, to which it had","Great Expectations",31
"the appearance of occasionally referring, and that too, with an air of","Great Expectations",31
"anxiety and a tendency to lose the place of reference which were","Great Expectations",31
"suggestive of a state of mortality. It was this, I conceive, which led","Great Expectations",31
"to the Shade’s being advised by the gallery to “turn over!”—a","Great Expectations",31
"recommendation which it took extremely ill. It was likewise to be noted","Great Expectations",31
"of this majestic spirit, that whereas it always appeared with an air of","Great Expectations",31
"having been out a long time and walked an immense distance, it","Great Expectations",31
"perceptibly came from a closely contiguous wall. This occasioned its","Great Expectations",31
"terrors to be received derisively. The Queen of Denmark, a very buxom","Great Expectations",31
"lady, though no doubt historically brazen, was considered by the public","Great Expectations",31
"to have too much brass about her; her chin being attached to her diadem","Great Expectations",31
"by a broad band of that metal (as if she had a gorgeous toothache), her","Great Expectations",31
"waist being encircled by another, and each of her arms by another, so","Great Expectations",31
"that she was openly mentioned as “the kettle-drum.” The noble boy in","Great Expectations",31
"the ancestral boots was inconsistent, representing himself, as it were","Great Expectations",31
"in one breath, as an able seaman, a strolling actor, a grave-digger, a","Great Expectations",31
"clergyman, and a person of the utmost importance at a Court","Great Expectations",31
"fencing-match, on the authority of whose practised eye and nice","Great Expectations",31
"discrimination the finest strokes were judged. This gradually led to a","Great Expectations",31
"want of toleration for him, and even—on his being detected in holy","Great Expectations",31
"orders, and declining to perform the funeral service—to the general","Great Expectations",31
"indignation taking the form of nuts. Lastly, Ophelia was a prey to such","Great Expectations",31
"slow musical madness, that when, in course of time, she had taken off","Great Expectations",31
"her white muslin scarf, folded it up, and buried it, a sulky man who","Great Expectations",31
"had been long cooling his impatient nose against an iron bar in the","Great Expectations",31
"front row of the gallery, growled, “Now the baby’s put to bed let’s","Great Expectations",31
"have supper!” Which, to say the least of it, was out of keeping.","Great Expectations",31
"","Great Expectations",31
"Upon my unfortunate townsman all these incidents accumulated with","Great Expectations",31
"playful effect. Whenever that undecided Prince had to ask a question or","Great Expectations",31
"state a doubt, the public helped him out with it. As for example; on","Great Expectations",31
"the question whether ’twas nobler in the mind to suffer, some roared","Great Expectations",31
"yes, and some no, and some inclining to both opinions said “Toss up for","Great Expectations",31
"it;” and quite a Debating Society arose. When he asked what should such","Great Expectations",31
"fellows as he do crawling between earth and heaven, he was encouraged","Great Expectations",31
"with loud cries of “Hear, hear!” When he appeared with his stocking","Great Expectations",31
"disordered (its disorder expressed, according to usage, by one very","Great Expectations",31
"neat fold in the top, which I suppose to be always got up with a flat","Great Expectations",31
"iron), a conversation took place in the gallery respecting the paleness","Great Expectations",31
"of his leg, and whether it was occasioned by the turn the ghost had","Great Expectations",31
"given him. On his taking the recorders,—very like a little black flute","Great Expectations",31
"that had just been played in the orchestra and handed out at the","Great Expectations",31
"door,—he was called upon unanimously for Rule Britannia. When he","Great Expectations",31
"recommended the player not to saw the air thus, the sulky man said,","Great Expectations",31
"“And don’t _you_ do it, neither; you’re a deal worse than _him_!” And I","Great Expectations",31
"grieve to add that peals of laughter greeted Mr. Wopsle on every one of","Great Expectations",31
"these occasions.","Great Expectations",31
"","Great Expectations",31
"But his greatest trials were in the churchyard, which had the","Great Expectations",31
"appearance of a primeval forest, with a kind of small ecclesiastical","Great Expectations",31
"wash-house on one side, and a turnpike gate on the other. Mr. Wopsle in","Great Expectations",31
"a comprehensive black cloak, being descried entering at the turnpike,","Great Expectations",31
"the gravedigger was admonished in a friendly way, “Look out! Here’s the","Great Expectations",31
"undertaker a coming, to see how you’re a getting on with your work!” I","Great Expectations",31
"believe it is well known in a constitutional country that Mr. Wopsle","Great Expectations",31
"could not possibly have returned the skull, after moralizing over it,","Great Expectations",31
"without dusting his fingers on a white napkin taken from his breast;","Great Expectations",31
"but even that innocent and indispensable action did not pass without","Great Expectations",31
"the comment, “Wai-ter!” The arrival of the body for interment (in an","Great Expectations",31
"empty black box with the lid tumbling open), was the signal for a","Great Expectations",31
"general joy, which was much enhanced by the discovery, among the","Great Expectations",31
"bearers, of an individual obnoxious to identification. The joy attended","Great Expectations",31
"Mr. Wopsle through his struggle with Laertes on the brink of the","Great Expectations",31
"orchestra and the grave, and slackened no more until he had tumbled the","Great Expectations",31
"king off the kitchen-table, and had died by inches from the ankles","Great Expectations",31
"upward.","Great Expectations",31
"","Great Expectations",31
"We had made some pale efforts in the beginning to applaud Mr. Wopsle;","Great Expectations",31
"but they were too hopeless to be persisted in. Therefore we had sat,","Great Expectations",31
"feeling keenly for him, but laughing, nevertheless, from ear to ear. I","Great Expectations",31
"laughed in spite of myself all the time, the whole thing was so droll;","Great Expectations",31
"and yet I had a latent impression that there was something decidedly","Great Expectations",31
"fine in Mr. Wopsle’s elocution,—not for old associations’ sake, I am","Great Expectations",31
"afraid, but because it was very slow, very dreary, very uphill and","Great Expectations",31
"downhill, and very unlike any way in which any man in any natural","Great Expectations",31
"circumstances of life or death ever expressed himself about anything.","Great Expectations",31
"When the tragedy was over, and he had been called for and hooted, I","Great Expectations",31
"said to Herbert, “Let us go at once, or perhaps we shall meet him.”","Great Expectations",31
"","Great Expectations",31
"We made all the haste we could downstairs, but we were not quick enough","Great Expectations",31
"either. Standing at the door was a Jewish man with an unnatural heavy","Great Expectations",31
"smear of eyebrow, who caught my eyes as we advanced, and said, when we","Great Expectations",31
"came up with him,—","Great Expectations",31
"","Great Expectations",31
"“Mr. Pip and friend?”","Great Expectations",31
"","Great Expectations",31
"Identity of Mr. Pip and friend confessed.","Great Expectations",31
"","Great Expectations",31
"“Mr. Waldengarver,” said the man, “would be glad to have the honour.”","Great Expectations",31
"","Great Expectations",31
"“Waldengarver?” I repeated—when Herbert murmured in my ear, “Probably","Great Expectations",31
"Wopsle.”","Great Expectations",31
"","Great Expectations",31
"“Oh!” said I. “Yes. Shall we follow you?”","Great Expectations",31
"","Great Expectations",31
"“A few steps, please.” When we were in a side alley, he turned and","Great Expectations",31
"asked, “How did you think he looked?—I dressed him.”","Great Expectations",31
"","Great Expectations",31
"I don’t know what he had looked like, except a funeral; with the","Great Expectations",31
"addition of a large Danish sun or star hanging round his neck by a blue","Great Expectations",31
"ribbon, that had given him the appearance of being insured in some","Great Expectations",31
"extraordinary Fire Office. But I said he had looked very nice.","Great Expectations",31
"","Great Expectations",31
"“When he come to the grave,” said our conductor, “he showed his cloak","Great Expectations",31
"beautiful. But, judging from the wing, it looked to me that when he see","Great Expectations",31
"the ghost in the queen’s apartment, he might have made more of his","Great Expectations",31
"stockings.”","Great Expectations",31
"","Great Expectations",31
"I modestly assented, and we all fell through a little dirty swing door,","Great Expectations",31
"into a sort of hot packing-case immediately behind it. Here Mr. Wopsle","Great Expectations",31
"was divesting himself of his Danish garments, and here there was just","Great Expectations",31
"room for us to look at him over one another’s shoulders, by keeping the","Great Expectations",31
"packing-case door, or lid, wide open.","Great Expectations",31
"","Great Expectations",31
"“Gentlemen,” said Mr. Wopsle, “I am proud to see you. I hope, Mr. Pip,","Great Expectations",31
"you will excuse my sending round. I had the happiness to know you in","Great Expectations",31
"former times, and the Drama has ever had a claim which has ever been","Great Expectations",31
"acknowledged, on the noble and the affluent.”","Great Expectations",31
"","Great Expectations",31
"Meanwhile, Mr. Waldengarver, in a frightful perspiration, was trying to","Great Expectations",31
"get himself out of his princely sables.","Great Expectations",31
"","Great Expectations",31
"“Skin the stockings off Mr. Waldengarver,” said the owner of that","Great Expectations",31
"property, “or you’ll bust ’em. Bust ’em, and you’ll bust","Great Expectations",31
"five-and-thirty shillings. Shakspeare never was complimented with a","Great Expectations",31
"finer pair. Keep quiet in your chair now, and leave ’em to me.”","Great Expectations",31
"","Great Expectations",31
"With that, he went upon his knees, and began to flay his victim; who,","Great Expectations",31
"on the first stocking coming off, would certainly have fallen over","Great Expectations",31
"backward with his chair, but for there being no room to fall anyhow.","Great Expectations",31
"","Great Expectations",31
"I had been afraid until then to say a word about the play. But then,","Great Expectations",31
"Mr. Waldengarver looked up at us complacently, and said,—","Great Expectations",31
"","Great Expectations",31
"“Gentlemen, how did it seem to you, to go, in front?”","Great Expectations",31
"","Great Expectations",31
"Herbert said from behind (at the same time poking me), “Capitally.” So","Great Expectations",31
"I said “Capitally.”","Great Expectations",31
"","Great Expectations",31
"“How did you like my reading of the character, gentlemen?” said Mr.","Great Expectations",31
"Waldengarver, almost, if not quite, with patronage.","Great Expectations",31
"","Great Expectations",31
"Herbert said from behind (again poking me), “Massive and concrete.” So","Great Expectations",31
"I said boldly, as if I had originated it, and must beg to insist upon","Great Expectations",31
"it, “Massive and concrete.”","Great Expectations",31
"","Great Expectations",31
"“I am glad to have your approbation, gentlemen,” said Mr. Waldengarver,","Great Expectations",31
"with an air of dignity, in spite of his being ground against the wall","Great Expectations",31
"at the time, and holding on by the seat of the chair.","Great Expectations",31
"","Great Expectations",31
"“But I’ll tell you one thing, Mr. Waldengarver,” said the man who was","Great Expectations",31
"on his knees, “in which you’re out in your reading. Now mind! I don’t","Great Expectations",31
"care who says contrairy; I tell you so. You’re out in your reading of","Great Expectations",31
"Hamlet when you get your legs in profile. The last Hamlet as I dressed,","Great Expectations",31
"made the same mistakes in his reading at rehearsal, till I got him to","Great Expectations",31
"put a large red wafer on each of his shins, and then at that rehearsal","Great Expectations",31
"(which was the last) I went in front, sir, to the back of the pit, and","Great Expectations",31
"whenever his reading brought him into profile, I called out “I don’t","Great Expectations",31
"see no wafers!” And at night his reading was lovely.”","Great Expectations",31
"","Great Expectations",31
"Mr. Waldengarver smiled at me, as much as to say “a faithful","Great Expectations",31
"Dependent—I overlook his folly;” and then said aloud, “My view is a","Great Expectations",31
"little classic and thoughtful for them here; but they will improve,","Great Expectations",31
"they will improve.”","Great Expectations",31
"","Great Expectations",31
"Herbert and I said together, O, no doubt they would improve.","Great Expectations",31
"","Great Expectations",31
"“Did you observe, gentlemen,” said Mr. Waldengarver, “that there was a","Great Expectations",31
"man in the gallery who endeavoured to cast derision on the service,—I","Great Expectations",31
"mean, the representation?”","Great Expectations",31
"","Great Expectations",31
"We basely replied that we rather thought we had noticed such a man. I","Great Expectations",31
"added, “He was drunk, no doubt.”","Great Expectations",31
"","Great Expectations",31
"“O dear no, sir,” said Mr. Wopsle, “not drunk. His employer would see","Great Expectations",31
"to that, sir. His employer would not allow him to be drunk.”","Great Expectations",31
"","Great Expectations",31
"“You know his employer?” said I.","Great Expectations",31
"","Great Expectations",31
"Mr. Wopsle shut his eyes, and opened them again; performing both","Great Expectations",31
"ceremonies very slowly. “You must have observed, gentlemen,” said he,","Great Expectations",31
"“an ignorant and a blatant ass, with a rasping throat and a countenance","Great Expectations",31
"expressive of low malignity, who went through—I will not say","Great Expectations",31
"sustained—the rôle (if I may use a French expression) of Claudius, King","Great Expectations",31
"of Denmark. That is his employer, gentlemen. Such is the profession!”","Great Expectations",31
"","Great Expectations",31
"Without distinctly knowing whether I should have been more sorry for","Great Expectations",31
"Mr. Wopsle if he had been in despair, I was so sorry for him as it was,","Great Expectations",31
"that I took the opportunity of his turning round to have his braces put","Great Expectations",31
"on,—which jostled us out at the doorway,—to ask Herbert what he thought","Great Expectations",31
"of having him home to supper? Herbert said he thought it would be kind","Great Expectations",31
"to do so; therefore I invited him, and he went to Barnard’s with us,","Great Expectations",31
"wrapped up to the eyes, and we did our best for him, and he sat until","Great Expectations",31
"two o’clock in the morning, reviewing his success and developing his","Great Expectations",31
"plans. I forget in detail what they were, but I have a general","Great Expectations",31
"recollection that he was to begin with reviving the Drama, and to end","Great Expectations",31
"with crushing it; inasmuch as his decease would leave it utterly bereft","Great Expectations",31
"and without a chance or hope.","Great Expectations",31
"","Great Expectations",31
"Miserably I went to bed after all, and miserably thought of Estella,","Great Expectations",31
"and miserably dreamed that my expectations were all cancelled, and that","Great Expectations",31
"I had to give my hand in marriage to Herbert’s Clara, or play Hamlet to","Great Expectations",31
"Miss Havisham’s Ghost, before twenty thousand people, without knowing","Great Expectations",31
"twenty words of it.","Great Expectations",31
"","Great Expectations",31
"","Great Expectations",31
"","Great Expectations",31
"","Great Expectations",31
"Chapter XXXII.","Great Expectations",32
"","Great Expectations",32
"","Great Expectations",32
"One day when I was busy with my books and Mr. Pocket, I received a note","Great Expectations",32
"by the post, the mere outside of which threw me into a great flutter;","Great Expectations",32
"for, though I had never seen the handwriting in which it was addressed,","Great Expectations",32
"I divined whose hand it was. It had no set beginning, as Dear Mr. Pip,","Great Expectations",32
"or Dear Pip, or Dear Sir, or Dear Anything, but ran thus:—","Great Expectations",32
"","Great Expectations",32
"“I am to come to London the day after to-morrow by the midday coach. I","Great Expectations",32
"believe it was settled you should meet me? At all events Miss Havisham","Great Expectations",32
"has that impression, and I write in obedience to it. She sends you her","Great Expectations",32
"regard.","Great Expectations",32
"","Great Expectations",32
"","Great Expectations",32
"“Yours, ESTELLA.”","Great Expectations",32
"","Great Expectations",32
"","Great Expectations",32
"If there had been time, I should probably have ordered several suits of","Great Expectations",32
"clothes for this occasion; but as there was not, I was fain to be","Great Expectations",32
"content with those I had. My appetite vanished instantly, and I knew no","Great Expectations",32
"peace or rest until the day arrived. Not that its arrival brought me","Great Expectations",32
"either; for, then I was worse than ever, and began haunting the","Great Expectations",32
"coach-office in Wood Street, Cheapside, before the coach had left the","Great Expectations",32
"Blue Boar in our town. For all that I knew this perfectly well, I still","Great Expectations",32
"felt as if it were not safe to let the coach-office be out of my sight","Great Expectations",32
"longer than five minutes at a time; and in this condition of unreason I","Great Expectations",32
"had performed the first half-hour of a watch of four or five hours,","Great Expectations",32
"when Wemmick ran against me.","Great Expectations",32
"","Great Expectations",32
"“Halloa, Mr. Pip,” said he; “how do you do? I should hardly have","Great Expectations",32
"thought this was _your_ beat.”","Great Expectations",32
"","Great Expectations",32
"I explained that I was waiting to meet somebody who was coming up by","Great Expectations",32
"coach, and I inquired after the Castle and the Aged.","Great Expectations",32
"","Great Expectations",32
"“Both flourishing thankye,” said Wemmick, “and particularly the Aged.","Great Expectations",32
"He’s in wonderful feather. He’ll be eighty-two next birthday. I have a","Great Expectations",32
"notion of firing eighty-two times, if the neighbourhood shouldn’t","Great Expectations",32
"complain, and that cannon of mine should prove equal to the pressure.","Great Expectations",32
"However, this is not London talk. Where do you think I am going to?”","Great Expectations",32
"","Great Expectations",32
"“To the office?” said I, for he was tending in that direction.","Great Expectations",32
"","Great Expectations",32
"“Next thing to it,” returned Wemmick, “I am going to Newgate. We are in","Great Expectations",32
"a banker’s-parcel case just at present, and I have been down the road","Great Expectations",32
"taking a squint at the scene of action, and thereupon must have a word","Great Expectations",32
"or two with our client.”","Great Expectations",32
"","Great Expectations",32
"“Did your client commit the robbery?” I asked.","Great Expectations",32
"","Great Expectations",32
"“Bless your soul and body, no,” answered Wemmick, very drily. “But he","Great Expectations",32
"is accused of it. So might you or I be. Either of us might be accused","Great Expectations",32
"of it, you know.”","Great Expectations",32
"","Great Expectations",32
"“Only neither of us is,” I remarked.","Great Expectations",32
"","Great Expectations",32
"“Yah!” said Wemmick, touching me on the breast with his forefinger;","Great Expectations",32
"“you’re a deep one, Mr. Pip! Would you like to have a look at Newgate?","Great Expectations",32
"Have you time to spare?”","Great Expectations",32
"","Great Expectations",32
"I had so much time to spare, that the proposal came as a relief,","Great Expectations",32
"notwithstanding its irreconcilability with my latent desire to keep my","Great Expectations",32
"eye on the coach-office. Muttering that I would make the inquiry","Great Expectations",32
"whether I had time to walk with him, I went into the office, and","Great Expectations",32
"ascertained from the clerk with the nicest precision and much to the","Great Expectations",32
"trying of his temper, the earliest moment at which the coach could be","Great Expectations",32
"expected,—which I knew beforehand, quite as well as he. I then rejoined","Great Expectations",32
"Mr. Wemmick, and affecting to consult my watch, and to be surprised by","Great Expectations",32
"the information I had received, accepted his offer.","Great Expectations",32
"","Great Expectations",32
"We were at Newgate in a few minutes, and we passed through the lodge","Great Expectations",32
"where some fetters were hanging up on the bare walls among the prison","Great Expectations",32
"rules, into the interior of the jail. At that time jails were much","Great Expectations",32
"neglected, and the period of exaggerated reaction consequent on all","Great Expectations",32
"public wrongdoing—and which is always its heaviest and longest","Great Expectations",32
"punishment—was still far off. So, felons were not lodged and fed better","Great Expectations",32
"than soldiers (to say nothing of paupers), and seldom set fire to their","Great Expectations",32
"prisons with the excusable object of improving the flavour of their","Great Expectations",32
"soup. It was visiting time when Wemmick took me in, and a potman was","Great Expectations",32
"going his rounds with beer; and the prisoners, behind bars in yards,","Great Expectations",32
"were buying beer, and talking to friends; and a frowzy, ugly,","Great Expectations",32
"disorderly, depressing scene it was.","Great Expectations",32
"","Great Expectations",32
"It struck me that Wemmick walked among the prisoners much as a gardener","Great Expectations",32
"might walk among his plants. This was first put into my head by his","Great Expectations",32
"seeing a shoot that had come up in the night, and saying, “What,","Great Expectations",32
"Captain Tom? Are _you_ there? Ah, indeed!” and also, “Is that Black","Great Expectations",32
"Bill behind the cistern? Why I didn’t look for you these two months;","Great Expectations",32
"how do you find yourself?” Equally in his stopping at the bars and","Great Expectations",32
"attending to anxious whisperers,—always singly,—Wemmick with his","Great Expectations",32
"post-office in an immovable state, looked at them while in conference,","Great Expectations",32
"as if he were taking particular notice of the advance they had made,","Great Expectations",32
"since last observed, towards coming out in full blow at their trial.","Great Expectations",32
"","Great Expectations",32
"He was highly popular, and I found that he took the familiar department","Great Expectations",32
"of Mr. Jaggers’s business; though something of the state of Mr. Jaggers","Great Expectations",32
"hung about him too, forbidding approach beyond certain limits. His","Great Expectations",32
"personal recognition of each successive client was comprised in a nod,","Great Expectations",32
"and in his settling his hat a little easier on his head with both","Great Expectations",32
"hands, and then tightening the post-office, and putting his hands in","Great Expectations",32
"his pockets. In one or two instances there was a difficulty respecting","Great Expectations",32
"the raising of fees, and then Mr. Wemmick, backing as far as possible","Great Expectations",32
"from the insufficient money produced, said, “it’s no use, my boy. I’m","Great Expectations",32
"only a subordinate. I can’t take it. Don’t go on in that way with a","Great Expectations",32
"subordinate. If you are unable to make up your quantum, my boy, you had","Great Expectations",32
"better address yourself to a principal; there are plenty of principals","Great Expectations",32
"in the profession, you know, and what is not worth the while of one,","Great Expectations",32
"may be worth the while of another; that’s my recommendation to you,","Great Expectations",32
"speaking as a subordinate. Don’t try on useless measures. Why should","Great Expectations",32
"you? Now, who’s next?”","Great Expectations",32
"","Great Expectations",32
"Thus, we walked through Wemmick’s greenhouse, until he turned to me and","Great Expectations",32
"said, “Notice the man I shall shake hands with.” I should have done so,","Great Expectations",32
"without the preparation, as he had shaken hands with no one yet.","Great Expectations",32
"","Great Expectations",32
"Almost as soon as he had spoken, a portly upright man (whom I can see","Great Expectations",32
"now, as I write) in a well-worn olive-coloured frock-coat, with a","Great Expectations",32
"peculiar pallor overspreading the red in his complexion, and eyes that","Great Expectations",32
"went wandering about when he tried to fix them, came up to a corner of","Great Expectations",32
"the bars, and put his hand to his hat—which had a greasy and fatty","Great Expectations",32
"surface like cold broth—with a half-serious and half-jocose military","Great Expectations",32
"salute.","Great Expectations",32
"","Great Expectations",32
"“Colonel, to you!” said Wemmick; “how are you, Colonel?”","Great Expectations",32
"","Great Expectations",32
"“All right, Mr. Wemmick.”","Great Expectations",32
"","Great Expectations",32
"“Everything was done that could be done, but the evidence was too","Great Expectations",32
"strong for us, Colonel.”","Great Expectations",32
"","Great Expectations",32
"“Yes, it was too strong, sir,—but _I_ don’t care.”","Great Expectations",32
"","Great Expectations",32
"“No, no,” said Wemmick, coolly, “_you_ don’t care.” Then, turning to","Great Expectations",32
"me, “Served His Majesty this man. Was a soldier in the line and bought","Great Expectations",32
"his discharge.”","Great Expectations",32
"","Great Expectations",32
"I said, “Indeed?” and the man’s eyes looked at me, and then looked over","Great Expectations",32
"my head, and then looked all round me, and then he drew his hand across","Great Expectations",32
"his lips and laughed.","Great Expectations",32
"","Great Expectations",32
"“I think I shall be out of this on Monday, sir,” he said to Wemmick.","Great Expectations",32
"","Great Expectations",32
"“Perhaps,” returned my friend, “but there’s no knowing.”","Great Expectations",32
"","Great Expectations",32
"“I am glad to have the chance of bidding you good-bye, Mr. Wemmick,”","Great Expectations",32
"said the man, stretching out his hand between two bars.","Great Expectations",32
"","Great Expectations",32
"“Thankye,” said Wemmick, shaking hands with him. “Same to you,","Great Expectations",32
"Colonel.”","Great Expectations",32
"","Great Expectations",32
"“If what I had upon me when taken had been real, Mr. Wemmick,” said the","Great Expectations",32
"man, unwilling to let his hand go, “I should have asked the favour of","Great Expectations",32
"your wearing another ring—in acknowledgment of your attentions.”","Great Expectations",32
"","Great Expectations",32
"“I’ll accept the will for the deed,” said Wemmick. “By the by; you were","Great Expectations",32
"quite a pigeon-fancier.” The man looked up at the sky. “I am told you","Great Expectations",32
"had a remarkable breed of tumblers. _Could_ you commission any friend","Great Expectations",32
"of yours to bring me a pair, if you’ve no further use for ’em?”","Great Expectations",32
"","Great Expectations",32
"“It shall be done, sir.”","Great Expectations",32
"","Great Expectations",32
"“All right,” said Wemmick, “they shall be taken care of.","Great Expectations",32
"Good-afternoon, Colonel. Good-bye!” They shook hands again, and as we","Great Expectations",32
"walked away Wemmick said to me, “A Coiner, a very good workman. The","Great Expectations",32
"Recorder’s report is made to-day, and he is sure to be executed on","Great Expectations",32
"Monday. Still you see, as far as it goes, a pair of pigeons are","Great Expectations",32
"portable property all the same.” With that, he looked back, and nodded","Great Expectations",32
"at this dead plant, and then cast his eyes about him in walking out of","Great Expectations",32
"the yard, as if he were considering what other pot would go best in its","Great Expectations",32
"place.","Great Expectations",32
"","Great Expectations",32
"As we came out of the prison through the lodge, I found that the great","Great Expectations",32
"importance of my guardian was appreciated by the turnkeys, no less than","Great Expectations",32
"by those whom they held in charge. “Well, Mr. Wemmick,” said the","Great Expectations",32
"turnkey, who kept us between the two studded and spiked lodge gates,","Great Expectations",32
"and who carefully locked one before he unlocked the other, “what’s Mr.","Great Expectations",32
"Jaggers going to do with that water-side murder? Is he going to make it","Great Expectations",32
"manslaughter, or what’s he going to make of it?”","Great Expectations",32
"","Great Expectations",32
"“Why don’t you ask him?” returned Wemmick.","Great Expectations",32
"","Great Expectations",32
"“O yes, I dare say!” said the turnkey.","Great Expectations",32
"","Great Expectations",32
"“Now, that’s the way with them here, Mr. Pip,” remarked Wemmick,","Great Expectations",32
"turning to me with his post-office elongated. “They don’t mind what","Great Expectations",32
"they ask of me, the subordinate; but you’ll never catch ’em asking any","Great Expectations",32
"questions of my principal.”","Great Expectations",32
"","Great Expectations",32
"“Is this young gentleman one of the ’prentices or articled ones of your","Great Expectations",32
"office?” asked the turnkey, with a grin at Mr. Wemmick’s humour.","Great Expectations",32
"","Great Expectations",32
"“There he goes again, you see!” cried Wemmick, “I told you so! Asks","Great Expectations",32
"another question of the subordinate before his first is dry! Well,","Great Expectations",32
"supposing Mr. Pip is one of them?”","Great Expectations",32
"","Great Expectations",32
"“Why then,” said the turnkey, grinning again, “he knows what Mr.","Great Expectations",32
"Jaggers is.”","Great Expectations",32
"","Great Expectations",32
"“Yah!” cried Wemmick, suddenly hitting out at the turnkey in a","Great Expectations",32
"facetious way, “you’re dumb as one of your own keys when you have to do","Great Expectations",32
"with my principal, you know you are. Let us out, you old fox, or I’ll","Great Expectations",32
"get him to bring an action against you for false imprisonment.”","Great Expectations",32
"","Great Expectations",32
"The turnkey laughed, and gave us good day, and stood laughing at us","Great Expectations",32
"over the spikes of the wicket when we descended the steps into the","Great Expectations",32
"street.","Great Expectations",32
"","Great Expectations",32
"“Mind you, Mr. Pip,” said Wemmick, gravely in my ear, as he took my arm","Great Expectations",32
"to be more confidential; “I don’t know that Mr. Jaggers does a better","Great Expectations",32
"thing than the way in which he keeps himself so high. He’s always so","Great Expectations",32
"high. His constant height is of a piece with his immense abilities.","Great Expectations",32
"That Colonel durst no more take leave of _him_, than that turnkey durst","Great Expectations",32
"ask him his intentions respecting a case. Then, between his height and","Great Expectations",32
"them, he slips in his subordinate,—don’t you see?—and so he has ’em,","Great Expectations",32
"soul and body.”","Great Expectations",32
"","Great Expectations",32
"I was very much impressed, and not for the first time, by my guardian’s","Great Expectations",32
"subtlety. To confess the truth, I very heartily wished, and not for the","Great Expectations",32
"first time, that I had had some other guardian of minor abilities.","Great Expectations",32
"","Great Expectations",32
"Mr. Wemmick and I parted at the office in Little Britain, where","Great Expectations",32
"suppliants for Mr. Jaggers’s notice were lingering about as usual, and","Great Expectations",32
"I returned to my watch in the street of the coach-office, with some","Great Expectations",32
"three hours on hand. I consumed the whole time in thinking how strange","Great Expectations",32
"it was that I should be encompassed by all this taint of prison and","Great Expectations",32
"crime; that, in my childhood out on our lonely marshes on a winter","Great Expectations",32
"evening, I should have first encountered it; that, it should have","Great Expectations",32
"reappeared on two occasions, starting out like a stain that was faded","Great Expectations",32
"but not gone; that, it should in this new way pervade my fortune and","Great Expectations",32
"advancement. While my mind was thus engaged, I thought of the beautiful","Great Expectations",32
"young Estella, proud and refined, coming towards me, and I thought with","Great Expectations",32
"absolute abhorrence of the contrast between the jail and her. I wished","Great Expectations",32
"that Wemmick had not met me, or that I had not yielded to him and gone","Great Expectations",32
"with him, so that, of all days in the year on this day, I might not","Great Expectations",32
"have had Newgate in my breath and on my clothes. I beat the prison dust","Great Expectations",32
"off my feet as I sauntered to and fro, and I shook it out of my dress,","Great Expectations",32
"and I exhaled its air from my lungs. So contaminated did I feel,","Great Expectations",32
"remembering who was coming, that the coach came quickly after all, and","Great Expectations",32
"I was not yet free from the soiling consciousness of Mr. Wemmick’s","Great Expectations",32
"conservatory, when I saw her face at the coach window and her hand","Great Expectations",32
"waving to me.","Great Expectations",32
"","Great Expectations",32
"What _was_ the nameless shadow which again in that one instant had","Great Expectations",32
"passed?","Great Expectations",32
"","Great Expectations",32
"","Great Expectations",32
"","Great Expectations",32
"","Great Expectations",32
"Chapter LVIII.","Great Expectations",58
"","Great Expectations",58
"","Great Expectations",58
"The tidings of my high fortunes having had a heavy fall had got down to","Great Expectations",58
"my native place and its neighbourhood before I got there. I found the","Great Expectations",58
"Blue Boar in possession of the intelligence, and I found that it made a","Great Expectations",58
"great change in the Boar’s demeanour. Whereas the Boar had cultivated","Great Expectations",58
"my good opinion with warm assiduity when I was coming into property,","Great Expectations",58
"the Boar was exceedingly cool on the subject now that I was going out","Great Expectations",58
"of property.","Great Expectations",58
"","Great Expectations",58
"It was evening when I arrived, much fatigued by the journey I had so","Great Expectations",58
"often made so easily. The Boar could not put me into my usual bedroom,","Great Expectations",58
"which was engaged (probably by some one who had expectations), and","Great Expectations",58
"could only assign me a very indifferent chamber among the pigeons and","Great Expectations",58
"post-chaises up the yard. But I had as sound a sleep in that lodging as","Great Expectations",58
"in the most superior accommodation the Boar could have given me, and","Great Expectations",58
"the quality of my dreams was about the same as in the best bedroom.","Great Expectations",58
"","Great Expectations",58
"Early in the morning, while my breakfast was getting ready, I strolled","Great Expectations",58
"round by Satis House. There were printed bills on the gate and on bits","Great Expectations",58
"of carpet hanging out of the windows, announcing a sale by auction of","Great Expectations",58
"the Household Furniture and Effects, next week. The House itself was to","Great Expectations",58
"be sold as old building materials, and pulled down. LOT 1 was marked in","Great Expectations",58
"whitewashed knock-knee letters on the brew house; LOT 2 on that part of","Great Expectations",58
"the main building which had been so long shut up. Other lots were","Great Expectations",58
"marked off on other parts of the structure, and the ivy had been torn","Great Expectations",58
"down to make room for the inscriptions, and much of it trailed low in","Great Expectations",58
"the dust and was withered already. Stepping in for a moment at the open","Great Expectations",58
"gate, and looking around me with the uncomfortable air of a stranger","Great Expectations",58
"who had no business there, I saw the auctioneer’s clerk walking on the","Great Expectations",58
"casks and telling them off for the information of a catalogue-compiler,","Great Expectations",58
"pen in hand, who made a temporary desk of the wheeled chair I had so","Great Expectations",58
"often pushed along to the tune of Old Clem.","Great Expectations",58
"","Great Expectations",58
"When I got back to my breakfast in the Boar’s coffee-room, I found Mr.","Great Expectations",58
"Pumblechook conversing with the landlord. Mr. Pumblechook (not improved","Great Expectations",58
"in appearance by his late nocturnal adventure) was waiting for me, and","Great Expectations",58
"addressed me in the following terms:—","Great Expectations",58
"","Great Expectations",58
"“Young man, I am sorry to see you brought low. But what else could be","Great Expectations",58
"expected! what else could be expected!”","Great Expectations",58
"","Great Expectations",58
"As he extended his hand with a magnificently forgiving air, and as I","Great Expectations",58
"was broken by illness and unfit to quarrel, I took it.","Great Expectations",58
"","Great Expectations",58
"“William,” said Mr. Pumblechook to the waiter, “put a muffin on table.","Great Expectations",58
"And has it come to this! Has it come to this!”","Great Expectations",58
"","Great Expectations",58
"I frowningly sat down to my breakfast. Mr. Pumblechook stood over me","Great Expectations",58
"and poured out my tea—before I could touch the teapot—with the air of a","Great Expectations",58
"benefactor who was resolved to be true to the last.","Great Expectations",58
"","Great Expectations",58
"“William,” said Mr. Pumblechook, mournfully, “put the salt on. In","Great Expectations",58
"happier times,” addressing me, “I think you took sugar? And did you","Great Expectations",58
"take milk? You did. Sugar and milk. William, bring a watercress.”","Great Expectations",58
"","Great Expectations",58
"“Thank you,” said I, shortly, “but I don’t eat watercresses.”","Great Expectations",58
"","Great Expectations",58
"“You don’t eat ’em,” returned Mr. Pumblechook, sighing and nodding his","Great Expectations",58
"head several times, as if he might have expected that, and as if","Great Expectations",58
"abstinence from watercresses were consistent with my downfall. “True.","Great Expectations",58
"The simple fruits of the earth. No. You needn’t bring any, William.”","Great Expectations",58
"","Great Expectations",58
"I went on with my breakfast, and Mr. Pumblechook continued to stand","Great Expectations",58
"over me, staring fishily and breathing noisily, as he always did.","Great Expectations",58
"","Great Expectations",58
"“Little more than skin and bone!” mused Mr. Pumblechook, aloud. “And","Great Expectations",58
"yet when he went from here (I may say with my blessing), and I spread","Great Expectations",58
"afore him my humble store, like the Bee, he was as plump as a Peach!”","Great Expectations",58
"","Great Expectations",58
"This reminded me of the wonderful difference between the servile manner","Great Expectations",58
"in which he had offered his hand in my new prosperity, saying, “May I?”","Great Expectations",58
"and the ostentatious clemency with which he had just now exhibited the","Great Expectations",58
"same fat five fingers.","Great Expectations",58
"","Great Expectations",58
"“Hah!” he went on, handing me the bread and butter. “And air you","Great Expectations",58
"a-going to Joseph?”","Great Expectations",58
"","Great Expectations",58
"“In heaven’s name,” said I, firing in spite of myself, “what does it","Great Expectations",58
"matter to you where I am going? Leave that teapot alone.”","Great Expectations",58
"","Great Expectations",58
"It was the worst course I could have taken, because it gave Pumblechook","Great Expectations",58
"the opportunity he wanted.","Great Expectations",58
"","Great Expectations",58
"“Yes, young man,” said he, releasing the handle of the article in","Great Expectations",58
"question, retiring a step or two from my table, and speaking for the","Great Expectations",58
"behoof of the landlord and waiter at the door, “I _will_ leave that","Great Expectations",58
"teapot alone. You are right, young man. For once you are right. I","Great Expectations",58
"forgit myself when I take such an interest in your breakfast, as to","Great Expectations",58
"wish your frame, exhausted by the debilitating effects of","Great Expectations",58
"prodigygality, to be stimilated by the ’olesome nourishment of your","Great Expectations",58
"forefathers. And yet,” said Pumblechook, turning to the landlord and","Great Expectations",58
"waiter, and pointing me out at arm’s length, “this is him as I ever","Great Expectations",58
"sported with in his days of happy infancy! Tell me not it cannot be; I","Great Expectations",58
"tell you this is him!”","Great Expectations",58
"","Great Expectations",58
"A low murmur from the two replied. The waiter appeared to be","Great Expectations",58
"particularly affected.","Great Expectations",58
"","Great Expectations",58
"“This is him,” said Pumblechook, “as I have rode in my shay-cart. This","Great Expectations",58
"is him as I have seen brought up by hand. This is him untoe the sister","Great Expectations",58
"of which I was uncle by marriage, as her name was Georgiana M’ria from","Great Expectations",58
"her own mother, let him deny it if he can!”","Great Expectations",58
"","Great Expectations",58
"The waiter seemed convinced that I could not deny it, and that it gave","Great Expectations",58
"the case a black look.","Great Expectations",58
"","Great Expectations",58
"“Young man,” said Pumblechook, screwing his head at me in the old","Great Expectations",58
"fashion, “you air a-going to Joseph. What does it matter to me, you ask","Great Expectations",58
"me, where you air a-going? I say to you, Sir, you air a-going to","Great Expectations",58
"Joseph.”","Great Expectations",58
"","Great Expectations",58
"The waiter coughed, as if he modestly invited me to get over that.","Great Expectations",58
"","Great Expectations",58
"“Now,” said Pumblechook, and all this with a most exasperating air of","Great Expectations",58
"saying in the cause of virtue what was perfectly convincing and","Great Expectations",58
"conclusive, “I will tell you what to say to Joseph. Here is Squires of","Great Expectations",58
"the Boar present, known and respected in this town, and here is","Great Expectations",58
"William, which his father’s name was Potkins if I do not deceive","Great Expectations",58
"myself.”","Great Expectations",58
"","Great Expectations",58
"“You do not, sir,” said William.","Great Expectations",58
"","Great Expectations",58
"“In their presence,” pursued Pumblechook, “I will tell you, young man,","Great Expectations",58
"what to say to Joseph. Says you, “Joseph, I have this day seen my","Great Expectations",58
"earliest benefactor and the founder of my fortun’s. I will name no","Great Expectations",58
"names, Joseph, but so they are pleased to call him up town, and I have","Great Expectations",58
"seen that man.”","Great Expectations",58
"","Great Expectations",58
"“I swear I don’t see him here,” said I.","Great Expectations",58
"","Great Expectations",58
"“Say that likewise,” retorted Pumblechook. “Say you said that, and even","Great Expectations",58
"Joseph will probably betray surprise.”","Great Expectations",58
"","Great Expectations",58
"“There you quite mistake him,” said I. “I know better.”","Great Expectations",58
"","Great Expectations",58
"“Says you,” Pumblechook went on, “‘Joseph, I have seen that man, and","Great Expectations",58
"that man bears you no malice and bears me no malice. He knows your","Great Expectations",58
"character, Joseph, and is well acquainted with your pig-headedness and","Great Expectations",58
"ignorance; and he knows my character, Joseph, and he knows my want of","Great Expectations",58
"gratitoode. Yes, Joseph,’ says you,” here Pumblechook shook his head","Great Expectations",58
"and hand at me, “‘he knows my total deficiency of common human","Great Expectations",58
"gratitoode. _He_ knows it, Joseph, as none can. _You_ do not know it,","Great Expectations",58
"Joseph, having no call to know it, but that man do.’”","Great Expectations",58
"","Great Expectations",58
"Windy donkey as he was, it really amazed me that he could have the face","Great Expectations",58
"to talk thus to mine.","Great Expectations",58
"","Great Expectations",58
"“Says you, ‘Joseph, he gave me a little message, which I will now","Great Expectations",58
"repeat. It was that, in my being brought low, he saw the finger of","Great Expectations",58
"Providence. He knowed that finger when he saw Joseph, and he saw it","Great Expectations",58
"plain. It pinted out this writing, Joseph. _Reward of ingratitoode to","Great Expectations",58
"his earliest benefactor, and founder of fortun’s_. But that man said he","Great Expectations",58
"did not repent of what he had done, Joseph. Not at all. It was right to","Great Expectations",58
"do it, it was kind to do it, it was benevolent to do it, and he would","Great Expectations",58
"do it again.’”","Great Expectations",58
"","Great Expectations",58
"“It’s pity,” said I, scornfully, as I finished my interrupted","Great Expectations",58
"breakfast, “that the man did not say what he had done and would do","Great Expectations",58
"again.”","Great Expectations",58
"","Great Expectations",58
"“Squires of the Boar!” Pumblechook was now addressing the landlord,","Great Expectations",58
"“and William! I have no objections to your mentioning, either up town","Great Expectations",58
"or down town, if such should be your wishes, that it was right to do","Great Expectations",58
"it, kind to do it, benevolent to do it, and that I would do it again.”","Great Expectations",58
"","Great Expectations",58
"With those words the Impostor shook them both by the hand, with an air,","Great Expectations",58
"and left the house; leaving me much more astonished than delighted by","Great Expectations",58
"the virtues of that same indefinite “it.” I was not long after him in","Great Expectations",58
"leaving the house too, and when I went down the High Street I saw him","Great Expectations",58
"holding forth (no doubt to the same effect) at his shop door to a","Great Expectations",58
"select group, who honoured me with very unfavourable glances as I","Great Expectations",58
"passed on the opposite side of the way.","Great Expectations",58
"","Great Expectations",58
"But, it was only the pleasanter to turn to Biddy and to Joe, whose","Great Expectations",58
"great forbearance shone more brightly than before, if that could be,","Great Expectations",58
"contrasted with this brazen pretender. I went towards them slowly, for","Great Expectations",58
"my limbs were weak, but with a sense of increasing relief as I drew","Great Expectations",58
"nearer to them, and a sense of leaving arrogance and untruthfulness","Great Expectations",58
"further and further behind.","Great Expectations",58
"","Great Expectations",58
"The June weather was delicious. The sky was blue, the larks were","Great Expectations",58
"soaring high over the green corn, I thought all that countryside more","Great Expectations",58
"beautiful and peaceful by far than I had ever known it to be yet. Many","Great Expectations",58
"pleasant pictures of the life that I would lead there, and of the","Great Expectations",58
"change for the better that would come over my character when I had a","Great Expectations",58
"guiding spirit at my side whose simple faith and clear home wisdom I","Great Expectations",58
"had proved, beguiled my way. They awakened a tender emotion in me; for","Great Expectations",58
"my heart was softened by my return, and such a change had come to pass,","Great Expectations",58
"that I felt like one who was toiling home barefoot from distant travel,","Great Expectations",58
"and whose wanderings had lasted many years.","Great Expectations",58
"","Great Expectations",58
"The schoolhouse where Biddy was mistress I had never seen; but, the","Great Expectations",58
"little roundabout lane by which I entered the village, for quietness’","Great Expectations",58
"sake, took me past it. I was disappointed to find that the day was a","Great Expectations",58
"holiday; no children were there, and Biddy’s house was closed. Some","Great Expectations",58
"hopeful notion of seeing her, busily engaged in her daily duties,","Great Expectations",58
"before she saw me, had been in my mind and was defeated.","Great Expectations",58
"","Great Expectations",58
"But the forge was a very short distance off, and I went towards it","Great Expectations",58
"under the sweet green limes, listening for the clink of Joe’s hammer.","Great Expectations",58
"Long after I ought to have heard it, and long after I had fancied I","Great Expectations",58
"heard it and found it but a fancy, all was still. The limes were there,","Great Expectations",58
"and the white thorns were there, and the chestnut-trees were there, and","Great Expectations",58
"their leaves rustled harmoniously when I stopped to listen; but, the","Great Expectations",58
"clink of Joe’s hammer was not in the midsummer wind.","Great Expectations",58
"","Great Expectations",58
"Almost fearing, without knowing why, to come in view of the forge, I","Great Expectations",58
"saw it at last, and saw that it was closed. No gleam of fire, no","Great Expectations",58
"glittering shower of sparks, no roar of bellows; all shut up, and","Great Expectations",58
"still.","Great Expectations",58
"","Great Expectations",58
"But the house was not deserted, and the best parlour seemed to be in","Great Expectations",58
"use, for there were white curtains fluttering in its window, and the","Great Expectations",58
"window was open and gay with flowers. I went softly towards it, meaning","Great Expectations",58
"to peep over the flowers, when Joe and Biddy stood before me, arm in","Great Expectations",58
"arm.","Great Expectations",58
"","Great Expectations",58
"At first Biddy gave a cry, as if she thought it was my apparition, but","Great Expectations",58
"in another moment she was in my embrace. I wept to see her, and she","Great Expectations",58
"wept to see me; I, because she looked so fresh and pleasant; she,","Great Expectations",58
"because I looked so worn and white.","Great Expectations",58
"","Great Expectations",58
"“But dear Biddy, how smart you are!”","Great Expectations",58
"","Great Expectations",58
"“Yes, dear Pip.”","Great Expectations",58
"","Great Expectations",58
"“And Joe, how smart _you_ are!”","Great Expectations",58
"","Great Expectations",58
"“Yes, dear old Pip, old chap.”","Great Expectations",58
"","Great Expectations",58
"I looked at both of them, from one to the other, and then—","Great Expectations",58
"","Great Expectations",58
"“It’s my wedding-day!” cried Biddy, in a burst of happiness, “and I am","Great Expectations",58
"married to Joe!”","Great Expectations",58
"","Great Expectations",58
"They had taken me into the kitchen, and I had laid my head down on the","Great Expectations",58
"old deal table. Biddy held one of my hands to her lips, and Joe’s","Great Expectations",58
"restoring touch was on my shoulder. “Which he warn’t strong enough, my","Great Expectations",58
"dear, fur to be surprised,” said Joe. And Biddy said, “I ought to have","Great Expectations",58
"thought of it, dear Joe, but I was too happy.” They were both so","Great Expectations",58
"overjoyed to see me, so proud to see me, so touched by my coming to","Great Expectations",58
"them, so delighted that I should have come by accident to make their","Great Expectations",58
"day complete!","Great Expectations",58
"","Great Expectations",58
"My first thought was one of great thankfulness that I had never","Great Expectations",58
"breathed this last baffled hope to Joe. How often, while he was with me","Great Expectations",58
"in my illness, had it risen to my lips! How irrevocable would have been","Great Expectations",58
"his knowledge of it, if he had remained with me but another hour!","Great Expectations",58
"","Great Expectations",58
"“Dear Biddy,” said I, “you have the best husband in the whole world,","Great Expectations",58
"and if you could have seen him by my bed you would have—But no, you","Great Expectations",58
"couldn’t love him better than you do.”","Great Expectations",58
"","Great Expectations",58
"“No, I couldn’t indeed,” said Biddy.","Great Expectations",58
"","Great Expectations",58
"“And, dear Joe, you have the best wife in the whole world, and she will","Great Expectations",58
"make you as happy as even you deserve to be, you dear, good, noble","Great Expectations",58
"Joe!”","Great Expectations",58
"","Great Expectations",58
"Joe looked at me with a quivering lip, and fairly put his sleeve before","Great Expectations",58
"his eyes.","Great Expectations",58
"","Great Expectations",58
"“And Joe and Biddy both, as you have been to church to-day, and are in","Great Expectations",58
"charity and love with all mankind, receive my humble thanks for all you","Great Expectations",58
"have done for me, and all I have so ill repaid! And when I say that I","Great Expectations",58
"am going away within the hour, for I am soon going abroad, and that I","Great Expectations",58
"shall never rest until I have worked for the money with which you have","Great Expectations",58
"kept me out of prison, and have sent it to you, don’t think, dear Joe","Great Expectations",58
"and Biddy, that if I could repay it a thousand times over, I suppose I","Great Expectations",58
"could cancel a farthing of the debt I owe you, or that I would do so if","Great Expectations",58
"I could!”","Great Expectations",58
"","Great Expectations",58
"They were both melted by these words, and both entreated me to say no","Great Expectations",58
"more.","Great Expectations",58
"","Great Expectations",58
"“But I must say more. Dear Joe, I hope you will have children to love,","Great Expectations",58
"and that some little fellow will sit in this chimney-corner of a winter","Great Expectations",58
"night, who may remind you of another little fellow gone out of it for","Great Expectations",58
"ever. Don’t tell him, Joe, that I was thankless; don’t tell him, Biddy,","Great Expectations",58
"that I was ungenerous and unjust; only tell him that I honoured you","Great Expectations",58
"both, because you were both so good and true, and that, as your child,","Great Expectations",58
"I said it would be natural to him to grow up a much better man than I","Great Expectations",58
"did.”","Great Expectations",58
"","Great Expectations",58
"“I ain’t a-going,” said Joe, from behind his sleeve, “to tell him","Great Expectations",58
"nothink o’ that natur, Pip. Nor Biddy ain’t. Nor yet no one ain’t.”","Great Expectations",58
"","Great Expectations",58
"“And now, though I know you have already done it in your own kind","Great Expectations",58
"hearts, pray tell me, both, that you forgive me! Pray let me hear you","Great Expectations",58
"say the words, that I may carry the sound of them away with me, and","Great Expectations",58
"then I shall be able to believe that you can trust me, and think better","Great Expectations",58
"of me, in the time to come!”","Great Expectations",58
"","Great Expectations",58
"“O dear old Pip, old chap,” said Joe. “God knows as I forgive you, if I","Great Expectations",58
"have anythink to forgive!”","Great Expectations",58
"","Great Expectations",58
"“Amen! And God knows I do!” echoed Biddy.","Great Expectations",58
"","Great Expectations",58
"“Now let me go up and look at my old little room, and rest there a few","Great Expectations",58
"minutes by myself. And then, when I have eaten and drunk with you, go","Great Expectations",58
"with me as far as the finger-post, dear Joe and Biddy, before we say","Great Expectations",58
"good-bye!”","Great Expectations",58
"","Great Expectations",58
"","Great Expectations",58
"","Great Expectations",58
"","Great Expectations",58
"I sold all I had, and put aside as much as I could, for a composition","Great Expectations",58
"with my creditors,—who gave me ample time to pay them in full,—and I","Great Expectations",58
"went out and joined Herbert. Within a month, I had quitted England, and","Great Expectations",58
"within two months I was clerk to Clarriker and Co., and within four","Great Expectations",58
"months I assumed my first undivided responsibility. For the beam across","Great Expectations",58
"the parlour ceiling at Mill Pond Bank had then ceased to tremble under","Great Expectations",58
"old Bill Barley’s growls and was at peace, and Herbert had gone away to","Great Expectations",58
"marry Clara, and I was left in sole charge of the Eastern Branch until","Great Expectations",58
"he brought her back.","Great Expectations",58
"","Great Expectations",58
"Many a year went round before I was a partner in the House; but I lived","Great Expectations",58
"happily with Herbert and his wife, and lived frugally, and paid my","Great Expectations",58
"debts, and maintained a constant correspondence with Biddy and Joe. It","Great Expectations",58
"was not until I became third in the Firm, that Clarriker betrayed me to","Great Expectations",58
"Herbert; but he then declared that the secret of Herbert’s partnership","Great Expectations",58
"had been long enough upon his conscience, and he must tell it. So he","Great Expectations",58
"told it, and Herbert was as much moved as amazed, and the dear fellow","Great Expectations",58
"and I were not the worse friends for the long concealment. I must not","Great Expectations",58
"leave it to be supposed that we were ever a great House, or that we","Great Expectations",58
"made mints of money. We were not in a grand way of business, but we had","Great Expectations",58
"a good name, and worked for our profits, and did very well. We owed so","Great Expectations",58
"much to Herbert’s ever cheerful industry and readiness, that I often","Great Expectations",58
"wondered how I had conceived that old idea of his inaptitude, until I","Great Expectations",58
"was one day enlightened by the reflection, that perhaps the inaptitude","Great Expectations",58
"had never been in him at all, but had been in me.","Great Expectations",58
"","Great Expectations",58
"","Great Expectations",58
"","Great Expectations",58
"","Great Expectations",58
