"Message","Longitude","Latitude","Island"
"#IoSTSHelp Medical supplies are gone. Can't treat wounds or illnesses.",-27.3533,14.9813,"Justitia"
"#IoSTSHelp We're running out of food and have no idea when help will arrive.",-27.2667,14.7918,"Justitia"
"#IoSTSHelp We have a medical emergency and no way to get help. No fuel for cooking or heating. Conditions are worsening.",-27.4072,14.7502,"Justitia"
"#IoSTSHelp There's nothing left to eat. Everyone is hungry and exhausted.",-27.3238,14.763,"Justitia"
"#IoSTSHelp Out of fuel. We can't run the generator anymore. We lost everything, including our shelter. Nowhere to go. We've gone two days without a proper meal. People are getting weak.",-27.2019,14.5026,"Justitia"
"#IoSTSHelp Someone here is badly injured. We need medical attention urgently. Shelter is damaged beyond use. We're trying to stay dry and safe. There's nothing left to eat. Everyone is hungry and exhausted.",-27.7059,14.7138,"Justitia"
"#IoSTSHelp We have a medical emergency and no way to get help. There's nothing left to eat. Everyone is hungry and exhausted.",-27.3203,14.6839,"Justitia"
"#IoSTSHelp Medical supplies are gone. Can't treat wounds or illnesses. We lost everything, including our shelter. Nowhere to go. We've gone two days without a proper meal. People are getting weak.",-27.6089,14.7191,"Justitia"
"#IoSTSHelp Out of fuel. We can't run the generator anymore. Food supplies are completely gone. We need assistance urgently. Shelter is damaged beyond use. We're trying to stay dry and safe.",-27.3505,14.3562,"Justitia"
"#IoSTSHelp Running dangerously low on fuel. Trying to conserve what's left. Still waiting for help—someone needs urgent medical care.",-27.7742,14.7622,"Justitia"
"#IoSTSHelp We have a medical emergency and no way to get help.",-27.2719,14.6782,"Justitia"
"#IoSTSHelp Someone here is badly injured. We need medical attention urgently. Out of fuel. We can't run the generator anymore. Food supplies are completely gone. We need assistance urgently.",NA,NA,"Justitia"
"#IoSTSHelp Our shelter didn't survive the storm. We're exposed to the elements. Running dangerously low on fuel. Trying to conserve what's left.",-27.1851,14.2864,"Justitia"
"Lots of damage in the area, but thankful everyone I know is safe. More updates will follow as information becomes available.",-27.3135,14.4802,"Justitia"
"#IoSTSHelp No food left. We're trying to ration what little we have. Shelter is damaged beyond use. We're trying to stay dry and safe.",-27.9027,14.5665,"Justitia"
"Volunteers are showing up in huge numbers to help with recovery efforts. We're in this together, let's support one another.",-27.2075,14.2953,"Justitia"
"Volunteers are showing up in huge numbers to help with recovery efforts. It's going to take time, but recovery is underway.",-27.4232,14.4653,"Justitia"
"Road closures are in effect due to debris and fallen trees from the storm. Weather teams did a great job tracking this storm.",-27.5015,14.8616,"Justitia"
"#IoSTSHelp No access to medicine or care. We're worried someone might not make it. There's nothing left to eat. Everyone is hungry and exhausted.",NA,NA,"Justitia"
"#IoSTSHelp Still waiting for help—someone needs urgent medical care. We lost everything, including our shelter. Nowhere to go. Can't reach anyone because we’re out of fuel and power.",-27.4634,14.9003,"Justitia"
"#IoSTSHelp We have a medical emergency and no way to get help. Food supplies are completely gone. We need assistance urgently.",-27.3973,15.0038,"Justitia"
"Volunteers are showing up in huge numbers to help with recovery efforts. We're in this together, let's support one another.",-27.2034,14.5325,"Justitia"
"#IoSTSHelp Someone here is badly injured. We need medical attention urgently. We lost everything, including our shelter. Nowhere to go.",-27.5704,14.7744,"Justitia"
"#IoSTSHelp Fuel is completely gone, and we're cut off from any resupply.",-27.6703,14.7269,"Justitia"
"#IoSTSHelp We have a medical emergency and no way to get help. No food left. We're trying to ration what little we have.",-27.2017,14.6748,"Justitia"
"#IoSTSHelp Our shelter didn't survive the storm. We're exposed to the elements. No access to medicine or care. We're worried someone might not make it.",-27.23,14.9806,"Justitia"
"#IoSTSHelp We lost everything, including our shelter. Nowhere to go. Still waiting for help—someone needs urgent medical care.",-27.2345,14.6182,"Justitia"
"#IoSTSHelp Can't reach anyone because we’re out of fuel and power. No roof over our heads. Sleeping outside since the storm hit. We're running out of food and have no idea when help will arrive.",-27.4544,14.9043,"Justitia"
"#IoSTSHelp We have a medical emergency and no way to get help. Shelter is damaged beyond use. We're trying to stay dry and safe.",-27.2052,14.919,"Justitia"
"#IoSTSHelp We're running out of food and have no idea when help will arrive. We have a medical emergency and no way to get help. Our shelter didn't survive the storm. We're exposed to the elements.",-27.41,14.8864,"Justitia"
"#IoSTSHelp Can't reach anyone because we’re out of fuel and power. No food left. We're trying to ration what little we have.",-27.234,14.2328,"Justitia"
"#IoSTSHelp No access to medicine or care. We're worried someone might not make it. Can't reach anyone because we’re out of fuel and power. We're running out of food and have no idea when help will arrive.",-27.2086,14.7234,"Justitia"
"#IoSTSHelp We're running out of food and have no idea when help will arrive. We lost everything, including our shelter. Nowhere to go.",-27.2597,14.7664,"Justitia"
"#IoSTSHelp We lost everything, including our shelter. Nowhere to go. There's nothing left to eat. Everyone is hungry and exhausted.",NA,NA,"Justitia"
"#IoSTSHelp Fuel is completely gone, and we're cut off from any resupply.",-27.1988,14.2266,"Justitia"
"#IoSTSHelp Still waiting for help—someone needs urgent medical care.",-27.405,14.8054,"Justitia"
"#IoSTSHelp We're running out of food and have no idea when help will arrive. Our shelter didn't survive the storm. We're exposed to the elements. No fuel for cooking or heating. Conditions are worsening.",-27.8505,14.5468,"Justitia"
"#IoSTSHelp No food left. We're trying to ration what little we have. No access to medicine or care. We're worried someone might not make it. Can't reach anyone because we’re out of fuel and power.",-27.4968,14.9384,"Justitia"
"#IoSTSHelp Food supplies are completely gone. We need assistance urgently. Running dangerously low on fuel. Trying to conserve what's left. Someone here is badly injured. We need medical attention urgently.",-27.278,14.3737,"Justitia"
"#IoSTSHelp No fuel for cooking or heating. Conditions are worsening. Our shelter didn't survive the storm. We're exposed to the elements.",-27.6886,14.7734,"Justitia"
"Schools will remain closed tomorrow as cleanup continues. It's going to take time, but recovery is underway.",-27.421,14.3032,"Justitia"
"Power crews are working hard to restore electricity after the storm. Hope everyone is staying safe and checking in on each other.",-27.3536,14.7629,"Justitia"
"Power crews are working hard to restore electricity after the storm. Hope everyone is staying safe and checking in on each other.",-27.219,14.2062,"Justitia"
"#IoSTSHelp No fuel for cooking or heating. Conditions are worsening. Our shelter didn't survive the storm. We're exposed to the elements.",-27.3871,14.7512,"Justitia"
"Volunteers are showing up in huge numbers to help with recovery efforts. It's going to take time, but recovery is underway.",-27.1863,14.7328,"Justitia"
"Lots of damage in the area, but thankful everyone I know is safe. More updates will follow as information becomes available.",-27.5147,14.4568,"Justitia"
"#IoSTSHelp Out of fuel. We can't run the generator anymore. We lost everything, including our shelter. Nowhere to go. Someone here is badly injured. We need medical attention urgently.",-27.4164,14.7489,"Justitia"
"#IoSTSHelp There's nothing left to eat. Everyone is hungry and exhausted. We have a medical emergency and no way to get help. No fuel for cooking or heating. Conditions are worsening.",-27.9037,14.5864,"Justitia"
"#IoSTSHelp Still waiting for help—someone needs urgent medical care. Our shelter didn't survive the storm. We're exposed to the elements.",-27.2194,14.4985,"Justitia"
"Volunteers are showing up in huge numbers to help with recovery efforts. Remember to check on neighbors, especially the elderly.",-27.8215,14.6292,"Justitia"
"#IoSTSHelp No access to medicine or care. We're worried someone might not make it. Shelter is damaged beyond use. We're trying to stay dry and safe.",-27.3744,14.4536,"Justitia"
"#IoSTSHelp No roof over our heads. Sleeping outside since the storm hit. We have a medical emergency and no way to get help. Food supplies are completely gone. We need assistance urgently.",-27.2341,14.4024,"Justitia"
"#IoSTSHelp Someone here is badly injured. We need medical attention urgently.",-27.2415,14.3664,"Justitia"
"Volunteers are showing up in huge numbers to help with recovery efforts. Shelters remain open to those in need.",-27.2723,14.7205,"Justitia"
"#IoSTSHelp No access to medicine or care. We're worried someone might not make it. No roof over our heads. Sleeping outside since the storm hit.",-27.4571,14.8623,"Justitia"
"Volunteers are showing up in huge numbers to help with recovery efforts. Weather teams did a great job tracking this storm.",-26.7583,15.7111,"Paxora"
"#IoSTSHelp Food supplies are completely gone. We need assistance urgently. Still waiting for help—someone needs urgent medical care. No roof over our heads. Sleeping outside since the storm hit.",-27.201,15.8957,"Paxora"
"Storm coverage continues—stay tuned for updates and official instructions. Hope everyone is staying safe and checking in on each other.",-27.2846,16.054,"Paxora"
"#IoSTSHelp No access to medicine or care. We're worried someone might not make it. Shelter is damaged beyond use. We're trying to stay dry and safe.",-26.7955,15.9995,"Paxora"
"#IoSTSHelp There's nothing left to eat. Everyone is hungry and exhausted.",-27.0463,15.8331,"Paxora"
"#IoSTSHelp No roof over our heads. Sleeping outside since the storm hit.",-27.0629,16.1544,"Paxora"
"#IoSTSHelp We've gone two days without a proper meal. People are getting weak.",NA,NA,"Paxora"
"#IoSTSHelp There's nothing left to eat. Everyone is hungry and exhausted. Medical supplies are gone. Can't treat wounds or illnesses.",-26.9679,15.5461,"Paxora"
"#IoSTSHelp Our shelter didn't survive the storm. We're exposed to the elements. There's nothing left to eat. Everyone is hungry and exhausted. No access to medicine or care. We're worried someone might not make it.",-27.0257,15.8554,"Paxora"
"#IoSTSHelp Can't reach anyone because we’re out of fuel and power. We lost everything, including our shelter. Nowhere to go. No food left. We're trying to ration what little we have.",-26.9407,15.9721,"Paxora"
"#IoSTSHelp No fuel for cooking or heating. Conditions are worsening. There's nothing left to eat. Everyone is hungry and exhausted. Still waiting for help—someone needs urgent medical care.",-26.98,15.8696,"Paxora"
"#IoSTSHelp Running dangerously low on fuel. Trying to conserve what's left. No access to medicine or care. We're worried someone might not make it. No roof over our heads. Sleeping outside since the storm hit.",-27.261,15.743,"Paxora"
"#IoSTSHelp No fuel for cooking or heating. Conditions are worsening.",-26.6506,15.651,"Paxora"
"#IoSTSHelp No roof over our heads. Sleeping outside since the storm hit.",-26.7881,15.995,"Paxora"
"#IoSTSHelp Medical supplies are gone. Can't treat wounds or illnesses. Still no place to sleep. We’re making do with broken walls and tarps.",-27.1244,15.9201,"Paxora"
"#IoSTSHelp Someone here is badly injured. We need medical attention urgently. Our shelter didn't survive the storm. We're exposed to the elements. Running dangerously low on fuel. Trying to conserve what's left.",-26.8377,15.7237,"Paxora"
"Community centers are opening for anyone in need after the storm. We're in this together, let's support one another.",-26.6764,15.5847,"Paxora"
"Road closures are in effect due to debris and fallen trees from the storm. Stay off the roads unless absolutely necessary.",-26.7788,15.9761,"Paxora"
"#IoSTSHelp Still waiting for help—someone needs urgent medical care.",-27.2872,15.6629,"Paxora"
"#IoSTSHelp Food supplies are completely gone. We need assistance urgently. Still no place to sleep. We’re making do with broken walls and tarps.",-26.7564,15.6545,"Paxora"
"#IoSTSHelp Still waiting for help—someone needs urgent medical care. Fuel is completely gone, and we're cut off from any resupply. No roof over our heads. Sleeping outside since the storm hit.",-26.6314,15.7007,"Paxora"
"Community centers are opening for anyone in need after the storm. Remember to check on neighbors, especially the elderly.",-27.1612,15.9171,"Paxora"
"#IoSTSHelp No access to medicine or care. We're worried someone might not make it. Can't reach anyone because we’re out of fuel and power.",-27.0875,16.3312,"Paxora"
"#IoSTSHelp Someone here is badly injured. We need medical attention urgently. Out of fuel. We can't run the generator anymore. No roof over our heads. Sleeping outside since the storm hit.",-27.041,15.8524,"Paxora"
"#IoSTSHelp We've gone two days without a proper meal. People are getting weak. No access to medicine or care. We're worried someone might not make it. No fuel for cooking or heating. Conditions are worsening.",-26.9413,15.6722,"Paxora"
"Floodwaters are starting to recede. Please stay cautious and avoid driving through water. Let’s keep the community spirit strong.",-27.1997,15.9513,"Paxora"
"The storm has passed, and cleanup efforts are beginning across the region. Remember to check on neighbors, especially the elderly.",NA,NA,"Paxora"
"Schools will remain closed tomorrow as cleanup continues. Hope everyone is staying safe and checking in on each other.",-27.2844,16.1849,"Paxora"
"Volunteers are showing up in huge numbers to help with recovery efforts. Remember to check on neighbors, especially the elderly.",-27.1683,16.2474,"Paxora"
"The storm has passed, and cleanup efforts are beginning across the region. Stay off the roads unless absolutely necessary.",-26.8789,16.0046,"Paxora"
"Schools will remain closed tomorrow as cleanup continues. Shelters remain open to those in need.",-27.0651,16.0686,"Paxora"
"Schools will remain closed tomorrow as cleanup continues. Please follow official channels for updates.",-26.9152,15.6124,"Paxora"
"#IoSTSHelp Our shelter didn't survive the storm. We're exposed to the elements. No access to medicine or care. We're worried someone might not make it.",-26.8429,15.6835,"Paxora"
"#IoSTSHelp Food supplies are completely gone. We need assistance urgently. No fuel for cooking or heating. Conditions are worsening. Our shelter didn't survive the storm. We're exposed to the elements.",-26.4846,15.5471,"Paxora"
"Power crews are working hard to restore electricity after the storm. Weather teams did a great job tracking this storm.",-27.0795,16.3248,"Paxora"
"#IoSTSHelp Someone here is badly injured. We need medical attention urgently. Running dangerously low on fuel. Trying to conserve what's left.",-27.2747,15.9156,"Paxora"
"#IoSTSHelp Can't reach anyone because we’re out of fuel and power. No roof over our heads. Sleeping outside since the storm hit. We have a medical emergency and no way to get help.",-26.5934,15.6169,"Paxora"
"Power crews are working hard to restore electricity after the storm. We're in this together, let's support one another.",-26.9281,15.7522,"Paxora"
"#IoSTSHelp Out of fuel. We can't run the generator anymore.",-27.0237,15.8895,"Paxora"
"#IoSTSHelp No roof over our heads. Sleeping outside since the storm hit. There's nothing left to eat. Everyone is hungry and exhausted.",-27.244,15.7319,"Paxora"
"#IoSTSHelp Shelter is damaged beyond use. We're trying to stay dry and safe.",-26.6489,15.7405,"Paxora"
"#IoSTSHelp There's nothing left to eat. Everyone is hungry and exhausted. Someone here is badly injured. We need medical attention urgently.",-27.1264,16.2927,"Paxora"
"#IoSTSHelp Can't reach anyone because we’re out of fuel and power. No roof over our heads. Sleeping outside since the storm hit. No food left. We're trying to ration what little we have.",-27.1193,15.8701,"Paxora"
"Floodwaters are starting to recede. Please stay cautious and avoid driving through water. Weather teams did a great job tracking this storm.",-26.8853,15.8824,"Paxora"
"Volunteers are showing up in huge numbers to help with recovery efforts. Shelters remain open to those in need.",-26.7788,15.7241,"Paxora"
"Storm coverage continues—stay tuned for updates and official instructions. Remember to check on neighbors, especially the elderly.",-26.6661,15.7809,"Paxora"
"#IoSTSHelp Still waiting for help—someone needs urgent medical care.",-26.9408,15.968,"Paxora"
"Storm coverage continues—stay tuned for updates and official instructions. Remember to check on neighbors, especially the elderly.",-26.7386,15.7222,"Paxora"
"#IoSTSHelp We're running out of food and have no idea when help will arrive. Someone here is badly injured. We need medical attention urgently.",-26.9833,16.0924,"Paxora"
"Road closures are in effect due to debris and fallen trees from the storm. Hope everyone is staying safe and checking in on each other.",-26.7434,15.8599,"Paxora"
"Thankful for the first responders and emergency crews working around the clock. Weather teams did a great job tracking this storm.",-26.9124,14.6504,"Justitia"
"#IoSTSHelp No food left. We're trying to ration what little we have. No access to medicine or care. We're worried someone might not make it. Can't reach anyone because we’re out of fuel and power.",-27.0065,14.2717,"Justitia"
"#IoSTSHelp There's nothing left to eat. Everyone is hungry and exhausted.",-26.6234,14.6243,"Justitia"
"#IoSTSHelp We lost everything, including our shelter. Nowhere to go. No fuel for cooking or heating. Conditions are worsening. There's nothing left to eat. Everyone is hungry and exhausted.",-27.0707,14.5298,"Justitia"
"Thankful for the first responders and emergency crews working around the clock. We're in this together, let's support one another.",-27.0174,14.3881,"Justitia"
"Volunteers are showing up in huge numbers to help with recovery efforts. It's going to take time, but recovery is underway.",-26.8875,14.4306,"Justitia"
"#IoSTSHelp Out of fuel. We can't run the generator anymore.",-26.619,14.5704,"Justitia"
"#IoSTSHelp Still waiting for help—someone needs urgent medical care. Out of fuel. We can't run the generator anymore. Still no place to sleep. We’re making do with broken walls and tarps.",-26.8927,14.2879,"Justitia"
"#IoSTSHelp No fuel for cooking or heating. Conditions are worsening. Our shelter didn't survive the storm. We're exposed to the elements. Medical supplies are gone. Can't treat wounds or illnesses.",-26.7894,14.5512,"Justitia"
"The storm has passed, and cleanup efforts are beginning across the region. Shelters remain open to those in need.",-26.9406,14.5326,"Justitia"
"#IoSTSHelp We lost everything, including our shelter. Nowhere to go.",-27.0442,14.393,"Justitia"
"#IoSTSHelp We're running out of food and have no idea when help will arrive.",-27.0795,14.7817,"Justitia"
"#IoSTSHelp Can't reach anyone because we’re out of fuel and power. No roof over our heads. Sleeping outside since the storm hit.",-26.7224,14.5817,"Justitia"
"#IoSTSHelp Food supplies are completely gone. We need assistance urgently.",-27.1116,14.401,"Justitia"
"#IoSTSHelp Medical supplies are gone. Can't treat wounds or illnesses.",-26.7539,14.5227,"Justitia"
"#IoSTSHelp No food left. We're trying to ration what little we have. Shelter is damaged beyond use. We're trying to stay dry and safe.",-27.0992,14.5471,"Justitia"
"#IoSTSHelp Fuel is completely gone, and we're cut off from any resupply. We have a medical emergency and no way to get help.",-27.0248,14.7408,"Justitia"
"Schools will remain closed tomorrow as cleanup continues. Weather teams did a great job tracking this storm.",-26.8931,14.3242,"Justitia"
"#IoSTSHelp Out of fuel. We can't run the generator anymore. No food left. We're trying to ration what little we have. We have a medical emergency and no way to get help.",-27.0466,14.4075,"Justitia"
"#IoSTSHelp No access to medicine or care. We're worried someone might not make it. Fuel is completely gone, and we're cut off from any resupply. Our shelter didn't survive the storm. We're exposed to the elements.",-26.8001,14.5344,"Justitia"
"#IoSTSHelp Running dangerously low on fuel. Trying to conserve what's left. No access to medicine or care. We're worried someone might not make it.",-26.9341,14.6217,"Justitia"
"#IoSTSHelp We lost everything, including our shelter. Nowhere to go. Medical supplies are gone. Can't treat wounds or illnesses.",-23.3692,14.4428,"Calmorra"
"#IoSTSHelp We lost everything, including our shelter. Nowhere to go. There's nothing left to eat. Everyone is hungry and exhausted.",-23.0773,14.3394,"Calmorra"
"#IoSTSHelp There's nothing left to eat. Everyone is hungry and exhausted. Running dangerously low on fuel. Trying to conserve what's left. Someone here is badly injured. We need medical attention urgently.",-22.9271,14.3433,"Calmorra"
"#IoSTSHelp Someone here is badly injured. We need medical attention urgently. Out of fuel. We can't run the generator anymore. We've gone two days without a proper meal. People are getting weak.",-22.9039,14.3467,"Calmorra"
"#IoSTSHelp Fuel is completely gone, and we're cut off from any resupply. Medical supplies are gone. Can't treat wounds or illnesses. No roof over our heads. Sleeping outside since the storm hit.",-22.7872,14.4025,"Calmorra"
"#IoSTSHelp Out of fuel. We can't run the generator anymore.",NA,NA,"Calmorra"
"Volunteers are showing up in huge numbers to help with recovery efforts. Remember to check on neighbors, especially the elderly.",-22.9452,14.1946,"Calmorra"
"#IoSTSHelp We lost everything, including our shelter. Nowhere to go.",-23.5815,14.3582,"Calmorra"
"#IoSTSHelp Fuel is completely gone, and we're cut off from any resupply. We're running out of food and have no idea when help will arrive. Still waiting for help—someone needs urgent medical care.",-26.8396,14.6333,"Justitia"
"#IoSTSHelp No roof over our heads. Sleeping outside since the storm hit. Out of fuel. We can't run the generator anymore.",-26.6733,14.5835,"Justitia"
"The storm has passed, and cleanup efforts are beginning across the region. Hope everyone is staying safe and checking in on each other.",-26.6252,14.6259,"Justitia"
"#IoSTSHelp Still waiting for help—someone needs urgent medical care.",-26.6398,14.5454,"Justitia"
"#IoSTSHelp Fuel is completely gone, and we're cut off from any resupply. There's nothing left to eat. Everyone is hungry and exhausted.",-22.9564,16.0175,"Ecliptria"
"#IoSTSHelp Our shelter didn't survive the storm. We're exposed to the elements. There's nothing left to eat. Everyone is hungry and exhausted.",-22.8839,16.0197,"Ecliptria"
"#IoSTSHelp Fuel is completely gone, and we're cut off from any resupply.",-22.7865,15.6631,"Ecliptria"
"Volunteers are showing up in huge numbers to help with recovery efforts. Stay off the roads unless absolutely necessary.",-22.6253,14.1373,"Calmorra"
"#IoSTSHelp There's nothing left to eat. Everyone is hungry and exhausted.",-22.8013,14.3458,"Calmorra"
"Power crews are working hard to restore electricity after the storm. Shelters remain open to those in need.",-22.5511,14.3686,"Calmorra"
"#IoSTSHelp We lost everything, including our shelter. Nowhere to go.",-22.5277,14.1877,"Calmorra"
"#IoSTSHelp We're running out of food and have no idea when help will arrive.",-22.7363,14.3481,"Calmorra"
"#IoSTSHelp Out of fuel. We can't run the generator anymore.",-22.6524,14.3687,"Calmorra"
"#IoSTSHelp We've gone two days without a proper meal. People are getting weak. No fuel for cooking or heating. Conditions are worsening. We have a medical emergency and no way to get help.",-22.5126,14.2934,"Calmorra"
"#IoSTSHelp Medical supplies are gone. Can't treat wounds or illnesses. No food left. We're trying to ration what little we have.",-22.476,14.2775,"Calmorra"
"Schools will remain closed tomorrow as cleanup continues. Hope everyone is staying safe and checking in on each other.",-22.4047,14.2306,"Calmorra"
"Power crews are working hard to restore electricity after the storm. Weather teams did a great job tracking this storm.",-22.7082,14.3484,"Calmorra"
"#IoSTSHelp We've gone two days without a proper meal. People are getting weak. Our shelter didn't survive the storm. We're exposed to the elements. No fuel for cooking or heating. Conditions are worsening.",-22.7764,14.1521,"Calmorra"
"Thankful for the first responders and emergency crews working around the clock. Shelters remain open to those in need.",-22.6909,14.4724,"Calmorra"
"Lots of damage in the area, but thankful everyone I know is safe. It's going to take time, but recovery is underway.",-22.1054,14.3395,"Calmorra"
"#IoSTSHelp Still no place to sleep. We’re making do with broken walls and tarps. Medical supplies are gone. Can't treat wounds or illnesses.",-22.5859,14.4702,"Calmorra"
"#IoSTSHelp Our shelter didn't survive the storm. We're exposed to the elements.",-26.8334,14.5681,"Justitia"
"#IoSTSHelp We've gone two days without a proper meal. People are getting weak. We lost everything, including our shelter. Nowhere to go. Out of fuel. We can't run the generator anymore.",-27.3195,14.729,"Justitia"
"#IoSTSHelp Shelter is damaged beyond use. We're trying to stay dry and safe.",-26.7065,14.539,"Justitia"
"#IoSTSHelp No roof over our heads. Sleeping outside since the storm hit.",-27.1962,14.6373,"Justitia"
"#IoSTSHelp There's nothing left to eat. Everyone is hungry and exhausted. Still waiting for help—someone needs urgent medical care.",-26.754,15.3343,"Paxora"
"Schools will remain closed tomorrow as cleanup continues. It's going to take time, but recovery is underway.",-27.4592,14.7091,"Justitia"
"#IoSTSHelp Medical supplies are gone. Can't treat wounds or illnesses. Out of fuel. We can't run the generator anymore. We've gone two days without a proper meal. People are getting weak.",NA,NA,"Justitia"
"#IoSTSHelp We lost everything, including our shelter. Nowhere to go. We have a medical emergency and no way to get help. No fuel for cooking or heating. Conditions are worsening.",-26.9094,14.4926,"Justitia"
"Power crews are working hard to restore electricity after the storm. It's going to take time, but recovery is underway.",-27.2378,14.5618,"Justitia"
"#IoSTSHelp Our shelter didn't survive the storm. We're exposed to the elements. We've gone two days without a proper meal. People are getting weak. Medical supplies are gone. Can't treat wounds or illnesses.",-27.3141,14.4119,"Justitia"
"#IoSTSHelp Running dangerously low on fuel. Trying to conserve what's left.",-26.7934,14.5653,"Justitia"
"#IoSTSHelp Running dangerously low on fuel. Trying to conserve what's left. We've gone two days without a proper meal. People are getting weak.",-27.2939,14.4709,"Justitia"
"#IoSTSHelp Food supplies are completely gone. We need assistance urgently. Someone here is badly injured. We need medical attention urgently.",-27.4402,14.7575,"Justitia"
"#IoSTSHelp No roof over our heads. Sleeping outside since the storm hit. There's nothing left to eat. Everyone is hungry and exhausted.",-27.5795,14.7676,"Justitia"
"#IoSTSHelp We've gone two days without a proper meal. People are getting weak. Medical supplies are gone. Can't treat wounds or illnesses. No roof over our heads. Sleeping outside since the storm hit.",-26.8567,15.3434,"Paxora"
"#IoSTSHelp Someone here is badly injured. We need medical attention urgently. Still no place to sleep. We’re making do with broken walls and tarps.",-27.2719,15.2805,"Paxora"
"#IoSTSHelp Medical supplies are gone. Can't treat wounds or illnesses.",-27.0794,14.794,"Justitia"
"#IoSTSHelp We lost everything, including our shelter. Nowhere to go. Someone here is badly injured. We need medical attention urgently.",-27.3241,15.0377,"Justitia"
"#IoSTSHelp Food supplies are completely gone. We need assistance urgently. Out of fuel. We can't run the generator anymore.",-27.5067,14.7539,"Justitia"
"#IoSTSHelp There's nothing left to eat. Everyone is hungry and exhausted. Shelter is damaged beyond use. We're trying to stay dry and safe.",-27.1602,14.4804,"Justitia"
"#IoSTSHelp We have a medical emergency and no way to get help.",-27.0851,14.7791,"Justitia"
"#IoSTSHelp We're running out of food and have no idea when help will arrive. Out of fuel. We can't run the generator anymore. Shelter is damaged beyond use. We're trying to stay dry and safe.",-27.1947,14.6635,"Justitia"
"#IoSTSHelp Our shelter didn't survive the storm. We're exposed to the elements. Running dangerously low on fuel. Trying to conserve what's left.",-26.0226,17.6213,"Solvenya"
"#IoSTSHelp Medical supplies are gone. Can't treat wounds or illnesses. We lost everything, including our shelter. Nowhere to go.",-26.7424,17.48,"Solvenya"
"#IoSTSHelp Someone here is badly injured. We need medical attention urgently.",-26.5794,17.589,"Solvenya"
"#IoSTSHelp We have a medical emergency and no way to get help.",-26.5931,17.7321,"Solvenya"
"#IoSTSHelp No access to medicine or care. We're worried someone might not make it. Running dangerously low on fuel. Trying to conserve what's left. We lost everything, including our shelter. Nowhere to go.",-26.6235,17.6367,"Solvenya"
"#IoSTSHelp There's nothing left to eat. Everyone is hungry and exhausted. Fuel is completely gone, and we're cut off from any resupply. Shelter is damaged beyond use. We're trying to stay dry and safe.",-25.7822,17.8334,"Solvenya"
"#IoSTSHelp We have a medical emergency and no way to get help. There's nothing left to eat. Everyone is hungry and exhausted.",-26.2878,17.4273,"Solvenya"
"The storm has passed, and cleanup efforts are beginning across the region. It's going to take time, but recovery is underway.",-25.9542,17.934,"Solvenya"
"Lots of damage in the area, but thankful everyone I know is safe. Please follow official channels for updates.",-25.881,17.7042,"Solvenya"
"Road closures are in effect due to debris and fallen trees from the storm. Stay off the roads unless absolutely necessary.",-26.6537,17.7323,"Solvenya"
"#IoSTSHelp No fuel for cooking or heating. Conditions are worsening. Still no place to sleep. We’re making do with broken walls and tarps. We're running out of food and have no idea when help will arrive.",-26.1926,17.796,"Solvenya"
"#IoSTSHelp We have a medical emergency and no way to get help. Food supplies are completely gone. We need assistance urgently.",-26.0286,17.6891,"Solvenya"
"#IoSTSHelp We lost everything, including our shelter. Nowhere to go. Still waiting for help—someone needs urgent medical care.",-25.9878,17.9,"Solvenya"
"#IoSTSHelp Shelter is damaged beyond use. We're trying to stay dry and safe.",-25.9659,17.5523,"Solvenya"
"#IoSTSHelp Someone here is badly injured. We need medical attention urgently.",-26.1034,17.6983,"Solvenya"
"#IoSTSHelp Running dangerously low on fuel. Trying to conserve what's left.",-25.999,17.7638,"Solvenya"
"#IoSTSHelp Still no place to sleep. We’re making do with broken walls and tarps. We have a medical emergency and no way to get help. We've gone two days without a proper meal. People are getting weak.",-26.4791,17.6838,"Solvenya"
"#IoSTSHelp Fuel is completely gone, and we're cut off from any resupply.",-26.4614,17.7638,"Solvenya"
"#IoSTSHelp Fuel is completely gone, and we're cut off from any resupply.",-26.2818,17.3664,"Solvenya"
"#IoSTSHelp Fuel is completely gone, and we're cut off from any resupply. We've gone two days without a proper meal. People are getting weak.",-25.9624,17.5678,"Solvenya"
"Storm coverage continues—stay tuned for updates and official instructions. Weather teams did a great job tracking this storm.",-26.3551,17.4904,"Solvenya"
"#IoSTSHelp No access to medicine or care. We're worried someone might not make it. There's nothing left to eat. Everyone is hungry and exhausted. We lost everything, including our shelter. Nowhere to go.",-22.923,15.8044,"Ecliptria"
"Power crews are working hard to restore electricity after the storm. Shelters remain open to those in need.",-23.1416,15.8343,"Ecliptria"
"#IoSTSHelp No roof over our heads. Sleeping outside since the storm hit. Fuel is completely gone, and we're cut off from any resupply.",-23.3084,15.9148,"Ecliptria"
"#IoSTSHelp Running dangerously low on fuel. Trying to conserve what's left.",-23.5298,15.844,"Ecliptria"
"#IoSTSHelp Someone here is badly injured. We need medical attention urgently.",-22.8182,15.9083,"Ecliptria"
"#IoSTSHelp We've gone two days without a proper meal. People are getting weak. No fuel for cooking or heating. Conditions are worsening.",-22.8959,16.0528,"Ecliptria"
"#IoSTSHelp Someone here is badly injured. We need medical attention urgently. No food left. We're trying to ration what little we have.",NA,NA,"Ecliptria"
"Volunteers are showing up in huge numbers to help with recovery efforts. Stay off the roads unless absolutely necessary.",-23.044,15.6383,"Ecliptria"
"#IoSTSHelp No access to medicine or care. We're worried someone might not make it.",-22.7033,15.5266,"Ecliptria"
"#IoSTSHelp Food supplies are completely gone. We need assistance urgently.",-22.5646,15.6192,"Ecliptria"
"#IoSTSHelp No roof over our heads. Sleeping outside since the storm hit. Still waiting for help—someone needs urgent medical care.",-22.848,15.6283,"Ecliptria"
"Road closures are in effect due to debris and fallen trees from the storm. Stay off the roads unless absolutely necessary.",-27.1905,15.932,"Paxora"
"#IoSTSHelp Shelter is damaged beyond use. We're trying to stay dry and safe. Medical supplies are gone. Can't treat wounds or illnesses. There's nothing left to eat. Everyone is hungry and exhausted.",-27.1581,15.4367,"Paxora"
"#IoSTSHelp We've gone two days without a proper meal. People are getting weak. We lost everything, including our shelter. Nowhere to go. Out of fuel. We can't run the generator anymore.",-27.2812,15.4087,"Paxora"
"#IoSTSHelp No fuel for cooking or heating. Conditions are worsening. We're running out of food and have no idea when help will arrive.",-27.1053,15.6248,"Paxora"
"#IoSTSHelp Medical supplies are gone. Can't treat wounds or illnesses. We lost everything, including our shelter. Nowhere to go.",-27.0266,15.8526,"Paxora"
"#IoSTSHelp No fuel for cooking or heating. Conditions are worsening. No food left. We're trying to ration what little we have.",-26.8139,15.9219,"Paxora"
"#IoSTSHelp Can't reach anyone because we’re out of fuel and power.",-27.3387,15.7113,"Paxora"
"#IoSTSHelp Someone here is badly injured. We need medical attention urgently. We lost everything, including our shelter. Nowhere to go.",NA,NA,"Paxora"
"#IoSTSHelp We're running out of food and have no idea when help will arrive. Our shelter didn't survive the storm. We're exposed to the elements. Running dangerously low on fuel. Trying to conserve what's left.",-26.7027,15.4198,"Paxora"
"#IoSTSHelp There's nothing left to eat. Everyone is hungry and exhausted.",-27.1849,15.2926,"Paxora"
"#IoSTSHelp We're running out of food and have no idea when help will arrive.",-26.8813,15.3306,"Paxora"
"#IoSTSHelp Still waiting for help—someone needs urgent medical care.",-26.8579,15.5248,"Paxora"
"#IoSTSHelp No food left. We're trying to ration what little we have. Running dangerously low on fuel. Trying to conserve what's left. We have a medical emergency and no way to get help.",-27.0247,15.6732,"Paxora"
"Schools will remain closed tomorrow as cleanup continues. Let’s keep the community spirit strong.",-27.3476,15.9023,"Paxora"
"Thankful for the first responders and emergency crews working around the clock. Weather teams did a great job tracking this storm.",-26.9448,15.345,"Paxora"
"Community centers are opening for anyone in need after the storm. Please follow official channels for updates.",-27.1246,15.3005,"Paxora"
"#IoSTSHelp No roof over our heads. Sleeping outside since the storm hit.",-26.694,15.6378,"Paxora"
"#IoSTSHelp Still waiting for help—someone needs urgent medical care.",-26.8639,15.5505,"Paxora"
"#IoSTSHelp Still waiting for help—someone needs urgent medical care.",-26.8793,15.3357,"Paxora"
"#IoSTSHelp No access to medicine or care. We're worried someone might not make it.",-26.6427,15.5631,"Paxora"
"The storm has passed, and cleanup efforts are beginning across the region. Stay off the roads unless absolutely necessary.",-26.9727,15.365,"Paxora"
"#IoSTSHelp Medical supplies are gone. Can't treat wounds or illnesses. Our shelter didn't survive the storm. We're exposed to the elements. Out of fuel. We can't run the generator anymore.",-27.3767,15.6122,"Paxora"
"#IoSTSHelp Can't reach anyone because we’re out of fuel and power.",-26.5303,15.5023,"Paxora"
"#IoSTSHelp Fuel is completely gone, and we're cut off from any resupply.",-26.877,15.6753,"Paxora"
"#IoSTSHelp Running dangerously low on fuel. Trying to conserve what's left. Shelter is damaged beyond use. We're trying to stay dry and safe. Someone here is badly injured. We need medical attention urgently.",-26.9523,15.4355,"Paxora"
"Volunteers are showing up in huge numbers to help with recovery efforts. More updates will follow as information becomes available.",-27.3202,15.5421,"Paxora"
"#IoSTSHelp Food supplies are completely gone. We need assistance urgently. Still waiting for help—someone needs urgent medical care. Shelter is damaged beyond use. We're trying to stay dry and safe.",-26.9047,15.5218,"Paxora"
"#IoSTSHelp Someone here is badly injured. We need medical attention urgently. Food supplies are completely gone. We need assistance urgently.",-27.1454,15.6802,"Paxora"
"#IoSTSHelp Still no place to sleep. We’re making do with broken walls and tarps. Still waiting for help—someone needs urgent medical care. Can't reach anyone because we’re out of fuel and power.",-26.9629,15.4028,"Paxora"
"#IoSTSHelp Shelter is damaged beyond use. We're trying to stay dry and safe. We have a medical emergency and no way to get help. Running dangerously low on fuel. Trying to conserve what's left.",-26.7284,15.6456,"Paxora"
"#IoSTSHelp Still waiting for help—someone needs urgent medical care. Running dangerously low on fuel. Trying to conserve what's left. Still no place to sleep. We’re making do with broken walls and tarps.",-27.2689,15.8904,"Paxora"
"#IoSTSHelp No fuel for cooking or heating. Conditions are worsening.",-27.2858,15.5361,"Paxora"
"#IoSTSHelp Still no place to sleep. We’re making do with broken walls and tarps. There's nothing left to eat. Everyone is hungry and exhausted.",-27.4202,15.5825,"Paxora"
"#IoSTSHelp No roof over our heads. Sleeping outside since the storm hit. We're running out of food and have no idea when help will arrive. No access to medicine or care. We're worried someone might not make it.",-27.1672,15.4279,"Paxora"
"#IoSTSHelp Food supplies are completely gone. We need assistance urgently.",-26.8429,15.8182,"Paxora"
"Power crews are working hard to restore electricity after the storm. More updates will follow as information becomes available.",-25.6392,17.8594,"Solvenya"
"#IoSTSHelp Fuel is completely gone, and we're cut off from any resupply.",-25.6275,17.7618,"Solvenya"
"Road closures are in effect due to debris and fallen trees from the storm. Weather teams did a great job tracking this storm.",-25.6725,17.8072,"Solvenya"
"#IoSTSHelp We're running out of food and have no idea when help will arrive. Running dangerously low on fuel. Trying to conserve what's left. Someone here is badly injured. We need medical attention urgently.",-25.3767,17.8994,"Solvenya"
"#IoSTSHelp Running dangerously low on fuel. Trying to conserve what's left. Medical supplies are gone. Can't treat wounds or illnesses. Food supplies are completely gone. We need assistance urgently.",-25.4399,17.8269,"Solvenya"
"#IoSTSHelp Shelter is damaged beyond use. We're trying to stay dry and safe. We're running out of food and have no idea when help will arrive. Running dangerously low on fuel. Trying to conserve what's left.",-25.2279,17.7649,"Solvenya"
"#IoSTSHelp No access to medicine or care. We're worried someone might not make it. We lost everything, including our shelter. Nowhere to go. Food supplies are completely gone. We need assistance urgently.",-25.9541,17.8563,"Solvenya"
"#IoSTSHelp We've gone two days without a proper meal. People are getting weak.",-25.4254,17.8326,"Solvenya"
"#IoSTSHelp We lost everything, including our shelter. Nowhere to go. Running dangerously low on fuel. Trying to conserve what's left. There's nothing left to eat. Everyone is hungry and exhausted.",-25.9213,17.8545,"Solvenya"
"#IoSTSHelp Running dangerously low on fuel. Trying to conserve what's left. Still no place to sleep. We’re making do with broken walls and tarps. Medical supplies are gone. Can't treat wounds or illnesses.",-25.6792,17.8008,"Solvenya"
"Storm coverage continues—stay tuned for updates and official instructions. Stay off the roads unless absolutely necessary.",-26.9123,15.6693,"Paxora"
"The storm has passed, and cleanup efforts are beginning across the region. Please follow official channels for updates.",-27.0231,15.5786,"Paxora"
"#IoSTSHelp Still waiting for help—someone needs urgent medical care. No food left. We're trying to ration what little we have. Fuel is completely gone, and we're cut off from any resupply.",-26.994,15.3635,"Paxora"
"Volunteers are showing up in huge numbers to help with recovery efforts. Stay off the roads unless absolutely necessary.",-26.7055,15.7708,"Paxora"
"#IoSTSHelp Food supplies are completely gone. We need assistance urgently. We lost everything, including our shelter. Nowhere to go. Someone here is badly injured. We need medical attention urgently.",-27.1427,15.4649,"Paxora"
"#IoSTSHelp We have a medical emergency and no way to get help.",-27.0824,15.5374,"Paxora"
"Thankful for the first responders and emergency crews working around the clock. More updates will follow as information becomes available.",-27.013,15.3144,"Paxora"
"Schools will remain closed tomorrow as cleanup continues. Weather teams did a great job tracking this storm.",-26.9338,15.5706,"Paxora"
"Volunteers are showing up in huge numbers to help with recovery efforts. It's going to take time, but recovery is underway.",-23.4231,14.1828,"Calmorra"
"#IoSTSHelp Shelter is damaged beyond use. We're trying to stay dry and safe. We have a medical emergency and no way to get help.",-23.3044,14.0821,"Calmorra"
"The storm has passed, and cleanup efforts are beginning across the region. Remember to check on neighbors, especially the elderly.",-23.3755,14.1411,"Calmorra"
"#IoSTSHelp No roof over our heads. Sleeping outside since the storm hit. No fuel for cooking or heating. Conditions are worsening.",-23.39,14.1091,"Calmorra"
"Lots of damage in the area, but thankful everyone I know is safe. Weather teams did a great job tracking this storm.",-23.2389,14.1755,"Calmorra"
"#IoSTSHelp There's nothing left to eat. Everyone is hungry and exhausted.",-23.2783,14.1689,"Calmorra"
"#IoSTSHelp Fuel is completely gone, and we're cut off from any resupply. We lost everything, including our shelter. Nowhere to go.",-23.5728,14.0477,"Calmorra"
"Storm coverage continues—stay tuned for updates and official instructions. It's going to take time, but recovery is underway.",-23.053,14.1493,"Calmorra"
"#IoSTSHelp Fuel is completely gone, and we're cut off from any resupply. There's nothing left to eat. Everyone is hungry and exhausted. No access to medicine or care. We're worried someone might not make it.",-23.3852,14.2068,"Calmorra"
"#IoSTSHelp We lost everything, including our shelter. Nowhere to go. Food supplies are completely gone. We need assistance urgently.",NA,NA,"Solvenya"
"#IoSTSHelp Medical supplies are gone. Can't treat wounds or illnesses. We lost everything, including our shelter. Nowhere to go. Can't reach anyone because we’re out of fuel and power.",-25.4665,17.5918,"Solvenya"
"Road closures are in effect due to debris and fallen trees from the storm. Remember to check on neighbors, especially the elderly.",-26.2295,17.7929,"Solvenya"
"Road closures are in effect due to debris and fallen trees from the storm. More updates will follow as information becomes available.",-25.7368,17.8551,"Solvenya"
"#IoSTSHelp Running dangerously low on fuel. Trying to conserve what's left.",-25.688,17.7762,"Solvenya"
"#IoSTSHelp No access to medicine or care. We're worried someone might not make it. No food left. We're trying to ration what little we have. We lost everything, including our shelter. Nowhere to go.",-26.107,17.914,"Solvenya"
"#IoSTSHelp Can't reach anyone because we’re out of fuel and power.",-25.4246,17.8576,"Solvenya"
"Storm coverage continues—stay tuned for updates and official instructions. Shelters remain open to those in need.",-26.2067,17.8437,"Solvenya"
"#IoSTSHelp We lost everything, including our shelter. Nowhere to go. We're running out of food and have no idea when help will arrive.",-25.5858,17.6714,"Solvenya"
"#IoSTSHelp No access to medicine or care. We're worried someone might not make it. Running dangerously low on fuel. Trying to conserve what's left. We lost everything, including our shelter. Nowhere to go.",-26.2879,17.8527,"Solvenya"
"#IoSTSHelp No access to medicine or care. We're worried someone might not make it.",-25.8887,17.6004,"Solvenya"
"#IoSTSHelp Running dangerously low on fuel. Trying to conserve what's left. Our shelter didn't survive the storm. We're exposed to the elements. No access to medicine or care. We're worried someone might not make it.",-25.5694,17.8415,"Solvenya"
"#IoSTSHelp Can't reach anyone because we’re out of fuel and power. Still no place to sleep. We’re making do with broken walls and tarps.",-27.1073,15.752,"Paxora"
"#IoSTSHelp No roof over our heads. Sleeping outside since the storm hit. No fuel for cooking or heating. Conditions are worsening.",-27.1774,16.1617,"Paxora"
"#IoSTSHelp Still no place to sleep. We’re making do with broken walls and tarps.",-27.0907,16.3189,"Paxora"
"The storm has passed, and cleanup efforts are beginning across the region. We're in this together, let's support one another.",-27.4556,15.9421,"Paxora"
"#IoSTSHelp No fuel for cooking or heating. Conditions are worsening. We're running out of food and have no idea when help will arrive.",-27.3334,16.1343,"Paxora"
"#IoSTSHelp Can't reach anyone because we’re out of fuel and power.",-27.3298,16.0142,"Paxora"
"#IoSTSHelp We've gone two days without a proper meal. People are getting weak. Shelter is damaged beyond use. We're trying to stay dry and safe. No access to medicine or care. We're worried someone might not make it.",-26.978,14.4134,"Justitia"
"Volunteers are showing up in huge numbers to help with recovery efforts. More updates will follow as information becomes available.",-27.058,14.1927,"Justitia"
"Volunteers are showing up in huge numbers to help with recovery efforts. Please follow official channels for updates.",-27.0568,14.3457,"Justitia"
"#IoSTSHelp No access to medicine or care. We're worried someone might not make it.",-26.9472,14.2691,"Justitia"
"Road closures are in effect due to debris and fallen trees from the storm. Please follow official channels for updates.",-27.1829,14.6395,"Justitia"
"#IoSTSHelp Out of fuel. We can't run the generator anymore.",-26.9274,14.3687,"Justitia"
"#IoSTSHelp Running dangerously low on fuel. Trying to conserve what's left. Our shelter didn't survive the storm. We're exposed to the elements.",-27.1892,14.5023,"Justitia"
"#IoSTSHelp Someone here is badly injured. We need medical attention urgently. Fuel is completely gone, and we're cut off from any resupply. We lost everything, including our shelter. Nowhere to go.",-26.798,14.3949,"Justitia"
"#IoSTSHelp Can't reach anyone because we’re out of fuel and power. Still waiting for help—someone needs urgent medical care. No food left. We're trying to ration what little we have.",-27.1219,14.7184,"Justitia"
"#IoSTSHelp Shelter is damaged beyond use. We're trying to stay dry and safe. No fuel for cooking or heating. Conditions are worsening. No food left. We're trying to ration what little we have.",-27.1153,14.9688,"Justitia"
"#IoSTSHelp Medical supplies are gone. Can't treat wounds or illnesses. Out of fuel. We can't run the generator anymore.",-26.9969,14.7379,"Justitia"
"Lots of damage in the area, but thankful everyone I know is safe. Let’s keep the community spirit strong.",-27.1191,14.87,"Justitia"
"#IoSTSHelp We're running out of food and have no idea when help will arrive. No access to medicine or care. We're worried someone might not make it. Can't reach anyone because we’re out of fuel and power.",-27.0785,14.2961,"Justitia"
"Thankful for the first responders and emergency crews working around the clock. Let’s keep the community spirit strong.",-26.8681,14.6366,"Justitia"
"#IoSTSHelp Someone here is badly injured. We need medical attention urgently. Fuel is completely gone, and we're cut off from any resupply. Food supplies are completely gone. We need assistance urgently.",-27.1709,14.8327,"Justitia"
"#IoSTSHelp Medical supplies are gone. Can't treat wounds or illnesses. We've gone two days without a proper meal. People are getting weak.",-26.9598,14.2028,"Justitia"
"Thankful for the first responders and emergency crews working around the clock. Stay off the roads unless absolutely necessary.",-26.8232,14.3395,"Justitia"
"#IoSTSHelp We have a medical emergency and no way to get help. Shelter is damaged beyond use. We're trying to stay dry and safe. Running dangerously low on fuel. Trying to conserve what's left.",-26.975,14.6064,"Justitia"
"#IoSTSHelp Can't reach anyone because we’re out of fuel and power.",-26.8524,14.6786,"Justitia"
"#IoSTSHelp No fuel for cooking or heating. Conditions are worsening. We lost everything, including our shelter. Nowhere to go.",-27.1592,14.8316,"Justitia"
"#IoSTSHelp Food supplies are completely gone. We need assistance urgently. Medical supplies are gone. Can't treat wounds or illnesses.",-27.1306,14.1906,"Justitia"
"#IoSTSHelp Can't reach anyone because we’re out of fuel and power. Medical supplies are gone. Can't treat wounds or illnesses.",NA,NA,"Justitia"
"#IoSTSHelp No fuel for cooking or heating. Conditions are worsening. We have a medical emergency and no way to get help. Food supplies are completely gone. We need assistance urgently.",-27.15,14.6148,"Justitia"
"#IoSTSHelp Out of fuel. We can't run the generator anymore. Medical supplies are gone. Can't treat wounds or illnesses.",-26.9648,14.1753,"Justitia"
"#IoSTSHelp No access to medicine or care. We're worried someone might not make it. Still no place to sleep. We’re making do with broken walls and tarps.",-27.0722,14.7242,"Justitia"
"Road closures are in effect due to debris and fallen trees from the storm. Please follow official channels for updates.",-27.111,14.8775,"Justitia"
"Storm coverage continues—stay tuned for updates and official instructions. More updates will follow as information becomes available.",-27.0945,14.4842,"Justitia"
"Thankful for the first responders and emergency crews working around the clock. Shelters remain open to those in need.",-26.6254,14.5841,"Justitia"
"#IoSTSHelp Out of fuel. We can't run the generator anymore. Still no place to sleep. We’re making do with broken walls and tarps.",-26.9831,14.7361,"Justitia"
"#IoSTSHelp Still no place to sleep. We’re making do with broken walls and tarps. Can't reach anyone because we’re out of fuel and power.",-27.1626,14.3104,"Justitia"
"#IoSTSHelp Fuel is completely gone, and we're cut off from any resupply. Still no place to sleep. We’re making do with broken walls and tarps. Still waiting for help—someone needs urgent medical care.",-27.0029,14.3354,"Justitia"
"#IoSTSHelp Shelter is damaged beyond use. We're trying to stay dry and safe.",-26.7582,14.5572,"Justitia"
"#IoSTSHelp No access to medicine or care. We're worried someone might not make it. We're running out of food and have no idea when help will arrive.",-27.0937,14.1531,"Justitia"
"The storm has passed, and cleanup efforts are beginning across the region. Shelters remain open to those in need.",-27.1585,14.4525,"Justitia"
"#IoSTSHelp No fuel for cooking or heating. Conditions are worsening. We lost everything, including our shelter. Nowhere to go. Still waiting for help—someone needs urgent medical care.",-26.9618,14.2887,"Justitia"
"#IoSTSHelp No access to medicine or care. We're worried someone might not make it.",-27.1671,14.6713,"Justitia"
"#IoSTSHelp Can't reach anyone because we’re out of fuel and power. Shelter is damaged beyond use. We're trying to stay dry and safe.",-26.8324,14.6216,"Justitia"
"#IoSTSHelp No roof over our heads. Sleeping outside since the storm hit.",-27.1878,14.4726,"Justitia"
"#IoSTSHelp Someone here is badly injured. We need medical attention urgently. We lost everything, including our shelter. Nowhere to go.",-27.147,14.2446,"Justitia"
"#IoSTSHelp No fuel for cooking or heating. Conditions are worsening. Our shelter didn't survive the storm. We're exposed to the elements. We have a medical emergency and no way to get help.",-27.0791,14.1661,"Justitia"
"#IoSTSHelp We've gone two days without a proper meal. People are getting weak. Medical supplies are gone. Can't treat wounds or illnesses. No fuel for cooking or heating. Conditions are worsening.",-27.1625,14.2909,"Justitia"
"#IoSTSHelp We're running out of food and have no idea when help will arrive. Can't reach anyone because we’re out of fuel and power.",-26.1251,17.9036,"Solvenya"
"#IoSTSHelp Running dangerously low on fuel. Trying to conserve what's left.",-26.4305,17.5052,"Solvenya"
"#IoSTSHelp Can't reach anyone because we’re out of fuel and power. Food supplies are completely gone. We need assistance urgently.",-26.3612,17.8982,"Solvenya"
"#IoSTSHelp Fuel is completely gone, and we're cut off from any resupply. No roof over our heads. Sleeping outside since the storm hit.",-26.1638,17.8794,"Solvenya"
"#IoSTSHelp No roof over our heads. Sleeping outside since the storm hit. Running dangerously low on fuel. Trying to conserve what's left. Someone here is badly injured. We need medical attention urgently.",-25.9907,17.4558,"Solvenya"
"#IoSTSHelp Fuel is completely gone, and we're cut off from any resupply. We have a medical emergency and no way to get help.",-26.236,17.4304,"Solvenya"
"#IoSTSHelp We lost everything, including our shelter. Nowhere to go. We're running out of food and have no idea when help will arrive. Running dangerously low on fuel. Trying to conserve what's left.",-26.1325,17.7884,"Solvenya"
"#IoSTSHelp We're running out of food and have no idea when help will arrive.",-26.3048,17.8056,"Solvenya"
"#IoSTSHelp Still waiting for help—someone needs urgent medical care. There's nothing left to eat. Everyone is hungry and exhausted.",-25.7008,17.6757,"Solvenya"
"#IoSTSHelp Running dangerously low on fuel. Trying to conserve what's left. There's nothing left to eat. Everyone is hungry and exhausted.",-26.4339,17.6406,"Solvenya"
"Community centers are opening for anyone in need after the storm. Stay off the roads unless absolutely necessary.",-25.9732,17.4051,"Solvenya"
"#IoSTSHelp Still waiting for help—someone needs urgent medical care. No food left. We're trying to ration what little we have. Shelter is damaged beyond use. We're trying to stay dry and safe.",-26.0528,17.478,"Solvenya"
"#IoSTSHelp We lost everything, including our shelter. Nowhere to go.",-25.9314,17.4898,"Solvenya"
"#IoSTSHelp No fuel for cooking or heating. Conditions are worsening. Still waiting for help—someone needs urgent medical care. We've gone two days without a proper meal. People are getting weak.",-26.0979,17.7783,"Solvenya"
"Power crews are working hard to restore electricity after the storm. Shelters remain open to those in need.",-25.9396,17.403,"Solvenya"
"#IoSTSHelp Still waiting for help—someone needs urgent medical care. Still no place to sleep. We’re making do with broken walls and tarps. We've gone two days without a proper meal. People are getting weak.",-26.1654,17.7806,"Solvenya"
"#IoSTSHelp Medical supplies are gone. Can't treat wounds or illnesses. Still no place to sleep. We’re making do with broken walls and tarps.",-26.1724,17.3562,"Solvenya"
"Community centers are opening for anyone in need after the storm. We're in this together, let's support one another.",-26.3245,17.6689,"Solvenya"
"#IoSTSHelp Our shelter didn't survive the storm. We're exposed to the elements.",-26.0787,17.8977,"Solvenya"
"#IoSTSHelp Shelter is damaged beyond use. We're trying to stay dry and safe. We've gone two days without a proper meal. People are getting weak.",-26.4166,17.5677,"Solvenya"
"#IoSTSHelp Our shelter didn't survive the storm. We're exposed to the elements. We've gone two days without a proper meal. People are getting weak.",-25.7722,17.5843,"Solvenya"
"Lots of damage in the area, but thankful everyone I know is safe. Shelters remain open to those in need.",-25.8289,17.7971,"Solvenya"
"Lots of damage in the area, but thankful everyone I know is safe. Let’s keep the community spirit strong.",-25.304,17.6689,"Solvenya"
"#IoSTSHelp We've gone two days without a proper meal. People are getting weak. Running dangerously low on fuel. Trying to conserve what's left. Our shelter didn't survive the storm. We're exposed to the elements.",-25.9704,17.3692,"Solvenya"
"#IoSTSHelp We've gone two days without a proper meal. People are getting weak. Still no place to sleep. We’re making do with broken walls and tarps.",-25.1784,17.801,"Solvenya"
"#IoSTSHelp Shelter is damaged beyond use. We're trying to stay dry and safe. Fuel is completely gone, and we're cut off from any resupply. We're running out of food and have no idea when help will arrive.",-25.344,17.8525,"Solvenya"
"Floodwaters are starting to recede. Please stay cautious and avoid driving through water. Please follow official channels for updates.",-25.4578,17.7503,"Solvenya"
"#IoSTSHelp Someone here is badly injured. We need medical attention urgently. There's nothing left to eat. Everyone is hungry and exhausted. Shelter is damaged beyond use. We're trying to stay dry and safe.",-25.6592,17.7851,"Solvenya"
"#IoSTSHelp Food supplies are completely gone. We need assistance urgently. Out of fuel. We can't run the generator anymore. Still no place to sleep. We’re making do with broken walls and tarps.",-25.1539,17.6602,"Solvenya"
"#IoSTSHelp Running dangerously low on fuel. Trying to conserve what's left. No food left. We're trying to ration what little we have. Someone here is badly injured. We need medical attention urgently.",-25.7736,17.596,"Solvenya"
"Volunteers are showing up in huge numbers to help with recovery efforts. Hope everyone is staying safe and checking in on each other.",-25.7784,17.544,"Solvenya"
"Road closures are in effect due to debris and fallen trees from the storm. Let’s keep the community spirit strong.",-26.0038,17.5506,"Solvenya"
"Community centers are opening for anyone in need after the storm. Weather teams did a great job tracking this storm.",-26.061,17.7381,"Solvenya"
"#IoSTSHelp Someone here is badly injured. We need medical attention urgently. We're running out of food and have no idea when help will arrive.",-26.1352,17.4808,"Solvenya"
"#IoSTSHelp Out of fuel. We can't run the generator anymore. No roof over our heads. Sleeping outside since the storm hit. Medical supplies are gone. Can't treat wounds or illnesses.",-25.343,17.5772,"Solvenya"
"#IoSTSHelp Food supplies are completely gone. We need assistance urgently. Our shelter didn't survive the storm. We're exposed to the elements. No fuel for cooking or heating. Conditions are worsening.",-25.5265,17.7715,"Solvenya"
"#IoSTSHelp Fuel is completely gone, and we're cut off from any resupply. There's nothing left to eat. Everyone is hungry and exhausted. Still no place to sleep. We’re making do with broken walls and tarps.",-25.303,17.8405,"Solvenya"
"#IoSTSHelp Fuel is completely gone, and we're cut off from any resupply. Still waiting for help—someone needs urgent medical care.",-26.0955,17.8866,"Solvenya"
"#IoSTSHelp No fuel for cooking or heating. Conditions are worsening. We've gone two days without a proper meal. People are getting weak. Still no place to sleep. We’re making do with broken walls and tarps.",-25.9237,17.8808,"Solvenya"
"#IoSTSHelp Still no place to sleep. We’re making do with broken walls and tarps. No access to medicine or care. We're worried someone might not make it.",-25.6873,17.595,"Solvenya"
"#IoSTSHelp Someone here is badly injured. We need medical attention urgently. We lost everything, including our shelter. Nowhere to go. Can't reach anyone because we’re out of fuel and power.",-27.3555,16.0942,"Paxora"
"Thankful for the first responders and emergency crews working around the clock. Let’s keep the community spirit strong.",-27.4665,15.9941,"Paxora"
"#IoSTSHelp Food supplies are completely gone. We need assistance urgently. No access to medicine or care. We're worried someone might not make it. No fuel for cooking or heating. Conditions are worsening.",-27.2839,16.0149,"Paxora"
"#IoSTSHelp No fuel for cooking or heating. Conditions are worsening.",-27.3226,15.3712,"Paxora"
"#IoSTSHelp No access to medicine or care. We're worried someone might not make it. We've gone two days without a proper meal. People are getting weak.",-27.4717,15.8337,"Paxora"
"Community centers are opening for anyone in need after the storm. Shelters remain open to those in need.",-27.315,15.5399,"Paxora"
"#IoSTSHelp Still waiting for help—someone needs urgent medical care. No roof over our heads. Sleeping outside since the storm hit. Can't reach anyone because we’re out of fuel and power.",-27.4686,16.0554,"Paxora"
"#IoSTSHelp Our shelter didn't survive the storm. We're exposed to the elements.",-27.5128,15.9186,"Paxora"
"Lots of damage in the area, but thankful everyone I know is safe. More updates will follow as information becomes available.",-27.2752,15.9286,"Paxora"
"#IoSTSHelp We have a medical emergency and no way to get help.",-27.4305,16.1271,"Paxora"
"#IoSTSHelp There's nothing left to eat. Everyone is hungry and exhausted. Can't reach anyone because we’re out of fuel and power. Shelter is damaged beyond use. We're trying to stay dry and safe.",-27.2785,15.8477,"Paxora"
"Lots of damage in the area, but thankful everyone I know is safe. Hope everyone is staying safe and checking in on each other.",-27.0824,14.4093,"Justitia"
"#IoSTSHelp No roof over our heads. Sleeping outside since the storm hit.",-27.398,14.6363,"Justitia"
"#IoSTSHelp No roof over our heads. Sleeping outside since the storm hit.",-27.1411,14.4399,"Justitia"
"#IoSTSHelp Shelter is damaged beyond use. We're trying to stay dry and safe.",-27.0295,14.7392,"Justitia"
"#IoSTSHelp Someone here is badly injured. We need medical attention urgently.",-27.3583,15.0714,"Justitia"
"#IoSTSHelp No access to medicine or care. We're worried someone might not make it. Out of fuel. We can't run the generator anymore.",-27.0101,14.3002,"Justitia"
"The storm has passed, and cleanup efforts are beginning across the region. Let’s keep the community spirit strong.",NA,NA,"Justitia"
"Storm coverage continues—stay tuned for updates and official instructions. Shelters remain open to those in need.",-27.1153,14.6977,"Justitia"
"Road closures are in effect due to debris and fallen trees from the storm. Hope everyone is staying safe and checking in on each other.",-26.779,14.6336,"Justitia"
"#IoSTSHelp Still no place to sleep. We’re making do with broken walls and tarps.",-27.0874,14.4018,"Justitia"
"#IoSTSHelp We lost everything, including our shelter. Nowhere to go. We have a medical emergency and no way to get help.",-26.9175,14.477,"Justitia"
"Power crews are working hard to restore electricity after the storm. Let’s keep the community spirit strong.",-26.9904,14.6677,"Justitia"
"#IoSTSHelp Someone here is badly injured. We need medical attention urgently.",-26.7869,14.503,"Justitia"
"#IoSTSHelp No access to medicine or care. We're worried someone might not make it. We're running out of food and have no idea when help will arrive.",-27.3001,14.8427,"Justitia"
"Community centers are opening for anyone in need after the storm. We're in this together, let's support one another.",-27.3132,14.4575,"Justitia"
"#IoSTSHelp Still waiting for help—someone needs urgent medical care.",NA,NA,"Justitia"
"#IoSTSHelp We've gone two days without a proper meal. People are getting weak.",-27.3135,14.9721,"Justitia"
"#IoSTSHelp Someone here is badly injured. We need medical attention urgently. Food supplies are completely gone. We need assistance urgently. Our shelter didn't survive the storm. We're exposed to the elements.",-27.3874,14.7595,"Justitia"
"#IoSTSHelp No roof over our heads. Sleeping outside since the storm hit. Out of fuel. We can't run the generator anymore.",-26.8343,14.6793,"Justitia"
"#IoSTSHelp We've gone two days without a proper meal. People are getting weak. Shelter is damaged beyond use. We're trying to stay dry and safe.",-26.8977,14.5218,"Justitia"
"#IoSTSHelp Medical supplies are gone. Can't treat wounds or illnesses. Our shelter didn't survive the storm. We're exposed to the elements.",-27.1058,14.3269,"Justitia"
"Schools will remain closed tomorrow as cleanup continues. Let’s keep the community spirit strong.",-27.3114,14.6641,"Justitia"
"#IoSTSHelp Still waiting for help—someone needs urgent medical care. Fuel is completely gone, and we're cut off from any resupply.",-27.2209,14.62,"Justitia"
"#IoSTSHelp No access to medicine or care. We're worried someone might not make it. Our shelter didn't survive the storm. We're exposed to the elements. We're running out of food and have no idea when help will arrive.",-26.8775,14.4935,"Justitia"
"#IoSTSHelp We have a medical emergency and no way to get help. There's nothing left to eat. Everyone is hungry and exhausted.",NA,NA,"Justitia"
"#IoSTSHelp Someone here is badly injured. We need medical attention urgently.",-27.4163,14.5214,"Justitia"
"#IoSTSHelp Running dangerously low on fuel. Trying to conserve what's left.",-27.0239,14.5919,"Justitia"
"#IoSTSHelp Can't reach anyone because we’re out of fuel and power. No food left. We're trying to ration what little we have. No roof over our heads. Sleeping outside since the storm hit.",-26.9398,14.5063,"Justitia"
"Road closures are in effect due to debris and fallen trees from the storm. We're in this together, let's support one another.",-27.0161,14.7549,"Justitia"
"#IoSTSHelp Someone here is badly injured. We need medical attention urgently.",-27.1333,14.5914,"Justitia"
"#IoSTSHelp Shelter is damaged beyond use. We're trying to stay dry and safe. Someone here is badly injured. We need medical attention urgently.",-26.9932,14.4688,"Justitia"
"#IoSTSHelp We've gone two days without a proper meal. People are getting weak. Can't reach anyone because we’re out of fuel and power.",-27.4086,15.0116,"Justitia"
"Power crews are working hard to restore electricity after the storm. Please follow official channels for updates.",-27.1037,14.2731,"Justitia"
"#IoSTSHelp Food supplies are completely gone. We need assistance urgently. Still waiting for help—someone needs urgent medical care.",-27.151,14.4708,"Justitia"
"#IoSTSHelp Someone here is badly injured. We need medical attention urgently.",NA,NA,"Justitia"
"#IoSTSHelp No fuel for cooking or heating. Conditions are worsening. Medical supplies are gone. Can't treat wounds or illnesses. Our shelter didn't survive the storm. We're exposed to the elements.",-27.068,14.1142,"Justitia"
"#IoSTSHelp No fuel for cooking or heating. Conditions are worsening. There's nothing left to eat. Everyone is hungry and exhausted.",-27.3498,14.6981,"Justitia"
"#IoSTSHelp Can't reach anyone because we’re out of fuel and power.",-27.243,14.2821,"Justitia"
"#IoSTSHelp We lost everything, including our shelter. Nowhere to go.",-26.7705,14.5036,"Justitia"
"#IoSTSHelp We're running out of food and have no idea when help will arrive.",NA,NA,"Justitia"
"Schools will remain closed tomorrow as cleanup continues. We're in this together, let's support one another.",-27.4164,14.8747,"Justitia"
"#IoSTSHelp Still no place to sleep. We’re making do with broken walls and tarps. We have a medical emergency and no way to get help.",-26.9118,14.4959,"Justitia"
"#IoSTSHelp Running dangerously low on fuel. Trying to conserve what's left. No food left. We're trying to ration what little we have.",-27.1665,14.2566,"Justitia"
"#IoSTSHelp Running dangerously low on fuel. Trying to conserve what's left. There's nothing left to eat. Everyone is hungry and exhausted.",-27.0913,14.3005,"Justitia"
"Lots of damage in the area, but thankful everyone I know is safe. We're in this together, let's support one another.",-27.0538,14.3655,"Justitia"
"#IoSTSHelp We lost everything, including our shelter. Nowhere to go. Can't reach anyone because we’re out of fuel and power. We've gone two days without a proper meal. People are getting weak.",-27.0758,14.4389,"Justitia"
"#IoSTSHelp No fuel for cooking or heating. Conditions are worsening.",-26.5844,14.531,"Justitia"
"#IoSTSHelp There's nothing left to eat. Everyone is hungry and exhausted.",-27.148,14.2481,"Justitia"
"#IoSTSHelp No roof over our heads. Sleeping outside since the storm hit.",-26.0574,17.4818,"Solvenya"
"The storm has passed, and cleanup efforts are beginning across the region. More updates will follow as information becomes available.",-25.9712,17.8565,"Solvenya"
"The storm has passed, and cleanup efforts are beginning across the region. Stay off the roads unless absolutely necessary.",-25.8718,17.8954,"Solvenya"
"The storm has passed, and cleanup efforts are beginning across the region. More updates will follow as information becomes available.",-26.0863,17.4568,"Solvenya"
"#IoSTSHelp There's nothing left to eat. Everyone is hungry and exhausted.",-26.4149,17.6331,"Solvenya"
"#IoSTSHelp Food supplies are completely gone. We need assistance urgently.",-25.8852,17.6841,"Solvenya"
"#IoSTSHelp Fuel is completely gone, and we're cut off from any resupply. There's nothing left to eat. Everyone is hungry and exhausted. We have a medical emergency and no way to get help.",-25.9915,17.6869,"Solvenya"
"#IoSTSHelp We've gone two days without a proper meal. People are getting weak.",-26.1649,17.9457,"Solvenya"
"#IoSTSHelp Our shelter didn't survive the storm. We're exposed to the elements.",-26.1889,17.9142,"Solvenya"
"#IoSTSHelp No access to medicine or care. We're worried someone might not make it. No fuel for cooking or heating. Conditions are worsening. Shelter is damaged beyond use. We're trying to stay dry and safe.",-26.1676,17.3973,"Solvenya"
"Community centers are opening for anyone in need after the storm. Let’s keep the community spirit strong.",-25.8411,17.8106,"Solvenya"
"#IoSTSHelp We have a medical emergency and no way to get help. We lost everything, including our shelter. Nowhere to go.",-25.9893,17.5937,"Solvenya"
"#IoSTSHelp No fuel for cooking or heating. Conditions are worsening. No food left. We're trying to ration what little we have. Our shelter didn't survive the storm. We're exposed to the elements.",-25.5063,17.6024,"Solvenya"
"#IoSTSHelp Someone here is badly injured. We need medical attention urgently.",-26.219,17.4927,"Solvenya"
"Schools will remain closed tomorrow as cleanup continues. More updates will follow as information becomes available.",-25.7412,17.827,"Solvenya"
"Floodwaters are starting to recede. Please stay cautious and avoid driving through water. It's going to take time, but recovery is underway.",-25.6921,17.699,"Solvenya"
"#IoSTSHelp Out of fuel. We can't run the generator anymore. Still no place to sleep. We’re making do with broken walls and tarps.",-26.2692,17.9913,"Solvenya"
"#IoSTSHelp Our shelter didn't survive the storm. We're exposed to the elements. We've gone two days without a proper meal. People are getting weak.",-25.9224,17.6462,"Solvenya"
"Road closures are in effect due to debris and fallen trees from the storm. It's going to take time, but recovery is underway.",-25.9739,17.4552,"Solvenya"
"#IoSTSHelp Our shelter didn't survive the storm. We're exposed to the elements.",-26.4515,17.4848,"Solvenya"
"#IoSTSHelp We've gone two days without a proper meal. People are getting weak.",-26.45,17.9681,"Solvenya"
"#IoSTSHelp Food supplies are completely gone. We need assistance urgently. No roof over our heads. Sleeping outside since the storm hit.",-25.9822,17.7366,"Solvenya"
"#IoSTSHelp No access to medicine or care. We're worried someone might not make it. Can't reach anyone because we’re out of fuel and power. No food left. We're trying to ration what little we have.",-25.8566,17.7434,"Solvenya"
"#IoSTSHelp No food left. We're trying to ration what little we have.",-25.599,17.6786,"Solvenya"
"#IoSTSHelp Still waiting for help—someone needs urgent medical care.",-26.3226,17.6072,"Solvenya"
"#IoSTSHelp We're running out of food and have no idea when help will arrive.",-25.4809,17.6749,"Solvenya"
"#IoSTSHelp We lost everything, including our shelter. Nowhere to go.",-26.3261,17.8887,"Solvenya"
"#IoSTSHelp Still no place to sleep. We’re making do with broken walls and tarps.",-26.2016,17.4458,"Solvenya"
"#IoSTSHelp Someone here is badly injured. We need medical attention urgently. We lost everything, including our shelter. Nowhere to go. No fuel for cooking or heating. Conditions are worsening.",-25.6566,17.8211,"Solvenya"
"Road closures are in effect due to debris and fallen trees from the storm. More updates will follow as information becomes available.",-25.8644,17.7549,"Solvenya"
"#IoSTSHelp Food supplies are completely gone. We need assistance urgently. Can't reach anyone because we’re out of fuel and power.",-26.0544,17.3926,"Solvenya"
"#IoSTSHelp Still waiting for help—someone needs urgent medical care.",-26.2535,17.4807,"Solvenya"
"#IoSTSHelp No roof over our heads. Sleeping outside since the storm hit. Still waiting for help—someone needs urgent medical care.",-26.2155,17.3588,"Solvenya"
"#IoSTSHelp Food supplies are completely gone. We need assistance urgently. Fuel is completely gone, and we're cut off from any resupply.",-26.1009,17.729,"Solvenya"
"#IoSTSHelp Running dangerously low on fuel. Trying to conserve what's left. No roof over our heads. Sleeping outside since the storm hit.",-25.94,17.7866,"Solvenya"
"#IoSTSHelp Running dangerously low on fuel. Trying to conserve what's left. No roof over our heads. Sleeping outside since the storm hit. Still waiting for help—someone needs urgent medical care.",-26.0126,17.4488,"Solvenya"
"#IoSTSHelp Running dangerously low on fuel. Trying to conserve what's left.",-26.0213,17.7227,"Solvenya"
"Community centers are opening for anyone in need after the storm. Please follow official channels for updates.",-25.8771,17.6407,"Solvenya"
"#IoSTSHelp Shelter is damaged beyond use. We're trying to stay dry and safe. Food supplies are completely gone. We need assistance urgently.",-25.755,17.8968,"Solvenya"
"Power crews are working hard to restore electricity after the storm. Please follow official channels for updates.",-25.639,17.6211,"Solvenya"
"#IoSTSHelp We lost everything, including our shelter. Nowhere to go. Running dangerously low on fuel. Trying to conserve what's left. There's nothing left to eat. Everyone is hungry and exhausted.",-25.8069,17.516,"Solvenya"
"#IoSTSHelp Can't reach anyone because we’re out of fuel and power. There's nothing left to eat. Everyone is hungry and exhausted.",-23.0731,15.998,"Ecliptria"
"#IoSTSHelp Shelter is damaged beyond use. We're trying to stay dry and safe.",-22.8789,15.7873,"Ecliptria"
"#IoSTSHelp We have a medical emergency and no way to get help. Can't reach anyone because we’re out of fuel and power. We're running out of food and have no idea when help will arrive.",-22.9933,15.7744,"Ecliptria"
"Lots of damage in the area, but thankful everyone I know is safe. Shelters remain open to those in need.",-23.1811,15.8478,"Ecliptria"
"The storm has passed, and cleanup efforts are beginning across the region. Shelters remain open to those in need.",-22.7922,15.5118,"Ecliptria"
"#IoSTSHelp We're running out of food and have no idea when help will arrive. Our shelter didn't survive the storm. We're exposed to the elements.",-22.77,15.6787,"Ecliptria"
"#IoSTSHelp No fuel for cooking or heating. Conditions are worsening.",-23.1694,16.0221,"Ecliptria"
"#IoSTSHelp We have a medical emergency and no way to get help.",-22.7672,15.96,"Ecliptria"
"#IoSTSHelp We're running out of food and have no idea when help will arrive. Medical supplies are gone. Can't treat wounds or illnesses.",NA,NA,"Ecliptria"
"#IoSTSHelp There's nothing left to eat. Everyone is hungry and exhausted. We have a medical emergency and no way to get help. Shelter is damaged beyond use. We're trying to stay dry and safe.",-22.7812,16.0431,"Ecliptria"
"#IoSTSHelp Our shelter didn't survive the storm. We're exposed to the elements.",-23.207,15.5664,"Ecliptria"
"#IoSTSHelp Fuel is completely gone, and we're cut off from any resupply. There's nothing left to eat. Everyone is hungry and exhausted. Shelter is damaged beyond use. We're trying to stay dry and safe.",-22.7044,15.5016,"Ecliptria"
"#IoSTSHelp We have a medical emergency and no way to get help. No fuel for cooking or heating. Conditions are worsening. We're running out of food and have no idea when help will arrive.",-22.8917,15.8974,"Ecliptria"
"#IoSTSHelp Someone here is badly injured. We need medical attention urgently. Our shelter didn't survive the storm. We're exposed to the elements. We've gone two days without a proper meal. People are getting weak.",-23.5352,15.8262,"Ecliptria"
"#IoSTSHelp Running dangerously low on fuel. Trying to conserve what's left.",-22.8746,15.6088,"Ecliptria"
"#IoSTSHelp No roof over our heads. Sleeping outside since the storm hit. We have a medical emergency and no way to get help.",-23.1488,15.9455,"Ecliptria"
"#IoSTSHelp Fuel is completely gone, and we're cut off from any resupply.",-23.4781,15.7906,"Ecliptria"
"#IoSTSHelp Fuel is completely gone, and we're cut off from any resupply. No roof over our heads. Sleeping outside since the storm hit.",NA,NA,"Ecliptria"
"#IoSTSHelp Our shelter didn't survive the storm. We're exposed to the elements. No fuel for cooking or heating. Conditions are worsening. We're running out of food and have no idea when help will arrive.",-23.1991,15.8317,"Ecliptria"
"#IoSTSHelp Can't reach anyone because we’re out of fuel and power. Someone here is badly injured. We need medical attention urgently. There's nothing left to eat. Everyone is hungry and exhausted.",-26.7004,15.8142,"Paxora"
"#IoSTSHelp Shelter is damaged beyond use. We're trying to stay dry and safe. Can't reach anyone because we’re out of fuel and power.",NA,NA,"Paxora"
"#IoSTSHelp Can't reach anyone because we’re out of fuel and power. Food supplies are completely gone. We need assistance urgently.",-26.7862,15.5944,"Paxora"
"Storm coverage continues—stay tuned for updates and official instructions. Stay off the roads unless absolutely necessary.",NA,NA,"Paxora"
"#IoSTSHelp Can't reach anyone because we’re out of fuel and power. Medical supplies are gone. Can't treat wounds or illnesses.",-26.7492,15.9226,"Paxora"
"#IoSTSHelp No food left. We're trying to ration what little we have.",NA,NA,"Paxora"
"Power crews are working hard to restore electricity after the storm. More updates will follow as information becomes available.",-26.5859,15.6296,"Paxora"
"#IoSTSHelp There's nothing left to eat. Everyone is hungry and exhausted. We lost everything, including our shelter. Nowhere to go. Out of fuel. We can't run the generator anymore.",-26.835,15.7206,"Paxora"
"#IoSTSHelp No fuel for cooking or heating. Conditions are worsening. No access to medicine or care. We're worried someone might not make it.",-26.7975,15.3341,"Paxora"
"#IoSTSHelp Someone here is badly injured. We need medical attention urgently. Our shelter didn't survive the storm. We're exposed to the elements. There's nothing left to eat. Everyone is hungry and exhausted.",-27.4255,15.9916,"Paxora"
"Schools will remain closed tomorrow as cleanup continues. Let’s keep the community spirit strong.",-27.1818,15.3574,"Paxora"
"Storm coverage continues—stay tuned for updates and official instructions. Shelters remain open to those in need.",-27.1067,15.9573,"Paxora"
"Community centers are opening for anyone in need after the storm. More updates will follow as information becomes available.",-27.0533,16.0204,"Paxora"
"#IoSTSHelp We've gone two days without a proper meal. People are getting weak. Running dangerously low on fuel. Trying to conserve what's left.",-27.3016,16.0271,"Paxora"
"#IoSTSHelp No food left. We're trying to ration what little we have.",-27.2788,15.5386,"Paxora"
"Volunteers are showing up in huge numbers to help with recovery efforts. Remember to check on neighbors, especially the elderly.",-26.8008,15.6413,"Paxora"
"#IoSTSHelp We lost everything, including our shelter. Nowhere to go. Out of fuel. We can't run the generator anymore.",-27.2135,15.2816,"Paxora"
"#IoSTSHelp Still waiting for help—someone needs urgent medical care. No roof over our heads. Sleeping outside since the storm hit. Running dangerously low on fuel. Trying to conserve what's left.",NA,NA,"Paxora"
"#IoSTSHelp Our shelter didn't survive the storm. We're exposed to the elements. Medical supplies are gone. Can't treat wounds or illnesses. No food left. We're trying to ration what little we have.",-27.3083,16.025,"Paxora"
"#IoSTSHelp Fuel is completely gone, and we're cut off from any resupply. We're running out of food and have no idea when help will arrive. Still no place to sleep. We’re making do with broken walls and tarps.",-27.1565,15.7593,"Paxora"
"#IoSTSHelp Shelter is damaged beyond use. We're trying to stay dry and safe. We're running out of food and have no idea when help will arrive.",-27.0698,15.4928,"Paxora"
"Road closures are in effect due to debris and fallen trees from the storm. It's going to take time, but recovery is underway.",NA,NA,"Paxora"
"#IoSTSHelp Medical supplies are gone. Can't treat wounds or illnesses. There's nothing left to eat. Everyone is hungry and exhausted.",-27.3031,15.0751,"Justitia"
"Lots of damage in the area, but thankful everyone I know is safe. More updates will follow as information becomes available.",-26.8786,16.0108,"Paxora"
"#IoSTSHelp Still no place to sleep. We’re making do with broken walls and tarps. No food left. We're trying to ration what little we have. Still waiting for help—someone needs urgent medical care.",-27.1636,15.5645,"Paxora"
"Community centers are opening for anyone in need after the storm. Hope everyone is staying safe and checking in on each other.",-26.8617,15.9299,"Paxora"
"#IoSTSHelp No access to medicine or care. We're worried someone might not make it.",-26.9059,15.4057,"Paxora"
"#IoSTSHelp Running dangerously low on fuel. Trying to conserve what's left. Still no place to sleep. We’re making do with broken walls and tarps. Still waiting for help—someone needs urgent medical care.",-26.7129,15.4332,"Paxora"
"#IoSTSHelp Still waiting for help—someone needs urgent medical care. Our shelter didn't survive the storm. We're exposed to the elements. No food left. We're trying to ration what little we have.",-26.946,15.7796,"Paxora"
"#IoSTSHelp We've gone two days without a proper meal. People are getting weak. We lost everything, including our shelter. Nowhere to go. Still waiting for help—someone needs urgent medical care.",-27.0716,15.7735,"Paxora"
"#IoSTSHelp We're running out of food and have no idea when help will arrive.",-27.1683,15.8089,"Paxora"
"Storm coverage continues—stay tuned for updates and official instructions. Remember to check on neighbors, especially the elderly.",-27.0934,15.3313,"Paxora"
"#IoSTSHelp Running dangerously low on fuel. Trying to conserve what's left.",-26.9213,15.4956,"Paxora"
"#IoSTSHelp No fuel for cooking or heating. Conditions are worsening. No roof over our heads. Sleeping outside since the storm hit. Food supplies are completely gone. We need assistance urgently.",-27.3221,15.3543,"Paxora"
"#IoSTSHelp No roof over our heads. Sleeping outside since the storm hit. Medical supplies are gone. Can't treat wounds or illnesses.",-27.1303,15.4336,"Paxora"
"#IoSTSHelp We're running out of food and have no idea when help will arrive. Medical supplies are gone. Can't treat wounds or illnesses.",-27.0766,15.7825,"Paxora"
"Road closures are in effect due to debris and fallen trees from the storm. It's going to take time, but recovery is underway.",-27.1949,15.9526,"Paxora"
"#IoSTSHelp Can't reach anyone because we’re out of fuel and power.",-27.1857,15.4171,"Paxora"
"Floodwaters are starting to recede. Please stay cautious and avoid driving through water. More updates will follow as information becomes available.",-27.2374,15.3922,"Paxora"
"Power crews are working hard to restore electricity after the storm. Please follow official channels for updates.",-27.3022,15.3448,"Paxora"
"#IoSTSHelp Still waiting for help—someone needs urgent medical care.",-27.3682,15.572,"Paxora"
"#IoSTSHelp Shelter is damaged beyond use. We're trying to stay dry and safe. We've gone two days without a proper meal. People are getting weak. Still waiting for help—someone needs urgent medical care.",-27.3392,15.9845,"Paxora"
"Storm coverage continues—stay tuned for updates and official instructions. We're in this together, let's support one another.",-26.9305,15.3988,"Paxora"
"#IoSTSHelp Food supplies are completely gone. We need assistance urgently.",-27.1076,15.5905,"Paxora"
"#IoSTSHelp No roof over our heads. Sleeping outside since the storm hit.",-27.1991,15.4957,"Paxora"
"#IoSTSHelp Food supplies are completely gone. We need assistance urgently. Still waiting for help—someone needs urgent medical care.",-27.2108,14.8488,"Justitia"
"#IoSTSHelp Our shelter didn't survive the storm. We're exposed to the elements.",-27.1863,14.5348,"Justitia"
"#IoSTSHelp We have a medical emergency and no way to get help.",-27.3157,14.4837,"Justitia"
"#IoSTSHelp We've gone two days without a proper meal. People are getting weak. Shelter is damaged beyond use. We're trying to stay dry and safe.",-27.1923,14.3506,"Justitia"
"#IoSTSHelp Someone here is badly injured. We need medical attention urgently.",-27.35,14.9467,"Justitia"
"#IoSTSHelp Out of fuel. We can't run the generator anymore. No food left. We're trying to ration what little we have.",-27.1209,14.1443,"Justitia"
"#IoSTSHelp We lost everything, including our shelter. Nowhere to go. We're running out of food and have no idea when help will arrive. Out of fuel. We can't run the generator anymore.",-27.2798,14.674,"Justitia"
"Storm coverage continues—stay tuned for updates and official instructions. Weather teams did a great job tracking this storm.",NA,NA,"Justitia"
"#IoSTSHelp No access to medicine or care. We're worried someone might not make it.",-27.1773,15.0002,"Justitia"
"#IoSTSHelp Food supplies are completely gone. We need assistance urgently. We have a medical emergency and no way to get help. Running dangerously low on fuel. Trying to conserve what's left.",-27.1155,14.6481,"Justitia"
"#IoSTSHelp No fuel for cooking or heating. Conditions are worsening. Our shelter didn't survive the storm. We're exposed to the elements.",-27.0614,14.5492,"Justitia"
"Lots of damage in the area, but thankful everyone I know is safe. More updates will follow as information becomes available.",-27.3566,14.8706,"Justitia"
"Community centers are opening for anyone in need after the storm. Shelters remain open to those in need.",-27.2754,14.2724,"Justitia"
"#IoSTSHelp No fuel for cooking or heating. Conditions are worsening. Someone here is badly injured. We need medical attention urgently. Food supplies are completely gone. We need assistance urgently.",-27.0542,14.413,"Justitia"
"Lots of damage in the area, but thankful everyone I know is safe. Let’s keep the community spirit strong.",-27.5425,14.7338,"Justitia"
"Floodwaters are starting to recede. Please stay cautious and avoid driving through water. It's going to take time, but recovery is underway.",-27.1555,14.8707,"Justitia"
"Storm coverage continues—stay tuned for updates and official instructions. Remember to check on neighbors, especially the elderly.",-23.0391,15.6268,"Ecliptria"
"#IoSTSHelp Our shelter didn't survive the storm. We're exposed to the elements. There's nothing left to eat. Everyone is hungry and exhausted.",-23.3568,15.9026,"Ecliptria"
"#IoSTSHelp Running dangerously low on fuel. Trying to conserve what's left. No food left. We're trying to ration what little we have.",-22.7146,15.6768,"Ecliptria"
"Community centers are opening for anyone in need after the storm. Stay off the roads unless absolutely necessary.",-23.1002,15.6702,"Ecliptria"
"#IoSTSHelp Medical supplies are gone. Can't treat wounds or illnesses. No fuel for cooking or heating. Conditions are worsening.",-22.7362,15.8356,"Ecliptria"
"#IoSTSHelp Still no place to sleep. We’re making do with broken walls and tarps. Out of fuel. We can't run the generator anymore. Someone here is badly injured. We need medical attention urgently.",-22.8709,16.0214,"Ecliptria"
"#IoSTSHelp Medical supplies are gone. Can't treat wounds or illnesses. Food supplies are completely gone. We need assistance urgently. No roof over our heads. Sleeping outside since the storm hit.",-23.1465,16.0154,"Ecliptria"
"Community centers are opening for anyone in need after the storm. It's going to take time, but recovery is underway.",-23.4342,15.8101,"Ecliptria"
"#IoSTSHelp No access to medicine or care. We're worried someone might not make it.",-27.3262,15.0084,"Justitia"
"#IoSTSHelp We have a medical emergency and no way to get help. Shelter is damaged beyond use. We're trying to stay dry and safe.",-27.2696,16.0894,"Paxora"
"Storm coverage continues—stay tuned for updates and official instructions. More updates will follow as information becomes available.",-26.935,16.0852,"Paxora"
"#IoSTSHelp There's nothing left to eat. Everyone is hungry and exhausted.",-27.2982,15.7527,"Paxora"
"Community centers are opening for anyone in need after the storm. Stay off the roads unless absolutely necessary.",-26.9185,15.9061,"Paxora"
"#IoSTSHelp Food supplies are completely gone. We need assistance urgently. No access to medicine or care. We're worried someone might not make it.",-27.3633,15.74,"Paxora"
"#IoSTSHelp Still waiting for help—someone needs urgent medical care.",-27.1938,15.7626,"Paxora"
"Thankful for the first responders and emergency crews working around the clock. Let’s keep the community spirit strong.",-27.3075,16.3146,"Paxora"
"#IoSTSHelp There's nothing left to eat. Everyone is hungry and exhausted. No access to medicine or care. We're worried someone might not make it. No roof over our heads. Sleeping outside since the storm hit.",-27.5519,15.9606,"Paxora"
"#IoSTSHelp There's nothing left to eat. Everyone is hungry and exhausted. Still no place to sleep. We’re making do with broken walls and tarps.",-26.9816,15.803,"Paxora"
"#IoSTSHelp Someone here is badly injured. We need medical attention urgently.",-27.0424,16.1284,"Paxora"
"Community centers are opening for anyone in need after the storm. Shelters remain open to those in need.",-27.4875,15.9126,"Paxora"
"#IoSTSHelp Someone here is badly injured. We need medical attention urgently. Running dangerously low on fuel. Trying to conserve what's left.",-27.2303,16.336,"Paxora"
"#IoSTSHelp Our shelter didn't survive the storm. We're exposed to the elements. No access to medicine or care. We're worried someone might not make it.",-27.6332,15.9766,"Paxora"
"Community centers are opening for anyone in need after the storm. Hope everyone is staying safe and checking in on each other.",-27.0215,15.867,"Paxora"
"#IoSTSHelp We have a medical emergency and no way to get help.",-26.8616,15.8879,"Paxora"
"#IoSTSHelp Fuel is completely gone, and we're cut off from any resupply. Still waiting for help—someone needs urgent medical care.",-27.1271,15.8578,"Paxora"
"#IoSTSHelp We have a medical emergency and no way to get help. No roof over our heads. Sleeping outside since the storm hit. Out of fuel. We can't run the generator anymore.",-26.9531,15.5562,"Paxora"
"#IoSTSHelp Can't reach anyone because we’re out of fuel and power.",-27.5046,16.1709,"Paxora"
"#IoSTSHelp We're running out of food and have no idea when help will arrive. Running dangerously low on fuel. Trying to conserve what's left. Medical supplies are gone. Can't treat wounds or illnesses.",-27.3827,15.7981,"Paxora"
"#IoSTSHelp Out of fuel. We can't run the generator anymore. We're running out of food and have no idea when help will arrive.",-26.9429,15.7034,"Paxora"
"#IoSTSHelp Someone here is badly injured. We need medical attention urgently. Fuel is completely gone, and we're cut off from any resupply.",-26.939,15.8488,"Paxora"
"Floodwaters are starting to recede. Please stay cautious and avoid driving through water. We're in this together, let's support one another.",-27.4595,15.6528,"Paxora"
"#IoSTSHelp Still waiting for help—someone needs urgent medical care. Food supplies are completely gone. We need assistance urgently.",-25.9981,17.7053,"Solvenya"
"#IoSTSHelp No roof over our heads. Sleeping outside since the storm hit.",-26.0587,17.5932,"Solvenya"
"#IoSTSHelp Running dangerously low on fuel. Trying to conserve what's left. We have a medical emergency and no way to get help. No food left. We're trying to ration what little we have.",-25.9839,17.3878,"Solvenya"
"#IoSTSHelp We lost everything, including our shelter. Nowhere to go. There's nothing left to eat. Everyone is hungry and exhausted. Someone here is badly injured. We need medical attention urgently.",-26.2801,17.7093,"Solvenya"
"#IoSTSHelp We've gone two days without a proper meal. People are getting weak. Out of fuel. We can't run the generator anymore.",-26.9445,14.3153,"Justitia"
"Lots of damage in the area, but thankful everyone I know is safe. It's going to take time, but recovery is underway.",-27.4802,14.4393,"Justitia"
"#IoSTSHelp Still no place to sleep. We’re making do with broken walls and tarps. No food left. We're trying to ration what little we have. Still waiting for help—someone needs urgent medical care.",-27.4162,14.9105,"Justitia"
"The storm has passed, and cleanup efforts are beginning across the region. Please follow official channels for updates.",-27.1864,15.0323,"Justitia"
"#IoSTSHelp No access to medicine or care. We're worried someone might not make it. Running dangerously low on fuel. Trying to conserve what's left. Still no place to sleep. We’re making do with broken walls and tarps.",-26.9661,14.4389,"Justitia"
"#IoSTSHelp No food left. We're trying to ration what little we have. Can't reach anyone because we’re out of fuel and power. No access to medicine or care. We're worried someone might not make it.",-27.41,14.6904,"Justitia"
"Community centers are opening for anyone in need after the storm. More updates will follow as information becomes available.",-27.4546,14.9801,"Justitia"
"#IoSTSHelp There's nothing left to eat. Everyone is hungry and exhausted.",-27.1166,14.8348,"Justitia"
"#IoSTSHelp We're running out of food and have no idea when help will arrive. We have a medical emergency and no way to get help. Can't reach anyone because we’re out of fuel and power.",-27.3723,14.8494,"Justitia"
"The storm has passed, and cleanup efforts are beginning across the region. It's going to take time, but recovery is underway.",-27.2956,14.9432,"Justitia"
"#IoSTSHelp We lost everything, including our shelter. Nowhere to go. No fuel for cooking or heating. Conditions are worsening. Someone here is badly injured. We need medical attention urgently.",-27.5713,14.7909,"Justitia"
"#IoSTSHelp Still no place to sleep. We’re making do with broken walls and tarps.",-26.9291,14.3085,"Justitia"
"Thankful for the first responders and emergency crews working around the clock. Stay off the roads unless absolutely necessary.",-26.9433,14.4437,"Justitia"
"#IoSTSHelp No access to medicine or care. We're worried someone might not make it. No fuel for cooking or heating. Conditions are worsening. Shelter is damaged beyond use. We're trying to stay dry and safe.",-27.3662,14.6485,"Justitia"
"#IoSTSHelp Someone here is badly injured. We need medical attention urgently. Still no place to sleep. We’re making do with broken walls and tarps.",-26.8986,14.6556,"Justitia"
"The storm has passed, and cleanup efforts are beginning across the region. Remember to check on neighbors, especially the elderly.",-26.9935,14.2619,"Justitia"
"#IoSTSHelp There's nothing left to eat. Everyone is hungry and exhausted.",-26.9491,14.6202,"Justitia"
"#IoSTSHelp We lost everything, including our shelter. Nowhere to go. Still waiting for help—someone needs urgent medical care. We're running out of food and have no idea when help will arrive.",-26.9595,14.7072,"Justitia"
"#IoSTSHelp Our shelter didn't survive the storm. We're exposed to the elements. Someone here is badly injured. We need medical attention urgently. Fuel is completely gone, and we're cut off from any resupply.",-27.3087,14.3603,"Justitia"
"Schools will remain closed tomorrow as cleanup continues. Let’s keep the community spirit strong.",-27.3712,14.4894,"Justitia"
"#IoSTSHelp Running dangerously low on fuel. Trying to conserve what's left.",-27.2321,14.6355,"Justitia"
"#IoSTSHelp Out of fuel. We can't run the generator anymore. Our shelter didn't survive the storm. We're exposed to the elements.",NA,NA,"Justitia"
"#IoSTSHelp Still waiting for help—someone needs urgent medical care. Shelter is damaged beyond use. We're trying to stay dry and safe. No fuel for cooking or heating. Conditions are worsening.",-23.3433,14.4143,"Calmorra"
"Community centers are opening for anyone in need after the storm. Please follow official channels for updates.",-22.9335,14.2477,"Calmorra"
"#IoSTSHelp Food supplies are completely gone. We need assistance urgently. Medical supplies are gone. Can't treat wounds or illnesses.",-23.3529,14.2039,"Calmorra"
"#IoSTSHelp Food supplies are completely gone. We need assistance urgently. No roof over our heads. Sleeping outside since the storm hit.",-22.783,14.3962,"Calmorra"
"#IoSTSHelp Our shelter didn't survive the storm. We're exposed to the elements. We have a medical emergency and no way to get help.",-23.2658,14.467,"Calmorra"
"#IoSTSHelp Someone here is badly injured. We need medical attention urgently. We're running out of food and have no idea when help will arrive.",-22.8067,14.3933,"Calmorra"
"Volunteers are showing up in huge numbers to help with recovery efforts. Let’s keep the community spirit strong.",-23.6946,14.3379,"Calmorra"
"#IoSTSHelp Out of fuel. We can't run the generator anymore. Still waiting for help—someone needs urgent medical care. Our shelter didn't survive the storm. We're exposed to the elements.",-23.364,14.2568,"Calmorra"
"#IoSTSHelp No access to medicine or care. We're worried someone might not make it.",-23.4796,14.2101,"Calmorra"
"#IoSTSHelp We're running out of food and have no idea when help will arrive. Still waiting for help—someone needs urgent medical care. Fuel is completely gone, and we're cut off from any resupply.",-22.8081,14.2995,"Calmorra"
"Schools will remain closed tomorrow as cleanup continues. More updates will follow as information becomes available.",-27.0307,15.5392,"Paxora"
"#IoSTSHelp Shelter is damaged beyond use. We're trying to stay dry and safe. We have a medical emergency and no way to get help. No food left. We're trying to ration what little we have.",-26.9437,15.7244,"Paxora"
"#IoSTSHelp Shelter is damaged beyond use. We're trying to stay dry and safe. Fuel is completely gone, and we're cut off from any resupply. We're running out of food and have no idea when help will arrive.",-26.5706,15.4435,"Paxora"
"#IoSTSHelp Running dangerously low on fuel. Trying to conserve what's left.",-26.5585,15.4189,"Paxora"
"#IoSTSHelp Fuel is completely gone, and we're cut off from any resupply. Still waiting for help—someone needs urgent medical care. Shelter is damaged beyond use. We're trying to stay dry and safe.",-26.9117,15.7961,"Paxora"
"#IoSTSHelp Shelter is damaged beyond use. We're trying to stay dry and safe. Still waiting for help—someone needs urgent medical care.",-26.7656,15.5781,"Paxora"
"#IoSTSHelp No fuel for cooking or heating. Conditions are worsening. Still no place to sleep. We’re making do with broken walls and tarps. There's nothing left to eat. Everyone is hungry and exhausted.",-26.7582,15.664,"Paxora"
"#IoSTSHelp Running dangerously low on fuel. Trying to conserve what's left. We have a medical emergency and no way to get help.",-26.8401,15.4291,"Paxora"
"#IoSTSHelp We have a medical emergency and no way to get help. Fuel is completely gone, and we're cut off from any resupply.",-26.758,15.4764,"Paxora"
"#IoSTSHelp No food left. We're trying to ration what little we have. Out of fuel. We can't run the generator anymore. Shelter is damaged beyond use. We're trying to stay dry and safe.",-26.952,15.4934,"Paxora"
"#IoSTSHelp Out of fuel. We can't run the generator anymore. We've gone two days without a proper meal. People are getting weak. No access to medicine or care. We're worried someone might not make it.",-26.6558,15.5112,"Paxora"
"#IoSTSHelp There's nothing left to eat. Everyone is hungry and exhausted.",-26.9088,15.4487,"Paxora"
"#IoSTSHelp Can't reach anyone because we’re out of fuel and power. Shelter is damaged beyond use. We're trying to stay dry and safe. We've gone two days without a proper meal. People are getting weak.",-26.7307,15.6667,"Paxora"
"#IoSTSHelp No access to medicine or care. We're worried someone might not make it.",-26.8984,15.7741,"Paxora"
"#IoSTSHelp Someone here is badly injured. We need medical attention urgently. Out of fuel. We can't run the generator anymore.",-26.8218,15.8321,"Paxora"
"#IoSTSHelp No fuel for cooking or heating. Conditions are worsening. Still waiting for help—someone needs urgent medical care. Food supplies are completely gone. We need assistance urgently.",-26.9673,15.2927,"Paxora"
"#IoSTSHelp Fuel is completely gone, and we're cut off from any resupply. No roof over our heads. Sleeping outside since the storm hit.",-26.9593,15.7445,"Paxora"
"#IoSTSHelp No fuel for cooking or heating. Conditions are worsening. No food left. We're trying to ration what little we have. Still no place to sleep. We’re making do with broken walls and tarps.",-27.0084,15.4882,"Paxora"
"#IoSTSHelp Out of fuel. We can't run the generator anymore. We lost everything, including our shelter. Nowhere to go. We have a medical emergency and no way to get help.",-27.0626,15.3954,"Paxora"
"#IoSTSHelp We have a medical emergency and no way to get help. Fuel is completely gone, and we're cut off from any resupply.",-26.8356,15.745,"Paxora"
"#IoSTSHelp Our shelter didn't survive the storm. We're exposed to the elements.",-27.076,15.5645,"Paxora"
"#IoSTSHelp Out of fuel. We can't run the generator anymore. We have a medical emergency and no way to get help.",-26.9057,15.4189,"Paxora"
"#IoSTSHelp Someone here is badly injured. We need medical attention urgently. No food left. We're trying to ration what little we have. Out of fuel. We can't run the generator anymore.",-26.6487,15.6976,"Paxora"
"#IoSTSHelp Food supplies are completely gone. We need assistance urgently.",-26.9114,15.351,"Paxora"
"#IoSTSHelp Can't reach anyone because we’re out of fuel and power.",-26.5529,15.5429,"Paxora"
"#IoSTSHelp Running dangerously low on fuel. Trying to conserve what's left.",-26.7859,15.8544,"Paxora"
"#IoSTSHelp Food supplies are completely gone. We need assistance urgently. No access to medicine or care. We're worried someone might not make it.",-27.0642,15.3564,"Paxora"
"#IoSTSHelp Can't reach anyone because we’re out of fuel and power. We lost everything, including our shelter. Nowhere to go. No access to medicine or care. We're worried someone might not make it.",-27.1122,15.4292,"Paxora"
"Floodwaters are starting to recede. Please stay cautious and avoid driving through water. Shelters remain open to those in need.",-26.8223,15.5033,"Paxora"
"#IoSTSHelp No food left. We're trying to ration what little we have. Still waiting for help—someone needs urgent medical care.",-27.102,15.8729,"Paxora"
"#IoSTSHelp We've gone two days without a proper meal. People are getting weak. Running dangerously low on fuel. Trying to conserve what's left. We lost everything, including our shelter. Nowhere to go.",-26.8169,15.6041,"Paxora"
"#IoSTSHelp We have a medical emergency and no way to get help. No food left. We're trying to ration what little we have.",-26.7863,15.6742,"Paxora"
"#IoSTSHelp Running dangerously low on fuel. Trying to conserve what's left. Still no place to sleep. We’re making do with broken walls and tarps.",-26.9553,15.3619,"Paxora"
"#IoSTSHelp We lost everything, including our shelter. Nowhere to go.",-26.559,15.5302,"Paxora"
"Floodwaters are starting to recede. Please stay cautious and avoid driving through water. More updates will follow as information becomes available.",-26.5023,15.4651,"Paxora"
"#IoSTSHelp Can't reach anyone because we’re out of fuel and power.",-26.9952,15.5796,"Paxora"
"Thankful for the first responders and emergency crews working around the clock. Let’s keep the community spirit strong.",-26.8447,15.3898,"Paxora"
"#IoSTSHelp Running dangerously low on fuel. Trying to conserve what's left. Shelter is damaged beyond use. We're trying to stay dry and safe. Still waiting for help—someone needs urgent medical care.",-26.9978,15.3673,"Paxora"
"#IoSTSHelp We've gone two days without a proper meal. People are getting weak.",-27.0757,15.3243,"Paxora"
"#IoSTSHelp No access to medicine or care. We're worried someone might not make it.",-26.4846,15.329,"Paxora"
"Power crews are working hard to restore electricity after the storm. More updates will follow as information becomes available.",-26.7057,15.8295,"Paxora"
"#IoSTSHelp Shelter is damaged beyond use. We're trying to stay dry and safe. We've gone two days without a proper meal. People are getting weak.",-22.5565,15.665,"Ecliptria"
"#IoSTSHelp Our shelter didn't survive the storm. We're exposed to the elements.",-23.0812,15.773,"Ecliptria"
"#IoSTSHelp Can't reach anyone because we’re out of fuel and power. Still no place to sleep. We’re making do with broken walls and tarps.",-22.6781,16.1163,"Ecliptria"
"Storm coverage continues—stay tuned for updates and official instructions. Weather teams did a great job tracking this storm.",-23.0958,15.5489,"Ecliptria"
"Power crews are working hard to restore electricity after the storm. It's going to take time, but recovery is underway.",-23.4144,15.6814,"Ecliptria"
"#IoSTSHelp We've gone two days without a proper meal. People are getting weak.",-22.5741,15.3953,"Ecliptria"
"#IoSTSHelp Out of fuel. We can't run the generator anymore. No access to medicine or care. We're worried someone might not make it.",-22.6523,15.6221,"Ecliptria"
"#IoSTSHelp Food supplies are completely gone. We need assistance urgently.",-23.1157,15.861,"Ecliptria"
"#IoSTSHelp We have a medical emergency and no way to get help.",-23.3195,15.6479,"Ecliptria"
"#IoSTSHelp Still waiting for help—someone needs urgent medical care.",-25.4094,17.905,"Solvenya"
"#IoSTSHelp No roof over our heads. Sleeping outside since the storm hit. Fuel is completely gone, and we're cut off from any resupply. Still waiting for help—someone needs urgent medical care.",-25.9207,17.9295,"Solvenya"
"#IoSTSHelp We've gone two days without a proper meal. People are getting weak.",NA,NA,"Solvenya"
"Thankful for the first responders and emergency crews working around the clock. Hope everyone is staying safe and checking in on each other.",-26.0966,17.6144,"Solvenya"
"#IoSTSHelp Fuel is completely gone, and we're cut off from any resupply.",-25.5021,17.9144,"Solvenya"
"#IoSTSHelp Running dangerously low on fuel. Trying to conserve what's left.",-25.8419,17.725,"Solvenya"
"Lots of damage in the area, but thankful everyone I know is safe. Let’s keep the community spirit strong.",-25.6007,17.8202,"Solvenya"
"#IoSTSHelp There's nothing left to eat. Everyone is hungry and exhausted. Running dangerously low on fuel. Trying to conserve what's left. Still no place to sleep. We’re making do with broken walls and tarps.",-25.5441,17.7736,"Solvenya"
"Storm coverage continues—stay tuned for updates and official instructions. We're in this together, let's support one another.",-25.4253,17.907,"Solvenya"
"#IoSTSHelp Our shelter didn't survive the storm. We're exposed to the elements. There's nothing left to eat. Everyone is hungry and exhausted.",-25.8577,17.8457,"Solvenya"
"#IoSTSHelp Fuel is completely gone, and we're cut off from any resupply. Someone here is badly injured. We need medical attention urgently. No roof over our heads. Sleeping outside since the storm hit.",-25.3772,17.6811,"Solvenya"
"#IoSTSHelp Out of fuel. We can't run the generator anymore.",-25.79,17.7555,"Solvenya"
"Lots of damage in the area, but thankful everyone I know is safe. Let’s keep the community spirit strong.",-26.0632,17.6784,"Solvenya"
"#IoSTSHelp Fuel is completely gone, and we're cut off from any resupply. No roof over our heads. Sleeping outside since the storm hit. Someone here is badly injured. We need medical attention urgently.",-25.3671,17.7529,"Solvenya"
"#IoSTSHelp Shelter is damaged beyond use. We're trying to stay dry and safe.",-25.7919,17.6112,"Solvenya"
"#IoSTSHelp No roof over our heads. Sleeping outside since the storm hit. No fuel for cooking or heating. Conditions are worsening.",-26.1314,17.8406,"Solvenya"
"#IoSTSHelp Still waiting for help—someone needs urgent medical care. There's nothing left to eat. Everyone is hungry and exhausted.",-25.697,17.5949,"Solvenya"
"#IoSTSHelp Still no place to sleep. We’re making do with broken walls and tarps. Can't reach anyone because we’re out of fuel and power.",-25.9286,17.4926,"Solvenya"
"Road closures are in effect due to debris and fallen trees from the storm. Hope everyone is staying safe and checking in on each other.",-25.7731,17.5282,"Solvenya"
"#IoSTSHelp We lost everything, including our shelter. Nowhere to go. Still waiting for help—someone needs urgent medical care. No food left. We're trying to ration what little we have.",NA,NA,"Solvenya"
"#IoSTSHelp There's nothing left to eat. Everyone is hungry and exhausted. Out of fuel. We can't run the generator anymore.",-25.288,17.6021,"Solvenya"
"#IoSTSHelp Someone here is badly injured. We need medical attention urgently. We've gone two days without a proper meal. People are getting weak.",-25.9857,17.5853,"Solvenya"
"#IoSTSHelp Medical supplies are gone. Can't treat wounds or illnesses.",-25.7961,17.9029,"Solvenya"
"#IoSTSHelp Can't reach anyone because we’re out of fuel and power. Our shelter didn't survive the storm. We're exposed to the elements.",-25.3978,17.7902,"Solvenya"
"#IoSTSHelp Shelter is damaged beyond use. We're trying to stay dry and safe. No access to medicine or care. We're worried someone might not make it. We've gone two days without a proper meal. People are getting weak.",-25.5732,17.7849,"Solvenya"
"#IoSTSHelp There's nothing left to eat. Everyone is hungry and exhausted. Can't reach anyone because we’re out of fuel and power. No roof over our heads. Sleeping outside since the storm hit.",-25.6529,17.748,"Solvenya"
"#IoSTSHelp Our shelter didn't survive the storm. We're exposed to the elements. Running dangerously low on fuel. Trying to conserve what's left.",-26.1315,17.4347,"Solvenya"
"#IoSTSHelp Shelter is damaged beyond use. We're trying to stay dry and safe. Can't reach anyone because we’re out of fuel and power. We've gone two days without a proper meal. People are getting weak.",-25.8567,17.5976,"Solvenya"
"#IoSTSHelp Can't reach anyone because we’re out of fuel and power.",-25.1811,17.6256,"Solvenya"
"The storm has passed, and cleanup efforts are beginning across the region. Let’s keep the community spirit strong.",-25.836,17.6071,"Solvenya"
"#IoSTSHelp We've gone two days without a proper meal. People are getting weak.",-25.8901,17.6381,"Solvenya"
"#IoSTSHelp Fuel is completely gone, and we're cut off from any resupply. No roof over our heads. Sleeping outside since the storm hit. No access to medicine or care. We're worried someone might not make it.",-27.2529,15.5614,"Paxora"
"#IoSTSHelp We have a medical emergency and no way to get help. Our shelter didn't survive the storm. We're exposed to the elements. Food supplies are completely gone. We need assistance urgently.",-27.2238,15.5164,"Paxora"
"#IoSTSHelp Shelter is damaged beyond use. We're trying to stay dry and safe. There's nothing left to eat. Everyone is hungry and exhausted.",-22.5673,14.1765,"Calmorra"
"#IoSTSHelp Still no place to sleep. We’re making do with broken walls and tarps. Medical supplies are gone. Can't treat wounds or illnesses. Out of fuel. We can't run the generator anymore.",-22.413,14.3701,"Calmorra"
"#IoSTSHelp We're running out of food and have no idea when help will arrive.",-22.6081,14.3723,"Calmorra"
"#IoSTSHelp No access to medicine or care. We're worried someone might not make it.",-22.6127,14.4929,"Calmorra"
"#IoSTSHelp We have a medical emergency and no way to get help. There's nothing left to eat. Everyone is hungry and exhausted.",NA,NA,"Calmorra"
"#IoSTSHelp We have a medical emergency and no way to get help. Can't reach anyone because we’re out of fuel and power.",-22.9711,14.3013,"Calmorra"
"Power crews are working hard to restore electricity after the storm. Let’s keep the community spirit strong.",-22.6256,14.1476,"Calmorra"
"#IoSTSHelp No access to medicine or care. We're worried someone might not make it. Still no place to sleep. We’re making do with broken walls and tarps. Out of fuel. We can't run the generator anymore.",-22.7585,14.4184,"Calmorra"
"Power crews are working hard to restore electricity after the storm. More updates will follow as information becomes available.",-22.7981,14.2261,"Calmorra"
"Community centers are opening for anyone in need after the storm. We're in this together, let's support one another.",-22.6655,14.3939,"Calmorra"
"Community centers are opening for anyone in need after the storm. Weather teams did a great job tracking this storm.",NA,NA,"Calmorra"
"#IoSTSHelp We've gone two days without a proper meal. People are getting weak. We lost everything, including our shelter. Nowhere to go.",-23.046,14.1882,"Calmorra"
"#IoSTSHelp We have a medical emergency and no way to get help. Our shelter didn't survive the storm. We're exposed to the elements.",-22.5298,14.1384,"Calmorra"
"#IoSTSHelp No access to medicine or care. We're worried someone might not make it. No fuel for cooking or heating. Conditions are worsening.",-23.0289,14.3581,"Calmorra"
"#IoSTSHelp Our shelter didn't survive the storm. We're exposed to the elements. Fuel is completely gone, and we're cut off from any resupply. We've gone two days without a proper meal. People are getting weak.",-22.3195,14.4081,"Calmorra"
"Volunteers are showing up in huge numbers to help with recovery efforts. Remember to check on neighbors, especially the elderly.",-22.3826,14.3094,"Calmorra"
"Road closures are in effect due to debris and fallen trees from the storm. More updates will follow as information becomes available.",-27.4192,15.5897,"Paxora"
"#IoSTSHelp Shelter is damaged beyond use. We're trying to stay dry and safe. Food supplies are completely gone. We need assistance urgently.",-27.3535,15.6297,"Paxora"
"#IoSTSHelp Fuel is completely gone, and we're cut off from any resupply. Shelter is damaged beyond use. We're trying to stay dry and safe. We're running out of food and have no idea when help will arrive.",-25.9916,17.6176,"Solvenya"
"#IoSTSHelp Food supplies are completely gone. We need assistance urgently.",-25.6163,17.65,"Solvenya"
"#IoSTSHelp Medical supplies are gone. Can't treat wounds or illnesses.",-25.9879,17.6201,"Solvenya"
"#IoSTSHelp Fuel is completely gone, and we're cut off from any resupply.",-26.2448,17.4612,"Solvenya"
"#IoSTSHelp Out of fuel. We can't run the generator anymore. We're running out of food and have no idea when help will arrive. Someone here is badly injured. We need medical attention urgently.",-26.0196,17.8412,"Solvenya"
"Schools will remain closed tomorrow as cleanup continues. Shelters remain open to those in need.",-25.9716,17.9332,"Solvenya"
"The storm has passed, and cleanup efforts are beginning across the region. Hope everyone is staying safe and checking in on each other.",-25.9977,17.5849,"Solvenya"
"#IoSTSHelp We're running out of food and have no idea when help will arrive.",NA,NA,"Solvenya"
"#IoSTSHelp We've gone two days without a proper meal. People are getting weak. No access to medicine or care. We're worried someone might not make it. Our shelter didn't survive the storm. We're exposed to the elements.",-26.1701,17.7548,"Solvenya"
"#IoSTSHelp We've gone two days without a proper meal. People are getting weak. Running dangerously low on fuel. Trying to conserve what's left. Medical supplies are gone. Can't treat wounds or illnesses.",-26.3003,17.7967,"Solvenya"
"#IoSTSHelp No roof over our heads. Sleeping outside since the storm hit. Out of fuel. We can't run the generator anymore.",-25.756,17.6408,"Solvenya"
"#IoSTSHelp Still no place to sleep. We’re making do with broken walls and tarps.",-26.0804,17.8295,"Solvenya"
"#IoSTSHelp Medical supplies are gone. Can't treat wounds or illnesses.",-26.2513,17.9606,"Solvenya"
"#IoSTSHelp Out of fuel. We can't run the generator anymore. Shelter is damaged beyond use. We're trying to stay dry and safe.",-25.9748,17.839,"Solvenya"
"#IoSTSHelp Shelter is damaged beyond use. We're trying to stay dry and safe. We're running out of food and have no idea when help will arrive. Can't reach anyone because we’re out of fuel and power.",-25.9221,17.4337,"Solvenya"
"Road closures are in effect due to debris and fallen trees from the storm. Hope everyone is staying safe and checking in on each other.",-26.3194,17.7829,"Solvenya"
"Power crews are working hard to restore electricity after the storm. Please follow official channels for updates.",-26.1053,17.5463,"Solvenya"
"#IoSTSHelp Shelter is damaged beyond use. We're trying to stay dry and safe. No access to medicine or care. We're worried someone might not make it. Can't reach anyone because we’re out of fuel and power.",-26.0331,17.7504,"Solvenya"
"Road closures are in effect due to debris and fallen trees from the storm. It's going to take time, but recovery is underway.",-26.0664,17.4916,"Solvenya"
"#IoSTSHelp Our shelter didn't survive the storm. We're exposed to the elements. No food left. We're trying to ration what little we have. Someone here is badly injured. We need medical attention urgently.",-26.2293,17.934,"Solvenya"
"#IoSTSHelp No roof over our heads. Sleeping outside since the storm hit. No food left. We're trying to ration what little we have.",-25.9456,17.863,"Solvenya"
"#IoSTSHelp Someone here is badly injured. We need medical attention urgently.",-26.4218,17.6507,"Solvenya"
"#IoSTSHelp Still waiting for help—someone needs urgent medical care. There's nothing left to eat. Everyone is hungry and exhausted.",-26.0285,17.8274,"Solvenya"
"Road closures are in effect due to debris and fallen trees from the storm. Weather teams did a great job tracking this storm.",-23.1839,14.2755,"Calmorra"
"#IoSTSHelp We've gone two days without a proper meal. People are getting weak. Out of fuel. We can't run the generator anymore.",-26.0893,17.7564,"Solvenya"
"#IoSTSHelp Our shelter didn't survive the storm. We're exposed to the elements. Medical supplies are gone. Can't treat wounds or illnesses.",-26.1504,17.7925,"Solvenya"
"#IoSTSHelp Food supplies are completely gone. We need assistance urgently.",-22.6612,16.1195,"Ecliptria"
"#IoSTSHelp We've gone two days without a proper meal. People are getting weak. Running dangerously low on fuel. Trying to conserve what's left.",-22.9842,15.5068,"Ecliptria"
"#IoSTSHelp Shelter is damaged beyond use. We're trying to stay dry and safe. We've gone two days without a proper meal. People are getting weak.",-22.6349,15.7162,"Ecliptria"
"#IoSTSHelp Still no place to sleep. We’re making do with broken walls and tarps. No fuel for cooking or heating. Conditions are worsening.",-22.5021,15.486,"Ecliptria"
"#IoSTSHelp No fuel for cooking or heating. Conditions are worsening.",-22.7636,16.0959,"Ecliptria"
"Schools will remain closed tomorrow as cleanup continues. Let’s keep the community spirit strong.",-22.8543,15.6015,"Ecliptria"
"#IoSTSHelp There's nothing left to eat. Everyone is hungry and exhausted.",-22.8684,15.633,"Ecliptria"
"#IoSTSHelp Out of fuel. We can't run the generator anymore. There's nothing left to eat. Everyone is hungry and exhausted.",-22.7036,15.7062,"Ecliptria"
"#IoSTSHelp No roof over our heads. Sleeping outside since the storm hit. We have a medical emergency and no way to get help.",-22.9334,15.5715,"Ecliptria"
"Schools will remain closed tomorrow as cleanup continues. Please follow official channels for updates.",-23.3121,15.8426,"Ecliptria"
"#IoSTSHelp No access to medicine or care. We're worried someone might not make it. Out of fuel. We can't run the generator anymore. No food left. We're trying to ration what little we have.",NA,NA,"Ecliptria"
"#IoSTSHelp There's nothing left to eat. Everyone is hungry and exhausted. Someone here is badly injured. We need medical attention urgently. Our shelter didn't survive the storm. We're exposed to the elements.",-22.5687,15.4543,"Ecliptria"
"#IoSTSHelp We have a medical emergency and no way to get help. Still no place to sleep. We’re making do with broken walls and tarps.",-23.0382,15.5698,"Ecliptria"
"#IoSTSHelp We're running out of food and have no idea when help will arrive.",-23.382,15.9338,"Ecliptria"
"#IoSTSHelp Can't reach anyone because we’re out of fuel and power. We've gone two days without a proper meal. People are getting weak. No roof over our heads. Sleeping outside since the storm hit.",-23.0065,15.955,"Ecliptria"
"#IoSTSHelp We have a medical emergency and no way to get help. No food left. We're trying to ration what little we have. Fuel is completely gone, and we're cut off from any resupply.",-22.8078,15.5513,"Ecliptria"
"#IoSTSHelp There's nothing left to eat. Everyone is hungry and exhausted. Fuel is completely gone, and we're cut off from any resupply.",-23.0121,16.078,"Ecliptria"
"#IoSTSHelp Our shelter didn't survive the storm. We're exposed to the elements.",-22.6734,16.1105,"Ecliptria"
"#IoSTSHelp Shelter is damaged beyond use. We're trying to stay dry and safe.",-23.233,16.0103,"Ecliptria"
"Road closures are in effect due to debris and fallen trees from the storm. Shelters remain open to those in need.",-23.1603,15.9209,"Ecliptria"
"#IoSTSHelp Medical supplies are gone. Can't treat wounds or illnesses. We've gone two days without a proper meal. People are getting weak.",-22.654,15.4561,"Ecliptria"
"Road closures are in effect due to debris and fallen trees from the storm. Stay off the roads unless absolutely necessary.",-22.7553,15.7187,"Ecliptria"
"#IoSTSHelp Running dangerously low on fuel. Trying to conserve what's left.",-23.439,15.6821,"Ecliptria"
"#IoSTSHelp Out of fuel. We can't run the generator anymore.",-22.8972,15.6393,"Ecliptria"
"#IoSTSHelp Shelter is damaged beyond use. We're trying to stay dry and safe.",-22.7397,15.7194,"Ecliptria"
"#IoSTSHelp Medical supplies are gone. Can't treat wounds or illnesses.",-23.3447,16.0625,"Ecliptria"
"#IoSTSHelp There's nothing left to eat. Everyone is hungry and exhausted. Can't reach anyone because we’re out of fuel and power. Shelter is damaged beyond use. We're trying to stay dry and safe.",-22.7676,15.9775,"Ecliptria"
"#IoSTSHelp Still no place to sleep. We’re making do with broken walls and tarps. Out of fuel. We can't run the generator anymore. Someone here is badly injured. We need medical attention urgently.",-23.0277,16.0504,"Ecliptria"
"#IoSTSHelp No roof over our heads. Sleeping outside since the storm hit. Food supplies are completely gone. We need assistance urgently.",NA,NA,"Ecliptria"
"#IoSTSHelp We lost everything, including our shelter. Nowhere to go. No fuel for cooking or heating. Conditions are worsening. Someone here is badly injured. We need medical attention urgently.",-22.7913,16.1409,"Ecliptria"
"#IoSTSHelp Our shelter didn't survive the storm. We're exposed to the elements. There's nothing left to eat. Everyone is hungry and exhausted.",-23.1538,16.06,"Ecliptria"
"#IoSTSHelp Out of fuel. We can't run the generator anymore. No roof over our heads. Sleeping outside since the storm hit.",-22.7995,15.9458,"Ecliptria"
"#IoSTSHelp We're running out of food and have no idea when help will arrive. Shelter is damaged beyond use. We're trying to stay dry and safe. Still waiting for help—someone needs urgent medical care.",NA,NA,"Ecliptria"
"#IoSTSHelp We lost everything, including our shelter. Nowhere to go. Out of fuel. We can't run the generator anymore.",-22.7352,15.6251,"Ecliptria"
"#IoSTSHelp Still no place to sleep. We’re making do with broken walls and tarps. Fuel is completely gone, and we're cut off from any resupply. No food left. We're trying to ration what little we have.",-22.857,15.4884,"Ecliptria"
"#IoSTSHelp No access to medicine or care. We're worried someone might not make it. Fuel is completely gone, and we're cut off from any resupply. Food supplies are completely gone. We need assistance urgently.",-22.86,16.0658,"Ecliptria"
"#IoSTSHelp Running dangerously low on fuel. Trying to conserve what's left. No food left. We're trying to ration what little we have.",-22.6923,15.6534,"Ecliptria"
"#IoSTSHelp Fuel is completely gone, and we're cut off from any resupply. No roof over our heads. Sleeping outside since the storm hit. No access to medicine or care. We're worried someone might not make it.",-22.6339,15.4689,"Ecliptria"
"#IoSTSHelp Fuel is completely gone, and we're cut off from any resupply. No food left. We're trying to ration what little we have.",-23.048,15.5485,"Ecliptria"
"#IoSTSHelp Out of fuel. We can't run the generator anymore. Medical supplies are gone. Can't treat wounds or illnesses. We lost everything, including our shelter. Nowhere to go.",-23.2785,15.7594,"Ecliptria"
"#IoSTSHelp We lost everything, including our shelter. Nowhere to go.",-23.0491,15.9094,"Ecliptria"
"#IoSTSHelp We've gone two days without a proper meal. People are getting weak. Still waiting for help—someone needs urgent medical care.",-22.8755,15.7955,"Ecliptria"
"#IoSTSHelp Our shelter didn't survive the storm. We're exposed to the elements. Out of fuel. We can't run the generator anymore.",-23.4133,15.7939,"Ecliptria"
"Road closures are in effect due to debris and fallen trees from the storm. More updates will follow as information becomes available.",-22.5645,16.1796,"Ecliptria"
"Schools will remain closed tomorrow as cleanup continues. Hope everyone is staying safe and checking in on each other.",-23.1875,15.7399,"Ecliptria"
"#IoSTSHelp Can't reach anyone because we’re out of fuel and power.",-23.5276,15.8301,"Ecliptria"
"#IoSTSHelp No access to medicine or care. We're worried someone might not make it. We've gone two days without a proper meal. People are getting weak.",-23.53,15.8719,"Ecliptria"
"#IoSTSHelp Out of fuel. We can't run the generator anymore. No roof over our heads. Sleeping outside since the storm hit. There's nothing left to eat. Everyone is hungry and exhausted.",-23.11,15.7395,"Ecliptria"
"Power crews are working hard to restore electricity after the storm. Let’s keep the community spirit strong.",-23.3555,15.8653,"Ecliptria"
"Thankful for the first responders and emergency crews working around the clock. Stay off the roads unless absolutely necessary.",-22.7216,16.1714,"Ecliptria"
"#IoSTSHelp We have a medical emergency and no way to get help. No food left. We're trying to ration what little we have.",-22.5839,15.4462,"Ecliptria"
"#IoSTSHelp Out of fuel. We can't run the generator anymore.",-22.8812,15.8413,"Ecliptria"
"#IoSTSHelp Still no place to sleep. We’re making do with broken walls and tarps. Medical supplies are gone. Can't treat wounds or illnesses. There's nothing left to eat. Everyone is hungry and exhausted.",-22.9065,15.8745,"Ecliptria"
"#IoSTSHelp Food supplies are completely gone. We need assistance urgently.",-22.9111,15.8507,"Ecliptria"
"#IoSTSHelp We've gone two days without a proper meal. People are getting weak.",-22.905,15.8884,"Ecliptria"
"#IoSTSHelp No fuel for cooking or heating. Conditions are worsening.",-22.8582,16.1155,"Ecliptria"
"Community centers are opening for anyone in need after the storm. Remember to check on neighbors, especially the elderly.",-22.831,15.4301,"Ecliptria"
"Road closures are in effect due to debris and fallen trees from the storm. Stay off the roads unless absolutely necessary.",-23.3954,15.8795,"Ecliptria"
"Lots of damage in the area, but thankful everyone I know is safe. We're in this together, let's support one another.",-22.7762,15.6258,"Ecliptria"
"Thankful for the first responders and emergency crews working around the clock. Stay off the roads unless absolutely necessary.",-22.5867,15.5829,"Ecliptria"
"The storm has passed, and cleanup efforts are beginning across the region. Shelters remain open to those in need.",-23.5334,15.7417,"Ecliptria"
"Volunteers are showing up in huge numbers to help with recovery efforts. Remember to check on neighbors, especially the elderly.",-23.0477,15.8454,"Ecliptria"
"#IoSTSHelp Fuel is completely gone, and we're cut off from any resupply. Our shelter didn't survive the storm. We're exposed to the elements.",-23.2635,15.9596,"Ecliptria"
"#IoSTSHelp Running dangerously low on fuel. Trying to conserve what's left.",-23.4218,15.823,"Ecliptria"
"#IoSTSHelp Someone here is badly injured. We need medical attention urgently. Still no place to sleep. We’re making do with broken walls and tarps. No food left. We're trying to ration what little we have.",-22.8073,15.8423,"Ecliptria"
"#IoSTSHelp No fuel for cooking or heating. Conditions are worsening. We're running out of food and have no idea when help will arrive. Shelter is damaged beyond use. We're trying to stay dry and safe.",-23.2337,15.7011,"Ecliptria"
"#IoSTSHelp Can't reach anyone because we’re out of fuel and power. Shelter is damaged beyond use. We're trying to stay dry and safe.",-23.3763,15.6554,"Ecliptria"
"#IoSTSHelp Shelter is damaged beyond use. We're trying to stay dry and safe. There's nothing left to eat. Everyone is hungry and exhausted. Still waiting for help—someone needs urgent medical care.",-23.3257,16.0118,"Ecliptria"
"#IoSTSHelp Someone here is badly injured. We need medical attention urgently. There's nothing left to eat. Everyone is hungry and exhausted. No roof over our heads. Sleeping outside since the storm hit.",-22.7963,15.784,"Ecliptria"
"Community centers are opening for anyone in need after the storm. We're in this together, let's support one another.",-23.1382,15.7171,"Ecliptria"
"Volunteers are showing up in huge numbers to help with recovery efforts. Weather teams did a great job tracking this storm.",NA,NA,"Ecliptria"
"#IoSTSHelp Someone here is badly injured. We need medical attention urgently. We've gone two days without a proper meal. People are getting weak.",-22.9799,15.9729,"Ecliptria"
"Community centers are opening for anyone in need after the storm. It's going to take time, but recovery is underway.",-22.6172,15.6385,"Ecliptria"
"#IoSTSHelp Still waiting for help—someone needs urgent medical care. Shelter is damaged beyond use. We're trying to stay dry and safe. Running dangerously low on fuel. Trying to conserve what's left.",-23.0017,15.9768,"Ecliptria"
"#IoSTSHelp Someone here is badly injured. We need medical attention urgently. No food left. We're trying to ration what little we have. Still no place to sleep. We’re making do with broken walls and tarps.",-22.5629,15.4802,"Ecliptria"
"#IoSTSHelp Fuel is completely gone, and we're cut off from any resupply. There's nothing left to eat. Everyone is hungry and exhausted.",-23.5357,15.9957,"Ecliptria"
"#IoSTSHelp Someone here is badly injured. We need medical attention urgently. There's nothing left to eat. Everyone is hungry and exhausted. No roof over our heads. Sleeping outside since the storm hit.",-22.8546,15.5904,"Ecliptria"
"#IoSTSHelp No roof over our heads. Sleeping outside since the storm hit. Out of fuel. We can't run the generator anymore. No food left. We're trying to ration what little we have.",-22.8494,15.5823,"Ecliptria"
"#IoSTSHelp We're running out of food and have no idea when help will arrive.",-23.5179,15.9443,"Ecliptria"
"#IoSTSHelp Our shelter didn't survive the storm. We're exposed to the elements. We have a medical emergency and no way to get help.",-22.7442,15.8003,"Ecliptria"
"#IoSTSHelp No food left. We're trying to ration what little we have. Our shelter didn't survive the storm. We're exposed to the elements. No access to medicine or care. We're worried someone might not make it.",-22.5476,15.6268,"Ecliptria"
"#IoSTSHelp No access to medicine or care. We're worried someone might not make it.",-22.6779,15.7708,"Ecliptria"
"#IoSTSHelp Still no place to sleep. We’re making do with broken walls and tarps. No access to medicine or care. We're worried someone might not make it.",-22.6636,15.6859,"Ecliptria"
"#IoSTSHelp We lost everything, including our shelter. Nowhere to go. Fuel is completely gone, and we're cut off from any resupply. We've gone two days without a proper meal. People are getting weak.",NA,NA,"Ecliptria"
"#IoSTSHelp We lost everything, including our shelter. Nowhere to go.",-23.0213,15.6452,"Ecliptria"
"#IoSTSHelp Someone here is badly injured. We need medical attention urgently. Shelter is damaged beyond use. We're trying to stay dry and safe. Out of fuel. We can't run the generator anymore.",-22.9641,15.6084,"Ecliptria"
"#IoSTSHelp Our shelter didn't survive the storm. We're exposed to the elements. Someone here is badly injured. We need medical attention urgently. Food supplies are completely gone. We need assistance urgently.",-22.8325,15.6033,"Ecliptria"
"Thankful for the first responders and emergency crews working around the clock. We're in this together, let's support one another.",-23.0866,15.7379,"Ecliptria"
"#IoSTSHelp Food supplies are completely gone. We need assistance urgently. No roof over our heads. Sleeping outside since the storm hit.",-23.073,15.6888,"Ecliptria"
"#IoSTSHelp No food left. We're trying to ration what little we have. Medical supplies are gone. Can't treat wounds or illnesses.",-23.0659,15.7146,"Ecliptria"
"#IoSTSHelp Shelter is damaged beyond use. We're trying to stay dry and safe. Can't reach anyone because we’re out of fuel and power.",-22.9824,15.6515,"Ecliptria"
"Lots of damage in the area, but thankful everyone I know is safe. Please follow official channels for updates.",-22.7727,15.7689,"Ecliptria"
"Volunteers are showing up in huge numbers to help with recovery efforts. Remember to check on neighbors, especially the elderly.",-22.8398,15.5743,"Ecliptria"
