"Date","Site1","Site2","Site3","Site4","Site5","Site6"
2015-01-01,58.6,24.5,55.2,60.3,66,20.2
2015-01-02,65.9,25.5,54.9,65.1,58.2,20
2015-01-03,70.7,27.6,64,57.2,83.4,20.3
2015-01-04,64.8,23.8,50.2,63,67.7,20.3
2015-01-05,81.5,24,54.5,54.5,79.1,20.2
2015-01-06,72.9,23.1,52.6,62.3,69.5,20.3
2015-01-07,63,25.8,53.8,62.7,74.8,20.1
2015-01-08,59.5,24.9,58.8,59.2,72.7,20.3
2015-01-09,60.1,29.8,67.1,68.3,68.5,20.4
2015-01-10,64.2,24.3,44.5,64.6,66.5,20.3
2015-01-11,53.8,28.6,55.4,56.3,76.9,20.2
2015-01-12,52.1,25.5,56.3,53,80,20.2
2015-01-13,53,21.2,52.2,60.8,68.6,20
2015-01-14,62.6,27.1,64.9,63.5,81.2,20.3
2015-01-15,69.2,21.1,56.4,63.2,55.1,20.2
2015-01-16,60.4,30.8,53.8,61.4,66.4,20.1
2015-01-17,76,25.4,62.4,63.7,78.8,20.2
2015-01-18,65.8,23,54.8,65,89.8,20.2
2015-01-19,63.8,29.9,55.4,61,88.5,20.2
2015-01-20,53.1,25.5,62.2,54.6,54.3,20.1
2015-01-21,56.5,30.9,70.7,64.5,74.8,20.3
2015-01-22,58,23.7,51.4,67.3,75.3,20.1
2015-01-23,58.6,26,51.5,60.2,68.1,20
2015-01-24,70.7,26.5,63.5,65.2,68,20.4
2015-01-25,56.7,25.5,61.7,56,68.1,20.1
2015-01-26,55,29.6,68.8,64.2,79.5,20.4
2015-01-27,55.2,26.1,62.4,54.8,71.3,20.3
2015-01-28,61.6,23.2,61.7,58.8,63.8,20.3
2015-01-29,55.7,23.5,42.8,64.7,57.7,20
2015-01-30,64.1,27.5,71.4,66.4,75.4,20.2
2015-01-31,53.1,20.7,41.8,55.7,72.7,20.2
2015-02-01,63.3,28.9,58.2,70,80.5,20.4
2015-02-02,65.4,32.4,54.4,62,86.3,20
2015-02-03,56.7,29.3,59.2,61.4,65.2,20.1
2015-02-04,67.3,21.5,53.1,62.8,64.2,20.1
2015-02-05,49.1,22.8,56.5,47.8,68.5,20.3
2015-02-06,55.1,26,44,61.5,73.2,20.3
2015-02-07,46.5,22.6,43,57,72.3,20.2
2015-02-08,49.1,23.5,47.4,62.5,62.5,19.9
2015-02-09,50.3,24.8,49.9,57.7,78.9,20.1
2015-02-10,62.7,30.1,60,63.3,71.9,20.3
2015-02-11,61.7,28.6,51.3,64.7,71.5,20.2
2015-02-12,58.6,23.2,62.4,61.4,65.8,20.1
2015-02-13,72.1,23.8,64.2,62.5,69.2,20.3
2015-02-14,53.6,26.3,53.5,58.7,65.2,19.9
2015-02-15,71,29.1,61.4,66.4,70.9,20.1
2015-02-16,55.6,25.1,49.5,57,63.5,20.1
2015-02-17,57.5,25.4,46.3,56.7,65.2,20.3
2015-02-18,58.5,27.6,54,58.1,65.6,20.2
2015-02-19,54.5,26.6,51.7,57.9,70.7,20.1
2015-02-20,59,23.1,42.3,64,71,20.2
2015-02-21,55.8,24.4,42.5,62,64.9,20.2
2015-02-22,58.9,20.1,50.2,58.6,47,20.1
2015-02-23,51,25.8,54.9,62.3,76.1,20.1
2015-02-24,56.6,24.4,63.8,66.8,66.8,20.1
2015-02-25,58.6,24.1,53.4,62.9,74.9,20.2
2015-02-26,55.1,22.9,53.5,50.8,61.2,20.1
2015-02-27,65,19.5,58.9,59.6,71.7,20
2015-02-28,55.1,21.2,59.6,56.3,71.7,20.1
2015-03-01,64.9,27.8,56.9,67.6,88,20.4
2015-03-02,58.1,19.7,55,63.1,78.2,20.2
2015-03-03,61.9,21.4,58.1,58.5,81,20.2
2015-03-04,67.6,24.7,58.7,71,82.3,20.3
2015-03-05,56.4,24.1,58.2,61.4,70.5,20.2
2015-03-06,66.5,21.7,50.8,61.3,59.8,20.3
2015-03-07,65.5,22.8,67.7,61.9,73.7,20.5
2015-03-08,56.1,21.9,34.4,53.9,49.7,20.1
2015-03-09,55.9,22.3,52.6,62.4,62.1,20.3
2015-03-10,54.7,21.5,45.1,56.7,69.3,20.1
2015-03-11,68.4,22.7,58.7,54.5,72.5,20.2
2015-03-12,52.5,23.5,53.3,59.4,69,20.1
2015-03-13,56.8,23.7,57,62.9,69.6,20.2
2015-03-14,55.7,18.5,48.7,56.2,60.3,20
2015-03-15,51.7,26.2,51.7,63.6,80.9,20.2
2015-03-16,51.4,24.5,47.4,56.2,51.2,20.1
2015-03-17,49.4,21.1,58.6,57.9,64.3,20.1
2015-03-18,55.6,22,41.7,61.4,48,20.3
2015-03-19,NA,28,55.2,55.4,57.4,20
2015-03-20,NA,23.5,43.7,64.5,53.1,20
2015-03-21,NA,22.8,64.6,59.1,82.8,20.3
2015-03-22,NA,26.6,45,53.4,61.6,20.1
2015-03-23,NA,24.2,59,58.6,75.4,20.1
2015-03-24,NA,19.6,48.3,55.6,52.2,19.9
2015-03-25,58.7,25.2,57.4,54.4,62.6,20
2015-03-26,48.2,24.2,44.9,56,64.5,20.1
2015-03-27,54,26.6,50.5,64.3,50.8,20.1
2015-03-28,62.1,29.5,57.7,60.3,79.8,20.1
2015-03-29,52.8,21.3,47.9,48.1,59.3,19.8
2015-03-30,51.4,19.6,42,57.4,47.6,20
2015-03-31,52.3,20.4,54.2,56.8,49.6,20
2015-04-01,61.3,21.7,48.1,58.6,57.4,20
2015-04-02,48.2,24.2,45.3,56.1,74.8,20.1
2015-04-03,39.7,23.5,39.3,51.6,57,19.9
2015-04-04,55.1,22.1,40.5,57.4,54.3,20
2015-04-05,53.4,22.5,50.7,59.2,63.7,20.1
2015-04-06,58,23.3,44.9,57.4,59.5,20.1
2015-04-07,49.5,19.5,44.1,50.4,57.4,20.1
2015-04-08,65.2,24.5,55.1,59.9,45.4,20.2
2015-04-09,54.4,22.6,47.6,57.6,59.3,19.9
2015-04-10,39.9,20.9,53.6,53.7,48.2,20
2015-04-11,61.7,18,47.5,54.6,63.2,20.1
2015-04-12,50.8,20.4,38.5,50.5,49.5,19.9
2015-04-13,48.8,24.6,41.5,56.3,58.3,19.9
2015-04-14,51.1,27.8,52,61.3,71.4,20.2
2015-04-15,50.8,17.7,50.2,54,60.2,20.3
2015-04-16,66.6,23.6,56.9,68.3,61.5,20.2
2015-04-17,47.5,20.2,45.5,59.6,49.5,19.8
2015-04-18,53.7,24.4,51.5,57.3,63.1,20.1
2015-04-19,43.8,18.6,19.3,52.3,46,19.8
2015-04-20,54.7,17.1,36.9,45.2,41.6,19.8
2015-04-21,48.9,16.9,41,58.4,50.3,20.1
2015-04-22,47.9,19.6,47,54,57.5,19.9
2015-04-23,56.8,22.5,50.2,56.3,60.9,20
2015-04-24,54.6,26.8,49.5,56,58.6,20
2015-04-25,41.3,19.9,36.5,45.7,46.8,19.8
2015-04-26,48.4,25.2,49.4,53.3,63.2,20
2015-04-27,35.2,20.4,48.5,54.4,53.4,20
2015-04-28,50.7,21.1,29.1,54.9,59.1,20.1
2015-04-29,59.2,20.8,50.2,55.3,46.4,19.9
2015-04-30,55.9,27.4,39,56.7,55.8,19.9
2015-05-01,44.9,22,53.6,56.4,72.3,20
2015-05-02,38.6,18.4,37,49.8,50.9,19.9
2015-05-03,45,18.6,43.1,57.4,61.4,20.1
2015-05-04,47.7,25.3,35.4,53.8,57.6,19.9
2015-05-05,48.6,16.8,30.8,49.3,58.7,20.1
2015-05-06,45.8,20.9,39.2,55.3,47.5,19.8
2015-05-07,52.9,23.9,45.3,57,51,19.9
2015-05-08,52.2,17.3,31.1,56.9,54.1,20
2015-05-09,65.7,25.3,56.6,65.2,70.7,20
2015-05-10,54.1,19.1,49.8,56.2,49.5,20
2015-05-11,58.5,20,56,56.7,59.7,19.8
2015-05-12,50.7,15.1,37.9,51.6,36,19.9
2015-05-13,47.9,20.5,40.1,47.5,51,19.9
2015-05-14,63.8,23.7,61.5,62.5,70.3,20.1
2015-05-15,54.1,20.7,36,44.9,46.7,19.8
2015-05-16,48.3,28.9,49,61.2,66.6,20.1
2015-05-17,37.9,20.8,40.2,58.6,59.9,20.1
2015-05-18,49.5,23,36.8,55.8,50.6,19.9
2015-05-19,52.9,22.4,46.4,60.4,46.7,19.8
2015-05-20,45.6,18.3,46.8,57.4,63.2,19.9
2015-05-21,50.9,25.8,46.1,53.4,62,19.8
2015-05-22,48.8,22.4,43.4,55.2,44.5,19.8
2015-05-23,40.7,18.7,50.3,56.9,55.9,19.9
2015-05-24,40.9,16.5,39.6,46.3,56.4,19.9
2015-05-25,35.4,13.9,33.5,46.4,53,19.7
2015-05-26,51.8,21.1,42.6,52.1,69.7,19.9
2015-05-27,40.7,22.2,43.1,53.5,60.9,19.8
2015-05-28,42.8,23.8,48.2,52.1,60.3,19.7
2015-05-29,48.6,21,41.6,59.1,54.7,20.1
2015-05-30,43.9,20.2,36.4,53.6,49.7,19.7
2015-05-31,32.6,20.2,37.5,50.3,43.5,19.9
2015-06-01,43,22.5,44.4,54.5,52.2,19.8
2015-06-02,47.8,22.9,28.2,58.3,72.4,20
2015-06-03,52.6,20.9,44.3,59.1,64.4,19.9
2015-06-04,46.2,20.4,40.3,51.7,57.2,19.8
2015-06-05,41.9,21.1,38.3,53.9,54.4,19.8
2015-06-06,39.6,27.2,54.9,50.3,51.7,19.7
2015-06-07,49.3,24.3,50.9,52.2,71.9,19.9
2015-06-08,56.4,19.8,55.6,57,73,19.9
2015-06-09,35.9,20.6,36.2,49.6,52.7,19.7
2015-06-10,34.4,18.6,36.5,58.9,52.7,19.8
2015-06-11,56.4,25.8,62,63.2,62.6,19.9
2015-06-12,50.8,21.1,41.4,56.5,72,19.9
2015-06-13,57.1,22.2,48.3,54.2,62.8,20
2015-06-14,43.9,17.2,32.6,51.7,64.7,19.6
2015-06-15,41.8,21.7,41.7,54.5,60.2,19.8
2015-06-16,37.3,15,38.8,54.6,48,19.7
2015-06-17,39.4,17.6,43.8,54.2,52.6,19.7
2015-06-18,42.5,20,36.2,53.2,54.6,19.6
2015-06-19,46.4,18.5,29,46.7,53.4,19.6
2015-06-20,53.3,24,38,49.6,47.2,19.7
2015-06-21,42.4,21.6,35.2,54.6,58.5,19.8
2015-06-22,49.3,22.1,46.3,52.4,54.5,19.7
2015-06-23,55.5,21.5,35.2,59.8,53.9,19.9
2015-06-24,46.9,18.2,33.1,55.5,43.5,19.8
2015-06-25,28.7,21.9,41.1,49.8,49.6,19.9
2015-06-26,53.3,17.8,36.5,52.7,47.4,19.4
2015-06-27,39.4,14.2,37.2,49.2,57.2,19.6
2015-06-28,46,16,33.5,44.3,47.4,19.6
2015-06-29,57.5,25.1,49.5,55.2,65.1,19.6
2015-06-30,50,19.7,41.9,59.2,50.1,19.8
2015-07-01,40.6,15.7,44,54.4,49.3,19.5
2015-07-02,54.2,21.8,40,45.5,46.3,19.6
2015-07-03,42.9,21.8,36.3,56.9,65.6,19.8
2015-07-04,46,28.6,53.2,64.9,74.5,19.9
2015-07-05,44.8,21.7,52.8,58.2,51,19.8
2015-07-06,42.4,20.7,46.9,54.7,63,19.7
2015-07-07,36.6,17,30,56.6,46.6,19.6
2015-07-08,42.8,14.6,41.2,50.9,46,19.5
2015-07-09,49.2,20.3,41,54.5,63.7,19.5
2015-07-10,42.6,16.2,33.8,52.3,37.6,19.5
2015-07-11,46.4,20.1,35.2,51.2,46.9,19.6
2015-07-12,47.7,19.1,45.1,43.8,55.8,19.5
2015-07-13,43.6,23.4,50.6,49,43.3,19.4
2015-07-14,46.2,15,40.1,54,60.3,19.5
2015-07-15,54.8,23,33.9,51.6,41.1,19.8
2015-07-16,40.7,19.8,34.7,52.7,62.2,19.6
2015-07-17,48.3,23.2,34.8,48.4,50.8,19.6
2015-07-18,56,20.5,40.6,53.2,58.5,19.7
2015-07-19,43.8,19.1,43.6,55.3,59.5,19.7
2015-07-20,43.9,22.1,45.5,58.8,55.8,19.6
2015-07-21,61.4,22,51.2,59.5,69,19.7
2015-07-22,37.9,15.3,32.4,45.8,55.3,19.4
2015-07-23,57.7,21.6,40.5,54.8,65.6,19.8
2015-07-24,41.1,16.6,22.5,50.8,61.1,19.5
2015-07-25,42.1,12.7,45.4,51.6,54.5,19.6
2015-07-26,42.7,23.4,42.6,47.3,57.8,19.7
2015-07-27,50,21.1,42.9,62.3,49.1,19.8
2015-07-28,40.3,19.5,31.4,50.2,65.2,19.7
2015-07-29,51,25.2,37.1,56.4,47.2,19.7
2015-07-30,34,22.1,43,59.9,54,19.7
2015-07-31,51,18.3,41.8,50.6,53.4,19.5
2015-08-01,57,24.8,50.6,59.3,57.5,19.8
2015-08-02,56.7,21.3,43.1,53.8,46.2,19.6
2015-08-03,45.5,24.6,47,51.6,71.6,19.6
2015-08-04,51.5,19.8,42.5,50.5,62.3,19.6
2015-08-05,39.6,23,45.2,55.9,60.4,19.5
2015-08-06,53.1,25.9,46.5,55.3,51.7,19.7
2015-08-07,40,17.2,43.9,46.4,48.6,19.6
2015-08-08,42.6,16.7,48.6,49.1,56.5,19.4
2015-08-09,58.6,23.5,48.8,54.7,74.5,19.6
2015-08-10,47,15.4,38.4,43.3,46,19.6
2015-08-11,46.4,13.4,44,55.4,46.9,19.5
2015-08-12,47.1,15.3,49.4,53.7,43.5,19.3
2015-08-13,41.7,15,43.9,45.9,47.9,19.6
2015-08-14,44.7,24.9,34.3,52,53,19.5
2015-08-15,43.4,25,45.9,58.7,58.4,19.7
2015-08-16,55,18.8,40.8,49,55.6,19.4
2015-08-17,54.2,21.2,52.5,51.7,58.1,19.6
2015-08-18,45.5,20.7,41.2,45.5,58.6,19.4
2015-08-19,42.2,16,34.3,48.6,51.9,19.3
2015-08-20,59.4,22.4,49.4,57.1,60.9,19.7
2015-08-21,40.5,20.2,58,54.2,60.1,19.7
2015-08-22,50.9,26.4,51.2,60.6,70.9,19.8
2015-08-23,45.5,14.5,37.8,51.4,51,19.4
2015-08-24,46.9,17.8,34.9,47.5,48.7,19.6
2015-08-25,40.9,20.5,35,54.9,50.7,19.4
2015-08-26,48.8,22.2,49.5,57.3,55.9,19.7
2015-08-27,44.6,19.7,39.9,43.8,46.9,19.5
2015-08-28,44.1,18.5,44.8,62.1,66,19.5
2015-08-29,60.4,18,44.9,55.6,55.3,19.7
2015-08-30,50.6,20.6,44.9,62.4,54.1,19.7
2015-08-31,53.1,20.6,45,49.3,54.2,19.6
2015-09-01,51.1,22.1,44.9,50,61.3,19.5
2015-09-02,46.9,18.5,46.9,55.7,61,19.6
2015-09-03,55.8,20.5,37.2,52,43.4,19.5
2015-09-04,53,17.1,39.7,61.8,51.8,19.6
2015-09-05,45.1,21,49.6,53.3,69.8,19.5
2015-09-06,42.8,21.1,39.1,50.9,51.4,19.4
2015-09-07,47.7,18.7,43.2,57.2,56,19.5
2015-09-08,48.1,23.8,37.2,58.5,43.3,19.6
2015-09-09,52.1,28,52.1,53.9,61.8,19.5
2015-09-10,59.1,24.7,56.3,59.8,72.3,19.6
2015-09-11,40.6,21.5,42.8,52.5,56,19.5
2015-09-12,45.6,20.2,28.9,57.1,57.1,19.6
2015-09-13,59.3,22.4,46.1,67.6,63,19.8
2015-09-14,51.7,24,50.7,65.9,60.8,19.7
2015-09-15,61.3,21.2,40.2,52.1,51.4,19.6
2015-09-16,42.5,19.6,52.8,49.2,39.2,19.4
2015-09-17,44.5,22.3,55.9,62.7,52.9,19.6
2015-09-18,44.6,24,50.6,62.9,63.7,19.6
2015-09-19,57,20.8,51.5,58.3,56.9,19.6
2015-09-20,48.6,17.8,43.3,55.8,61.3,19.8
2015-09-21,60,22.8,51.3,56.3,67.3,19.6
2015-09-22,41.2,22,40,48.8,62.2,19.4
2015-09-23,56.2,20.4,41.3,49.6,56.2,19.5
2015-09-24,43.6,15.4,32.1,60.2,51.5,19.4
2015-09-25,57.9,25.5,45,64.6,60.7,19.8
2015-09-26,53.7,24,47.3,54.6,56,19.7
2015-09-27,47.8,22.1,36.7,50.3,56.2,19.7
2015-09-28,54.6,22.3,46.5,51.9,51,19.8
2015-09-29,50.8,18.9,53.6,52.7,64.9,19.6
2015-09-30,53.4,18.3,34.1,NA,50.7,19.5
2015-10-01,64.8,19.7,39.9,NA,69,19.7
2015-10-02,52.5,26,48,NA,56.5,19.5
2015-10-03,59.9,21.6,49.2,NA,55.3,19.6
2015-10-04,44.9,23,38.1,NA,64.6,19.7
2015-10-05,52.9,19.8,47,NA,55.6,19.5
2015-10-06,48.9,22.9,51.4,NA,47.2,19.6
2015-10-07,49.1,26.2,49.1,NA,52.7,19.7
2015-10-08,50,19.4,49.3,NA,71.7,19.9
2015-10-09,52.5,26.3,58.1,65.4,53.6,19.7
2015-10-10,50.8,20.6,60.3,46.8,81,19.6
2015-10-11,56.6,22.1,55.8,62.4,69.4,19.7
2015-10-12,51.6,29,49,55.9,71.5,19.7
2015-10-13,57.9,22.8,49,56,67.6,19.6
2015-10-14,54.9,27.8,46,64.6,69.7,19.6
2015-10-15,52.8,22.4,38.2,60.6,59.8,19.6
2015-10-16,43.3,17.6,44.6,54.8,47.5,19.4
2015-10-17,49.7,27.4,43.9,63.2,57.8,19.7
2015-10-18,59.9,22,41.6,52.9,56.9,19.8
2015-10-19,55.8,21.6,49.5,59.3,56.1,19.5
2015-10-20,57.3,26.6,51.4,59.1,79.5,19.7
2015-10-21,50.2,23.2,53.1,52.2,49.8,19.6
2015-10-22,42.1,24.3,47,50,55.7,19.6
2015-10-23,55.7,28,58.5,63.9,70,19.8
2015-10-24,55.9,26.8,47.7,54.5,81.3,19.7
2015-10-25,66.3,28.3,45.6,60.8,66.5,19.8
2015-10-26,57,25.1,55.3,65.3,52,19.7
2015-10-27,52.7,22,38.1,58,64.7,19.8
2015-10-28,42.9,22.3,53.9,55.8,67.5,19.5
2015-10-29,58.2,29.7,67.9,67.3,70.5,19.7
2015-10-30,43.2,19.9,50.5,58.9,58.7,19.6
2015-10-31,63.1,22.7,61,56,59.5,19.8
2015-11-01,62.7,23.8,53,62.4,66.8,20
2015-11-02,46.9,26,59.2,62,66.6,19.7
2015-11-03,72.4,22.7,58.6,62.7,67.5,19.7
2015-11-04,52.2,19.2,47.9,60.5,56.3,19.5
2015-11-05,49.1,19.6,53.4,68,64.6,19.6
2015-11-06,50.6,26.7,39.7,53.6,63.7,19.7
2015-11-07,63.5,28.2,56.9,61.4,63.6,19.6
2015-11-08,55.3,24.2,57.1,60.4,76,19.7
2015-11-09,44.1,22.4,53.3,50.9,48.5,19.6
2015-11-10,56.4,16.3,47.7,60,55.1,19.6
2015-11-11,55,30.8,55.5,65.7,69.9,19.8
2015-11-12,48.3,25.6,52.1,56.7,51.8,19.6
2015-11-13,58.3,23.7,52.8,61.2,79.7,19.9
2015-11-14,55.8,23.1,49.3,61.4,62.7,19.6
2015-11-15,61.6,26.9,50.7,66.9,60.1,19.8
2015-11-16,73.5,23.1,63.3,55.5,68.4,19.9
2015-11-17,56.2,25.1,43.6,NA,68.9,19.6
2015-11-18,62.9,21.6,62.1,NA,81.3,20
2015-11-19,54.8,23.8,39.8,NA,60.8,19.4
2015-11-20,51.1,22.2,39.8,NA,54,19.4
2015-11-21,55.3,25.5,56.1,NA,66.8,19.6
2015-11-22,57.7,21.1,46.8,NA,62.7,19.5
2015-11-23,62.9,29.3,47.6,NA,73.1,19.7
2015-11-24,43.7,24.9,57.2,NA,58.5,19.4
2015-11-25,51.3,21.1,49.1,NA,63.4,19.7
2015-11-26,59.5,30.3,57.8,NA,66.8,19.6
2015-11-27,56.8,28.8,50.7,NA,67.1,19.6
2015-11-28,75,22.7,46.3,NA,69.5,19.7
2015-11-29,69.1,26.6,60.4,NA,68.4,19.7
2015-11-30,55.7,26.9,50.6,NA,64.3,19.8
2015-12-01,67.7,24.3,58.4,NA,64.5,19.5
2015-12-02,62.5,26.1,51,NA,80,19.7
2015-12-03,52.5,24.5,63.7,NA,72.9,19.6
2015-12-04,62.7,26,51.6,66.8,59.8,19.7
2015-12-05,59.1,26.2,64.9,63.5,78.2,19.8
2015-12-06,64.1,24.3,58.2,61.8,61.7,19.7
2015-12-07,57,29.1,42,65.9,77.9,19.8
2015-12-08,52.9,27.5,49.5,58.1,68.7,19.7
2015-12-09,59.8,31.2,59.2,68.2,65.1,19.7
2015-12-10,50.6,19,52.2,53.9,67.7,19.5
2015-12-11,64.1,20,48.1,53.5,61.4,19.4
2015-12-12,58.5,26.7,53.8,62.6,66.5,19.6
2015-12-13,65.8,26.1,52.5,58.4,76.1,19.8
2015-12-14,53.6,25.4,61.7,60.1,73.6,19.6
2015-12-15,52.8,23.7,51.7,62.4,60.5,19.3
2015-12-16,62.6,28.2,57.1,63.5,74.2,19.6
2015-12-17,62.2,22.4,47.9,60.2,76.1,19.7
2015-12-18,60.9,30.7,57.2,72.7,78.1,19.8
2015-12-19,64.2,27.2,56,65.1,71.3,19.9
2015-12-20,56.6,26.3,39.1,71.3,70.9,19.8
2015-12-21,59.1,23.4,60,62.2,72.7,19.7
2015-12-22,53.8,22.9,43.4,58.4,56.7,19.7
2015-12-23,56,27.4,57.9,60.2,66.2,19.7
2015-12-24,49.1,19.7,49.3,63.3,73,19.8
2015-12-25,62.7,21.5,59.1,58.4,69.8,19.8
2015-12-26,61,24.8,59.7,64.4,78,19.7
2015-12-27,60.4,25.7,60.3,57.3,70.9,19.8
2015-12-28,64.2,23,46.6,58.1,54.7,19.9
2015-12-29,71.9,19.5,53.6,52.9,72.4,19.8
2015-12-30,59.2,24.9,60.6,55.8,65.6,19.6
2015-12-31,61,27.8,52.4,67.8,80.1,19.7
2016-01-01,69.1,28.2,50.2,58.1,76.1,19.8
2016-01-02,66.8,21.5,50.3,60.9,74.3,19.6
2016-01-03,61.4,27.1,51.5,67.1,66.1,19.7
2016-01-04,63.3,25.8,56.8,56.8,74.4,19.7
2016-01-05,48.2,26.5,53.5,59.3,51,19.5
2016-01-06,50.4,26.7,51,59.4,73.9,19.7
2016-01-07,62.2,25.1,50.5,63.2,70.2,19.8
2016-01-08,65.9,26.7,63,64.1,74.3,19.7
2016-01-09,60.9,23.1,48.6,58.1,54.5,19.5
2016-01-10,57,27.2,58.5,64.8,71.9,19.6
2016-01-11,67.4,23.4,41.1,53.9,59.6,19.8
2016-01-12,64.7,22.4,49.1,59,74.4,19.7
2016-01-13,63.6,28.1,53.1,52.5,83.7,19.6
2016-01-14,60,26.3,62.1,62.2,66.7,19.8
2016-01-15,58.1,28.6,59.9,66.3,62,19.8
2016-01-16,59.3,25,57.9,60.7,77.9,19.7
2016-01-17,49.9,19.9,60.5,56.4,79.1,19.6
2016-01-18,53.9,25.8,55.1,61.6,72.3,19.8
2016-01-19,69.1,27.9,61.8,69.5,75.2,19.9
2016-01-20,62.9,28.7,67,61.2,58.4,19.5
2016-01-21,62,22.1,60.2,62.4,79.8,19.8
2016-01-22,57.3,22.6,51.9,59.7,61,19.7
2016-01-23,66.3,28.3,52.3,53.9,68.9,19.8
2016-01-24,47.6,23,56.3,60,58.8,19.7
2016-01-25,50.1,16.6,53.9,68,54.7,19.7
2016-01-26,59.2,27.8,45.8,56.6,59,19.7
2016-01-27,73.5,28.5,56.8,59.1,74.3,19.8
2016-01-28,48.4,29,53.6,66.9,66,19.7
2016-01-29,46.3,24.7,61.2,58.9,60.5,19.8
2016-01-30,65.8,28.2,64.2,59.2,51.8,19.8
2016-01-31,52.1,30.2,54.3,60.8,72.9,19.8
2016-02-01,63.3,25.7,70.7,74.3,78.4,19.8
2016-02-02,66.2,29,63.7,66.9,84.3,19.7
2016-02-03,55,23.4,49.5,62.6,51.4,19.5
2016-02-04,57.8,27.1,57.7,62.8,77.9,19.7
2016-02-05,53.9,25,58.4,57.3,78.9,19.6
2016-02-06,54.9,21.7,59.5,56.2,69.7,19.5
2016-02-07,55.6,27.6,42.9,62.7,54.7,19.5
2016-02-08,46.4,26,56.8,64.3,67.4,19.7
2016-02-09,41.1,25.8,49.9,50,64.5,19.6
2016-02-10,63.5,26.2,58.1,62.7,64.9,19.6
2016-02-11,70.7,26.3,53.6,68.8,74.7,19.6
2016-02-12,60.2,25.5,52.3,62.4,65.1,19.8
2016-02-13,62.7,25.8,47.8,56.8,55.1,19.6
2016-02-14,51.1,24.4,51.4,63.8,66.5,19.3
2016-02-15,70.5,30,64.4,63.3,79,19.6
2016-02-16,48.4,22.6,42,50.2,63.3,19.4
2016-02-17,48.4,20.3,45.8,59.4,57.2,19.4
2016-02-18,59.8,26.8,47,57.5,67.1,19.6
2016-02-19,56.2,18.6,54,57.6,58.3,19.5
2016-02-20,45,21.5,47,55.2,65.6,19.6
2016-02-21,47.3,23.6,45.8,49.7,70.4,19.4
2016-02-22,54.4,23.5,48.1,62.9,60.2,19.5
2016-02-23,49.7,26.6,48.2,59.3,57.8,19.4
2016-02-24,73.3,28.6,64.3,66.3,75.4,19.6
2016-02-25,67.6,24.7,57.5,60,74.6,19.5
2016-02-26,53.3,22.1,38.8,58,70.3,19.3
2016-02-27,60.1,29.2,56.2,66.7,73.5,19.8
2016-02-28,60.2,25.4,60.8,64.2,77.4,19.5
2016-02-29,62.2,26.2,64.2,60.6,58.3,19.6
2016-03-01,46.5,20.2,45.7,54.5,72.8,19.4
2016-03-02,56.8,26.1,42.1,53.3,88.3,19.3
2016-03-03,53.7,19.5,40.7,61.2,64.1,19.4
2016-03-04,65.2,23.9,58.1,60.1,72.8,19.5
2016-03-05,54.7,20.7,52.4,60.3,82.7,19.6
2016-03-06,50.4,23.7,31.3,54.7,58,19.3
2016-03-07,40.8,16.9,36.3,50.8,45.8,19.4
2016-03-08,61.9,26.2,58.3,64.4,71,19.6
2016-03-09,60,23.4,44.8,47.2,72.7,19.6
2016-03-10,62.4,24.9,52.5,53.1,49.3,19.4
2016-03-11,64.4,24,57.8,60.3,67.9,19.7
2016-03-12,50.7,14.8,50,62.6,49.3,19.4
2016-03-13,50.1,27.1,55.8,63.4,75.5,19.4
2016-03-14,50.8,25.8,42.6,58.5,67.3,19.6
2016-03-15,41,19.3,41.7,54.3,65,19.4
2016-03-16,61.8,22.6,45.3,58.2,60.6,19.6
2016-03-17,55.6,20.9,41.5,58.7,69.6,19.5
2016-03-18,56.2,28.4,64.8,57.6,61.6,19.2
2016-03-19,64.6,19.4,46.6,62.9,65.8,19.5
2016-03-20,42.6,18.5,39,48.5,42.4,19.2
2016-03-21,59.7,24.7,42.4,46.2,59.5,19.3
2016-03-22,50.8,24,67.4,54.9,70.1,19.4
2016-03-23,52.4,22,49,56.8,70.4,19.4
2016-03-24,49.4,22.4,43.7,48.6,61.5,19.3
2016-03-25,59.3,21.3,52.5,50.1,59.4,19.3
2016-03-26,53.8,17.7,52,53.3,56.5,19.6
2016-03-27,50.5,20.1,42.4,49.7,58.3,19.4
2016-03-28,49.6,19.3,47.4,58.4,53.9,19.4
2016-03-29,44.1,22.2,51.8,52.7,61.6,19.6
2016-03-30,58.9,25.4,49.2,53.3,53.1,19.5
2016-03-31,56.6,23.4,53.5,49.4,44.9,19.6
2016-04-01,54.6,20.5,44,56.1,65.4,19.4
2016-04-02,49.5,25.4,51.2,58.2,60.4,19.4
2016-04-03,62.6,20.9,43.1,60.5,71.8,19.6
2016-04-04,47.2,23.1,42.6,47.6,43.3,19.1
2016-04-05,48.5,19.7,37.9,51.1,45,19.2
2016-04-06,47.6,20.8,37.9,55.1,51.5,19.2
2016-04-07,40.8,23.1,42.8,46.3,52.4,19.3
2016-04-08,46.4,24.3,56.3,55.9,51,19.1
2016-04-09,47.9,24.2,33.3,58.6,60,19.3
2016-04-10,42.9,19.4,39.5,46.8,60,19.1
2016-04-11,60.7,24.4,58,55.6,58.5,19.5
2016-04-12,46.6,21.1,37.6,55.4,51.2,19.2
2016-04-13,52.9,21.7,50.8,55.6,57,19.4
2016-04-14,59.6,17.5,37.8,55,56.6,19.3
2016-04-15,39.3,21.1,46.2,53.4,65.7,19.1
2016-04-16,42.6,16.2,33.8,53.1,60.1,19.2
2016-04-17,47.5,25.6,51.6,57.7,51.9,19.2
2016-04-18,50.3,21.7,56.1,46.3,65.9,19.2
2016-04-19,52.6,20.1,55.4,57.6,54.9,19.3
2016-04-20,50.4,20.5,50.6,60.1,63.6,19.3
2016-04-21,42.5,14.9,46.8,48.7,53.7,19.1
2016-04-22,49.9,22.4,44.6,50.5,52.1,19
2016-04-23,55.4,25.9,55.1,60.8,54.2,19.4
2016-04-24,24.5,16,38.8,49.6,45.7,19.1
2016-04-25,57.8,22.1,48.3,58.3,59.1,19.4
2016-04-26,44.4,20.4,39.6,54.8,40.3,19.2
2016-04-27,51.4,23.6,37.7,51.1,47.9,19.1
2016-04-28,55.5,20,46.1,46,64.5,19.2
2016-04-29,61.1,20.5,37.2,56,62.2,19.3
2016-04-30,49.9,24.6,50.2,54.8,44.4,19.1
2016-05-01,37.4,19,46.5,59.5,62.9,19.2
2016-05-02,32.1,20.8,38,45.6,51,19.2
2016-05-03,47.7,22.7,45.9,58.9,61.6,19.2
2016-05-04,43.4,17.2,29.9,52.4,65.4,19.2
2016-05-05,44,17.4,30.2,48.9,47.3,19
2016-05-06,53.2,19.7,51.9,55.2,52.8,19
2016-05-07,46.1,26.5,41.2,50.8,55,19.3
2016-05-08,44.9,13.2,39.1,49.4,37.3,19
2016-05-09,48.6,21.7,40.5,55.5,66.8,19.3
2016-05-10,41.4,13.6,31.7,60.3,54.5,19
2016-05-11,46.2,20.7,35,57.5,60.6,19.1
2016-05-12,51.4,16.8,40.8,55,52.8,19.2
2016-05-13,46.3,20.2,43,53.1,49.9,19
2016-05-14,45.6,22.2,46.2,48.1,50.2,19
2016-05-15,54.3,19,46.7,57.9,53,19.2
2016-05-16,41.7,22.1,50.1,61.6,54.3,19
2016-05-17,51.7,21.3,45.6,51.5,51.2,19
2016-05-18,51.4,18.5,39.3,61.8,56,19.2
2016-05-19,54.3,20.2,36.7,55.6,58.5,19
2016-05-20,40.6,22.6,45.3,42.3,64.3,18.8
2016-05-21,65.3,21.6,46.3,57.1,44,19.1
2016-05-22,40.4,21.8,34.2,58.1,51.2,19
2016-05-23,44.4,18.1,37.4,51.8,46.3,19.1
2016-05-24,43.9,19.4,40.9,50.3,54.9,19
2016-05-25,49.1,14.6,42.4,54.2,48.5,19
2016-05-26,54.5,21.1,43.6,55.2,36,19
2016-05-27,38.4,18.6,30.9,50.9,42.5,19
2016-05-28,58.4,21.1,48.6,48.7,48.4,18.9
2016-05-29,38.8,16.1,43.6,52.4,48.7,18.9
2016-05-30,50,11.1,34.1,55.5,39.4,19
2016-05-31,33.5,18.6,39.1,51.9,57.2,19
2016-06-01,47.7,24.1,34.5,50.7,58.2,18.9
2016-06-02,43.5,22.2,43.6,53.8,58.6,18.9
2016-06-03,48.4,17.9,28.3,47.9,43.6,18.8
2016-06-04,44.8,20.8,33.2,52.4,36.6,18.8
2016-06-05,51.7,18.1,36.5,56.5,57.1,18.9
2016-06-06,50.1,19.1,40.5,51,46.6,18.6
2016-06-07,42.1,19.5,44.8,51.7,54.9,18.9
2016-06-08,49.7,25.2,42.4,56.6,60,19
2016-06-09,42,15.8,24,43.9,45.3,19
2016-06-10,56.2,21.3,48.3,50.5,57.6,18.9
2016-06-11,40.7,15.2,32.5,46.7,60.3,18.8
2016-06-12,33.9,19.2,42,49.5,59.1,18.8
2016-06-13,41.5,22.2,49.5,51.1,56.3,18.8
2016-06-14,45.8,16.1,35.9,49.5,37.1,18.7
2016-06-15,35.5,19.6,43.6,51.1,56.8,18.8
2016-06-16,36.2,21.2,25.3,50.7,58.7,18.7
2016-06-17,47.2,22.5,43.2,49.7,49.2,18.7
2016-06-18,38.7,19.8,47.3,44.6,38.7,18.8
2016-06-19,49.3,23.5,40.5,50.2,41.3,18.9
2016-06-20,44.7,20.8,34.9,49.2,48.3,18.8
2016-06-21,42.6,23.5,42,54,59,18.8
2016-06-22,48,20.1,46.1,59.1,48.6,18.9
2016-06-23,53.1,20.9,42.4,59.8,50.4,18.9
2016-06-24,50.2,16.7,44.4,51.7,39.3,19
2016-06-25,36,17,28.2,52.3,39.6,18.9
2016-06-26,40.3,20.1,42.5,47.5,43,18.8
2016-06-27,44.8,16.8,36.9,44.6,45,18.9
2016-06-28,39.1,20.2,28.5,50.3,48.4,18.8
2016-06-29,50.3,21.9,44.8,54.4,53.6,19
2016-06-30,33.3,15.2,30.1,47.4,41.3,18.7
2016-07-01,44.6,22.1,40.8,46.2,46.8,19
2016-07-02,63.3,23.3,45.3,53.2,48.5,19.2
2016-07-03,32.8,23.2,40.2,55.7,51.1,18.7
2016-07-04,56.8,13.9,47.6,50,48.7,19
2016-07-05,44.8,18.7,31.1,47.3,41.9,18.8
2016-07-06,51.5,19.6,38.2,50,56.6,19
2016-07-07,45.1,19.3,36,55.2,50.8,19
2016-07-08,48.2,21,31.6,53.2,35.9,19
2016-07-09,43.3,25.3,38.9,55,64.8,18.9
2016-07-10,32.3,20.2,32,45.1,53.4,18.8
2016-07-11,46,20.2,42.2,50.1,57.4,19.1
2016-07-12,58.8,19.1,50.9,48.1,64.9,18.8
2016-07-13,48.8,15.1,40,50.4,61,18.6
2016-07-14,47,20.6,33.4,52,50.9,18.9
2016-07-15,48.5,21.5,34,61.7,59.1,18.8
2016-07-16,41.6,20.1,42.7,52,56.1,19.2
2016-07-17,26.7,19,41.3,46,59.4,18.9
2016-07-18,47.5,20.3,40.6,56.9,38.1,18.9
2016-07-19,55.9,20.7,45.2,49.3,60,19
2016-07-20,33.7,20.2,47.2,52.6,50,18.8
2016-07-21,50,15,32.5,46.4,61,18.8
2016-07-22,44.4,21.6,45.3,52.7,46.7,18.9
2016-07-23,44.9,23.8,40.6,52.6,61.2,19
2016-07-24,42.3,15.8,45.3,49.5,43.3,18.8
2016-07-25,43.5,21.6,35.8,41,55.2,18.9
2016-07-26,47.6,23.7,37,59,50.6,19
2016-07-27,44.9,21.4,39.5,48.5,68.3,19.2
2016-07-28,49.3,18.7,44.6,49.3,61.7,19
2016-07-29,45.7,15.9,40.1,43.1,43.7,18.9
2016-07-30,51.4,21.2,55,55.1,64,19.1
2016-07-31,43.7,13.5,30,46,38.5,18.8
2016-08-01,41.9,18.8,34.5,47.2,31.6,19
2016-08-02,42.6,20.1,34,49.5,50.6,18.8
2016-08-03,48.5,17.1,47.2,54.1,57.2,18.9
2016-08-04,57.7,23.7,55.2,59.2,63,18.9
2016-08-05,48.3,18.9,49.1,46.6,62.3,19
2016-08-06,36.6,19.1,49.3,50.7,31.9,18.8
2016-08-07,31.2,18.7,30.9,52.1,33.6,18.8
2016-08-08,41.3,12.8,22,50.8,45.7,18.6
2016-08-09,38.4,18.4,39.3,52.8,51.4,18.8
2016-08-10,NA,18.3,43.6,48.7,49.1,19
2016-08-11,NA,22.6,41.9,49.5,68.3,18.7
2016-08-12,NA,19.1,38.4,49.2,64.2,18.9
2016-08-13,NA,16.7,49.6,53.2,61.2,19
2016-08-14,NA,27.4,42.1,48.5,61.4,19
2016-08-15,NA,21.4,41.5,55.2,53.7,18.9
2016-08-16,NA,17.8,28.7,48.5,40.8,18.6
2016-08-17,NA,23.6,50.2,55.3,56.1,18.9
2016-08-18,NA,25.1,45.3,54.3,66,19.1
2016-08-19,NA,18.5,51.9,60,65.3,19
2016-08-20,NA,14.6,30.2,51.3,40.3,18.9
2016-08-21,NA,22.2,52.8,48.6,65.9,19.1
2016-08-22,52.5,24,47.2,53.8,39.6,18.9
2016-08-23,54.6,23.5,50.3,55.3,63.4,19.2
2016-08-24,44.2,17.2,39.1,45.5,48.1,18.9
2016-08-25,46.3,16,45.1,47,45.2,18.8
2016-08-26,53.4,18.2,42.7,58.2,59,18.9
2016-08-27,50.9,21.9,46.1,54.9,54.2,18.9
2016-08-28,33.6,27.6,29.9,55.1,44.9,19.1
2016-08-29,48.4,26,56.1,53.7,54.1,19
2016-08-30,47.3,22,44.5,52.3,47.6,19
2016-08-31,44.6,17.8,43.6,51.5,55.5,19
2016-09-01,49.6,21.3,53.6,57.3,55,19.2
2016-09-02,47,28.2,49.3,52.9,71.8,19.1
2016-09-03,49.7,26.3,39.8,55.4,51,19.1
2016-09-04,55.2,25.8,43,62.3,65.5,19.1
2016-09-05,51.9,19.5,45.6,53.1,63.2,19.2
2016-09-06,59.4,15.7,53,58.7,67.1,19.3
2016-09-07,56,19,45.2,49.7,51.6,19.1
2016-09-08,44,23.3,49.1,52.4,46.5,19
2016-09-09,48.2,17.6,55.6,51.5,68.9,19.2
2016-09-10,50.1,15.7,38.5,50.6,57.9,19.1
2016-09-11,49.9,16.4,38.9,49.5,45.7,19.1
2016-09-12,40.4,19.4,48.1,51.2,56,19.1
2016-09-13,47.7,22.9,44.7,57.5,64,19.2
2016-09-14,37.6,19.5,29,51.5,47.7,19.1
2016-09-15,44.5,15,43.9,49.9,55.9,19.2
2016-09-16,41.2,24.5,42.8,50,58,19.2
2016-09-17,55,23.4,48.4,59.7,60.2,19.3
2016-09-18,45,19.2,54.6,60.3,56.3,19.3
2016-09-19,50.2,19.9,43.9,55.7,74.8,19
2016-09-20,41,23.5,47.4,57.7,62.5,19.2
2016-09-21,38.5,21.4,27.6,59.4,58.3,19.3
2016-09-22,42.7,20.2,42.8,45.6,50.1,19.2
2016-09-23,58.7,24.6,43.7,69.9,68.1,19.3
2016-09-24,41.1,24.4,50.1,53.4,64.8,19.3
2016-09-25,53.9,24.2,57.9,52.8,58.1,19
2016-09-26,51,23.2,37.9,54.6,62,19.1
2016-09-27,50.8,21.2,31.6,51.9,54.4,19.2
2016-09-28,48.3,17,49.5,63.1,52.8,19.2
2016-09-29,52.7,22.8,47,55.9,52.1,19.2
2016-09-30,53.4,20.5,49.5,55.4,59.4,19.1
2016-10-01,44.6,21.5,46.1,57.2,64,19.2
2016-10-02,48.5,20.3,48.9,57.6,63.5,19.2
2016-10-03,57.3,26.9,44,62.6,70.4,19.2
2016-10-04,60.5,22.9,51.7,54,60.2,19.3
2016-10-05,50,18.7,43.7,49.7,59.9,19.3
2016-10-06,55.5,16.3,37.5,54.6,57.6,18.9
2016-10-07,60.3,29.8,46.1,58.7,60.3,19.4
2016-10-08,55.8,24.7,49.5,52,71,19.4
2016-10-09,55,28.9,59.7,60.5,66.6,19.4
2016-10-10,54.7,22.5,45.7,54.7,61.3,19.2
2016-10-11,44.6,21.8,45.1,57.2,60.8,19.2
2016-10-12,62.7,19.9,42,65.9,45.6,19.4
2016-10-13,57,27.6,52.9,55.4,55.2,19.4
2016-10-14,59.3,28,55.9,50.3,66,19.2
2016-10-15,52.1,16.9,40.1,57.5,52.9,19
2016-10-16,39.6,24.1,50.5,54.8,64.1,19.1
2016-10-17,43,19.8,52.9,47.3,59.8,19.1
2016-10-18,60.2,23.2,47.6,55.1,57.1,19.1
2016-10-19,59.3,26.3,62.4,58.8,68.9,19.2
2016-10-20,56.1,26.8,56,61.7,72.2,19.3
2016-10-21,67.6,24.2,57,64.2,66.3,19.2
2016-10-22,47.9,19.9,60.6,57.2,68.4,19.2
2016-10-23,38.2,22.6,39.8,56.7,59,19.2
2016-10-24,61.8,24.8,59.1,56.1,63.2,19.3
2016-10-25,53.5,28.4,54.3,59.7,68,19.1
2016-10-26,59.4,23.4,46.6,59.5,54.1,19.3
2016-10-27,48.7,23.9,56.8,59,62.8,19.2
2016-10-28,46.1,23.1,58.1,58.4,60.8,19.2
2016-10-29,56,20.8,50.7,61.1,59.4,19.4
2016-10-30,57.8,19,47.2,50,64.2,19.3
2016-10-31,51.1,27.6,41.8,57,67.9,19.3
2016-11-01,61.8,15.2,50.6,52.9,50,18.9
2016-11-02,56.4,22.7,66.1,61.2,67.5,19.5
2016-11-03,46.4,19.8,53.5,50.9,58.9,18.9
2016-11-04,52.1,25.5,59.6,60.8,76,19.2
2016-11-05,69.1,35.6,52.5,64.5,70.1,19.1
2016-11-06,51.6,25.6,46.7,49,61.1,19.1
2016-11-07,73.7,28.7,59.2,64,77,19.2
2016-11-08,57.7,25,47.7,69,59.3,19.2
2016-11-09,60.7,25.3,40.1,60.1,59.6,19.2
2016-11-10,41,17.1,36.4,48.2,51.2,18.9
2016-11-11,61.2,25.2,40.8,57.9,67.9,19.3
2016-11-12,61.1,25.6,66.9,63.1,71.9,19.3
2016-11-13,47.5,27.6,49.7,57.1,50.4,19.1
2016-11-14,44.8,20.5,43.5,60.6,60.1,19
2016-11-15,44.5,25.5,42.2,67.2,55,19.1
2016-11-16,43.7,28,35.7,54.1,62.4,19.1
2016-11-17,NA,25.5,60.1,63.7,46,19.2
2016-11-18,NA,23.3,62.4,48.9,54.6,19.1
2016-11-19,NA,15.1,40.5,47.7,48.5,19.1
2016-11-20,NA,26.6,52.5,60,80.5,19.3
2016-11-21,NA,27.4,49.5,58.1,65.2,19.1
2016-11-22,NA,31.1,53.7,60.8,64.4,19.3
2016-11-23,NA,27.6,52.9,59.6,69.7,19.3
2016-11-24,NA,23.3,53.2,65.7,64.9,19.3
2016-11-25,NA,23.4,59.1,63.2,75.9,19.1
2016-11-26,NA,25.9,45.7,54.3,61.8,18.9
2016-11-27,NA,27,50.8,58.5,47.4,19.2
2016-11-28,NA,24.5,55,56.6,74.6,19.3
2016-11-29,NA,25.9,52.4,62.5,77.5,19.4
2016-11-30,NA,25.5,39.6,57.8,73.1,19.3
2016-12-01,NA,27.2,41.6,58.6,65.4,19.3
2016-12-02,77.6,30,69.7,68.7,70.4,19.5
2016-12-03,60.8,28.9,61.1,63.8,87.5,19.5
2016-12-04,58.8,26,42.1,55.4,65,19.4
2016-12-05,57.4,27.1,61,57.2,68.8,19.5
2016-12-06,53.7,25.2,47.1,50.9,63.1,19.2
2016-12-07,62.5,22.9,57.2,62.4,68.3,19.4
2016-12-08,62.3,27,46.9,62,77.7,19.2
2016-12-09,57.8,19.4,55.7,62.1,84.1,19.5
2016-12-10,60.6,25.6,45.6,69.5,63.4,19.7
2016-12-11,58.8,24.6,55.5,56.5,60.9,19.3
2016-12-12,58.6,29.2,53.6,65.8,67.2,19.8
2016-12-13,55.2,25.1,53,60.5,83.6,19.5
2016-12-14,59.8,25.9,59.1,58.4,57.7,19.6
2016-12-15,74.3,29.4,58.5,64.5,82.9,19.4
2016-12-16,50.9,27.5,58.6,65.9,81.3,19.6
2016-12-17,61.3,20.5,50.6,54.2,68.3,19.3
2016-12-18,67.6,29.3,52.6,65.2,74.4,19.3
2016-12-19,54.2,26.8,53,53.2,72.6,19.4
2016-12-20,67.1,27.1,59,56.1,65.9,19.4
2016-12-21,52.6,25.5,53.2,65.9,55.4,19.4
2016-12-22,68.7,27.3,51,61.9,75.4,19.4
2016-12-23,50.6,22.9,57.2,59.7,69.2,19.4
2016-12-24,NA,22.6,42.9,51.5,67.1,19.1
2016-12-25,NA,28.2,57.5,58.6,73.3,19.5
2016-12-26,NA,23.4,56.1,61.3,73.8,19.4
2016-12-27,NA,26.2,52.5,59,63,19.5
2016-12-28,NA,25.7,52.2,NA,56.1,19.4
2016-12-29,NA,24.2,56.4,NA,70.1,19.4
2016-12-30,NA,17.7,56.1,NA,77.3,19.3
2016-12-31,NA,27.5,60.4,NA,69.8,19.5
2017-01-01,55.7,19.5,42.9,NA,61.9,19.3
2017-01-02,66,23.4,56.9,NA,72.9,19.6
2017-01-03,63.1,27.7,28.7,NA,51.4,19.3
2017-01-04,63.3,26.7,58,NA,62.6,19.4
2017-01-05,62.4,25.5,51.9,NA,78.5,19.6
2017-01-06,59.9,28.7,61.9,60.5,68.1,19.4
2017-01-07,52,23.9,53,58.4,66.9,19.5
2017-01-08,58,24.2,56.2,54.4,56.6,19.4
2017-01-09,55.8,18.7,42,59.6,57.7,19.5
2017-01-10,60.4,30.4,52.3,69.5,51.9,19.6
2017-01-11,49.1,26.7,57.9,56.8,68.1,19.4
2017-01-12,48.3,21.2,48.1,61.3,68.3,19.6
2017-01-13,69.4,28.5,59.1,68,74.8,19.6
2017-01-14,46,24.4,46,56.5,70.6,19.3
2017-01-15,60.6,23.7,61.3,59.8,56.6,19.6
2017-01-16,64.8,25,58.2,57.5,80.6,19.7
2017-01-17,56.3,24.3,50.7,63.5,74.3,19.5
2017-01-18,59.1,27.7,58.7,63.4,66.2,19.6
2017-01-19,55.7,26.5,54.8,61.7,77,19.6
2017-01-20,45.7,19.7,57.1,60.8,68.6,19.5
2017-01-21,59.5,27.1,56.4,58.9,71,19.5
2017-01-22,48.1,24,50.3,69.1,65.2,19.6
2017-01-23,66.7,26.5,51.3,65.3,79.5,19.7
2017-01-24,64.2,29.1,67.2,67.9,83.9,19.7
2017-01-25,58.4,23,50.3,63.5,61.1,19.7
2017-01-26,64.5,23,53.7,56.3,78.9,19.5
2017-01-27,49.2,22.5,46.2,66,74.3,19.5
2017-01-28,60.6,26.8,42.8,55.9,52.4,19.6
2017-01-29,53.8,20.1,38.8,48.4,57.6,19.4
2017-01-30,52,22.5,47.7,58,54,19.7
2017-01-31,55.6,31.8,48.8,64.7,66.2,19.6
2017-02-01,58.8,25.5,42.6,62.2,63.4,19.5
2017-02-02,66.2,26.1,49,61.4,82.1,19.7
2017-02-03,49.6,26.5,53.1,59,53.8,19.7
2017-02-04,63.6,18.7,50.8,64.7,72.8,19.5
2017-02-05,66.5,24,50.2,53.3,64.8,19.5
2017-02-06,66.1,24.4,51.7,54.7,56.7,19.6
2017-02-07,49.5,22.8,54.5,61.6,56.8,19.4
2017-02-08,47.6,20,47.7,59.5,55.7,19.7
2017-02-09,57.9,25.4,47.2,57.8,68.8,19.5
2017-02-10,71.8,28.6,59.7,60.2,53.3,19.6
2017-02-11,62.9,24.9,45,56.5,72.5,19.6
2017-02-12,41.5,22.1,33.9,53.9,66.2,19.3
2017-02-13,54.3,23.3,61.1,46.5,72.6,19.4
2017-02-14,51.3,25.3,44.4,52.9,63.8,19.3
2017-02-15,49.4,25.7,48.8,55.5,63,19.4
2017-02-16,60,26.7,50.7,57.5,62.5,19.6
2017-02-17,52.6,28.4,53.4,62,70.8,19.7
2017-02-18,41,20.4,36.1,55.2,66.8,19.3
2017-02-19,61.9,25.9,51.3,58.5,76.1,19.5
2017-02-20,50.2,27.4,60.9,58.2,69.2,19.5
2017-02-21,49.9,20.9,38.8,50.9,53.7,19.5
2017-02-22,48,24.9,65.1,67.4,79,19.5
2017-02-23,49.1,23.5,47.6,55.1,54.6,19.6
2017-02-24,52.7,21,55.9,56,52.3,19.4
2017-02-25,47.6,24.1,41.9,57.4,51.4,19.3
2017-02-26,56.2,16.6,39.4,58.2,54.8,19.4
2017-02-27,76.3,26.9,55,64.6,84.4,19.5
2017-02-28,54.2,22.4,51.1,54.5,64.5,19.5
2017-03-01,70.9,23.4,61.1,58.1,56,19.4
2017-03-02,34.4,22.7,57.6,53.1,64.9,19.6
2017-03-03,59.2,22,59.5,63,68.6,19.9
2017-03-04,68.6,23.8,58.4,63.9,72.3,19.6
2017-03-05,60.6,22,54.1,56.4,74.9,19.6
2017-03-06,47.1,19.2,42.2,57.1,55.1,19.7
2017-03-07,49.8,22.6,47.2,56.4,49.8,19.4
2017-03-08,50.5,25.5,55.9,58.9,59.1,19.4
2017-03-09,58.2,21.3,51.7,61.7,63.9,19.4
2017-03-10,45,21.4,60.4,57.6,62.8,19.2
2017-03-11,64.1,20.3,42.2,49.7,64.5,19.4
2017-03-12,47.4,25.8,46.1,55.1,58.7,19.5
2017-03-13,47.3,26.4,55.8,61.7,55.9,19.5
2017-03-14,44.2,20.9,46,61.4,53.9,19.5
2017-03-15,37.9,16.7,38.2,56.4,60.6,19.3
2017-03-16,53,19.4,62,58.6,58.2,19.6
2017-03-17,56.5,26.3,48,63.7,67.3,19.2
2017-03-18,49.9,22.9,46.1,56.3,61.9,19.3
2017-03-19,54.4,22.3,41.8,66.9,54.5,19.3
2017-03-20,48.4,25.8,46.2,53.4,62.3,19.3
2017-03-21,48.7,21.1,44.9,57.7,57.6,19.2
2017-03-22,63.9,26.2,48.6,58.2,58.6,19.5
2017-03-23,42.2,20.3,37.9,51.5,54.9,19.2
2017-03-24,44,18.8,42.4,53.6,55,19.3
2017-03-25,54.8,24.2,46.8,55.2,68.7,19.2
2017-03-26,58,22.7,64.7,63.9,57.6,19.2
2017-03-27,49,25.9,50.3,54.6,58.7,19.2
2017-03-28,57.9,24.1,46.4,59,61.5,19.5
2017-03-29,43.2,27.4,59,65.9,63.2,19.4
2017-03-30,32.2,20.5,43,53.1,63.1,19.3
2017-03-31,40.9,16.5,33,53.9,66.5,19.4
2017-04-01,52.9,17.5,59.5,50.6,57,19.5
2017-04-02,53.6,24.2,59.5,52.6,61.9,19.2
2017-04-03,48.3,21.9,44.5,53.7,46.7,19.3
2017-04-04,44.8,22.7,35.2,49.1,64.8,19.3
2017-04-05,58.3,26.7,60,57.1,58.9,19.5
2017-04-06,38.4,17.7,48.1,56.3,61.1,19.5
2017-04-07,39.7,18.7,40.8,52.3,45.7,19.3
2017-04-08,36.8,19.4,31.1,49.9,61.7,19.5
2017-04-09,48.3,21.7,44.5,49.1,62.4,19.4
2017-04-10,58.4,22.1,52.7,58.2,66.4,19.5
2017-04-11,48.6,17,35.1,50.8,56.1,19.3
2017-04-12,53.2,20.9,47,41.9,47.3,19.2
2017-04-13,45.5,18.7,46.8,60.1,67.8,19.4
2017-04-14,51.8,20.6,50.1,58,66.4,19.4
2017-04-15,53.7,26.4,46.5,59.3,67,19.5
2017-04-16,62.8,26.9,47.6,58.2,57.2,19.5
2017-04-17,41.9,19,37.1,43.9,69.4,19.4
2017-04-18,44,23.7,44.6,52.8,51.1,19.3
2017-04-19,56.3,16.8,26.6,53.8,58,19.3
2017-04-20,51.2,21.5,43,50.9,62.8,19.2
2017-04-21,51.8,18.6,39.4,52.3,43.7,19.2
2017-04-22,53.5,23.6,47.5,60.8,56.2,19.6
2017-04-23,33.2,15.6,36.6,47.8,54.5,19.4
2017-04-24,40.4,24.1,43.7,54.7,68.5,19.1
2017-04-25,52.2,20.4,41.7,62.9,54.7,19.3
2017-04-26,50.6,18.7,51,57.6,55.3,19.3
2017-04-27,47.7,17.9,45.8,54.6,48,19.1
2017-04-28,42,21.5,38.8,43.9,42.5,19.4
2017-04-29,42.7,15.9,47.4,57.7,60.6,19.5
2017-04-30,53.3,21.7,39.6,54.2,32.1,19.3
2017-05-01,43.7,22.5,45.6,59.2,63.4,19.2
2017-05-02,55.6,22.2,52.6,61.1,64.5,19.5
2017-05-03,44.2,13.9,41.9,44.1,44.4,19.4
2017-05-04,61,28.1,42.4,55.5,65.8,19.4
2017-05-05,46.8,19.7,36,58.2,70.6,19.4
2017-05-06,48.9,21.7,46.6,58.8,63.8,19.6
2017-05-07,48.8,12.6,49.8,50.6,53.6,19.4
2017-05-08,35.8,18.6,35.2,55.3,53.2,19.3
2017-05-09,43.8,15.5,45.7,54.4,58.9,19.6
2017-05-10,41.3,17.7,27,52,32.2,19.3
2017-05-11,34.5,17.9,44,53,50.9,19.4
2017-05-12,32.6,15.8,44.1,51.9,36,19.5
2017-05-13,38.5,18.5,40.4,51.5,51,19.3
2017-05-14,37.1,16.6,31.3,52.9,40.6,19.1
2017-05-15,45.8,19.7,33.7,54.4,47,19.3
2017-05-16,58.4,19.9,39.1,56,46.8,19.5
2017-05-17,48.2,16,39.3,54.1,52.2,19.3
2017-05-18,44.3,22.5,41.1,51.3,63.4,19.6
2017-05-19,41.7,22.3,41,52.8,42.8,19.4
2017-05-20,45.6,16.2,32.2,46.8,41,19.5
2017-05-21,54.2,17.9,44.9,55.4,56.5,19.4
2017-05-22,51.4,21,46.5,52.8,58.5,19.3
2017-05-23,47.1,15.6,33.4,48.6,47.4,19.4
2017-05-24,47.4,19,47.5,53.9,51.3,19.5
2017-05-25,40.8,17.3,41.2,46.1,37.4,19.5
2017-05-26,50,20.2,33.3,57.4,61.2,19.7
2017-05-27,38.7,19.1,36.1,50.2,54.7,19.5
2017-05-28,36.1,12.1,30.9,46.3,53.3,19.3
2017-05-29,42.1,19.8,44.2,61.1,62.5,19.5
2017-05-30,35,17.9,45.3,50,49,19.6
2017-05-31,NA,23.1,43.7,48,52.4,19.5
2017-06-01,NA,24.3,32.8,60,69.4,19.5
2017-06-02,NA,21.4,32.7,45.8,53.8,19.2
2017-06-03,NA,15.6,44.6,57.8,49.3,19.6
2017-06-04,NA,19,38.4,58.8,66.6,19.7
2017-06-05,NA,12.3,44.9,45,42.7,19.2
2017-06-06,NA,27.2,36.5,47.8,62.7,19.5
2017-06-07,NA,12.8,35.2,47.2,41.7,19.5
2017-06-08,NA,19.8,37.7,53.9,54.7,19.3
2017-06-09,NA,15.7,34.3,37.5,55.3,19.5
2017-06-10,NA,15.6,35.1,49.9,52.2,19.3
2017-06-11,47.3,22.4,38.7,53.7,53.6,19.4
2017-06-12,49.4,21,40.8,51.9,53.5,19.6
2017-06-13,40.2,19,36.2,46.1,58.3,19.4
2017-06-14,32.8,20.8,29,47.6,46.3,19.5
2017-06-15,36.3,11.8,32.5,50.6,47.9,19.4
2017-06-16,48.4,18.7,37.4,57,72.3,19.5
2017-06-17,58.3,24.3,39.5,53.1,39.2,19.5
2017-06-18,49.2,17.3,43.4,47.4,64.1,19.4
2017-06-19,38.6,20.8,36.4,52.6,50.1,19.6
2017-06-20,38.8,17.5,34.4,49.1,48.6,19.4
2017-06-21,50.7,18.3,49.8,57.8,55.2,19.4
2017-06-22,37.4,15.2,36.5,56.7,54,19.3
2017-06-23,40.3,24.5,33.1,47.9,61.1,19.5
2017-06-24,34.9,15.6,47.7,56.9,54.4,19.4
2017-06-25,48.1,17.4,39.4,59.3,51.7,19.4
2017-06-26,47.5,16.8,40.5,48.1,46.1,19.3
2017-06-27,44.4,11.5,47.3,41.8,41,19.2
2017-06-28,49.5,15.7,31,47.1,58,19.2
2017-06-29,38.7,15.9,41.2,49.3,45.3,19.4
2017-06-30,33.5,19.3,36.2,53.8,38.1,19.5
2017-07-01,55.1,15.8,52.4,49.1,60.2,19.5
2017-07-02,48.5,18.3,42.7,50.9,60.9,19.5
2017-07-03,47.6,23,38.4,52.2,60.7,19.3
2017-07-04,48.4,22.4,46.5,57,58.6,19.5
2017-07-05,49,21.5,56,52.9,70.3,19.6
2017-07-06,55.7,14.4,47.5,49.4,59.5,19.5
2017-07-07,40.9,18.6,32.7,52.5,54.1,19.3
2017-07-08,41.9,16.7,42.9,52.5,49.1,19.5
2017-07-09,31.9,17.1,38.3,46.2,43.2,19.5
2017-07-10,46.4,20.8,42.8,51.4,66.2,19.6
2017-07-11,41.6,11.9,27.2,43.7,29.4,19.1
2017-07-12,37.9,19.8,29.3,41.8,53,19.3
2017-07-13,62.3,20.4,49.4,54.4,70.4,19.6
2017-07-14,55.9,21.4,43.4,56.6,51.8,19.4
2017-07-15,52.3,20.6,49.7,55.4,62,19.3
2017-07-16,41.9,16.1,49.6,51.6,64.8,19.6
2017-07-17,43.7,22,39.9,47.4,53.3,19.4
2017-07-18,37.7,21.7,44.5,44.8,49.1,19.6
2017-07-19,37.8,20.3,42.6,51,46.6,19.5
2017-07-20,45.2,20.6,38.4,55.1,60.9,19.5
2017-07-21,44.5,14.7,36.8,50.9,45.3,19.2
2017-07-22,39.6,20.7,46.7,52.3,50.1,19.6
2017-07-23,51,18.6,45.7,46.5,49.3,19.6
2017-07-24,50.4,19.9,45.7,54.1,54.4,19.4
2017-07-25,53.3,22.8,45.8,53.5,48.9,19.4
2017-07-26,40.5,19.8,30.3,52,35,19.5
2017-07-27,48,19,44.4,55.8,37.8,19.5
2017-07-28,44.9,21,48.5,55.2,64.6,19.6
2017-07-29,41,20,45.6,60.5,55.7,19.5
2017-07-30,41.7,24.5,41.6,44.1,42,19.5
2017-07-31,44.5,15.6,34.1,52.4,44.9,19.2
2017-08-01,52.1,20.7,35.7,46.3,59.4,19.4
2017-08-02,40.4,17.5,42.9,51.3,40.7,19.6
2017-08-03,57.8,23.2,45,52.2,53.7,19.6
2017-08-04,47.3,17.5,41.5,58.7,64.5,19.5
2017-08-05,48.7,15.1,45.3,53,52.7,19.6
2017-08-06,42.6,23.6,48.8,47.8,53.9,19.5
2017-08-07,42.9,18.9,37.7,54.4,45.7,19.5
2017-08-08,48.9,20.5,43.4,57.6,57.1,19.4
2017-08-09,51,15.4,37.9,55.7,43.1,19.5
2017-08-10,38.3,17.8,39.2,48.5,41.4,19.4
2017-08-11,51.8,21.4,40.6,55.9,47.4,19.5
2017-08-12,48.5,20.3,47.6,60.5,66.8,19.7
2017-08-13,61.2,21.7,48.8,62.9,65.9,19.6
2017-08-14,51.4,29.7,59.1,59.9,61.6,19.7
2017-08-15,56.3,24,46.1,54.5,65.2,19.7
2017-08-16,51.4,22.3,44.8,48.8,70.2,19.8
2017-08-17,52.6,18.8,34.7,53.3,54.5,19.5
2017-08-18,36,16.5,28.5,49.4,47.1,19.8
2017-08-19,59.1,23.5,47,59.4,57.4,19.7
2017-08-20,38.1,19.8,34,43.4,50.3,19.5
2017-08-21,45.5,21.4,49.8,52.8,71.8,19.6
2017-08-22,45.7,18.2,48.3,51.2,54.2,19.6
2017-08-23,57.7,27.1,46.6,55.2,76.9,19.5
2017-08-24,51.4,22.2,44.8,56.1,62.6,19.7
2017-08-25,56.5,20.8,47.1,57.7,55.7,19.6
2017-08-26,51.9,18.8,46,53.5,56.3,19.5
2017-08-27,52.5,22.1,42.3,49.9,57.8,19.6
2017-08-28,43.7,17.3,41,44.3,46.4,19.5
2017-08-29,50.5,20.5,50.4,58.5,55.1,19.6
2017-08-30,49.5,22.3,43.7,55.6,48.8,19.5
2017-08-31,50,18.4,53.8,57.6,46.8,19.4
2017-09-01,51,14,43.1,44.9,65.7,19.6
2017-09-02,45.6,20,43.7,48.5,53.7,19.6
2017-09-03,51.9,20.1,36.5,49.8,60.5,19.4
2017-09-04,31.3,14.2,32.7,48.8,42.3,19.6
2017-09-05,52.6,17.4,41.1,53.4,57.6,19.8
2017-09-06,45.1,22.6,49.2,57.1,48.5,19.7
2017-09-07,44.6,17.8,40.2,52.9,51.3,19.5
2017-09-08,48.3,24,52.7,52.7,58,19.7
2017-09-09,61.9,26.9,41,52.1,56.8,19.8
2017-09-10,54.4,16.6,42.4,56.8,72,19.9
2017-09-11,42.2,14.4,28.1,52,41.1,19.5
2017-09-12,47.1,22.6,42.4,51.2,40.3,19.5
2017-09-13,49.4,19.7,48.5,51.2,54.5,19.7
2017-09-14,44.9,18,30.1,58.6,54.6,19.6
2017-09-15,59.7,28.5,50.6,55,68.8,19.8
2017-09-16,39.3,16.9,47.3,56.9,43.3,19.6
2017-09-17,42.1,21.9,45.8,53.9,64.6,19.7
2017-09-18,44.9,16.3,56.5,59.8,66,19.7
2017-09-19,46,25.1,40.5,54.1,55.7,19.7
2017-09-20,46.5,23.7,34.1,55.7,68.2,19.8
2017-09-21,47.3,22.4,44.5,54.6,46.4,19.8
2017-09-22,43.8,17.8,34.9,56.9,53.2,19.7
2017-09-23,60.5,25.5,60.7,56.6,63.3,19.8
2017-09-24,58.2,24.3,36.4,55.8,55.2,19.6
2017-09-25,55.7,23.5,51.5,58.9,63.9,19.7
2017-09-26,43.2,20.2,39.3,56.6,60.7,19.7
2017-09-27,70.2,24.6,49,56.8,66.9,19.7
2017-09-28,41.2,21.2,43.4,53.6,41.7,19.7
2017-09-29,54.1,14.3,42.2,46.5,72.3,19.5
2017-09-30,42.4,24.5,43.4,52.4,63.3,19.7
2017-10-01,33.3,21.2,25.8,54.8,57.4,19.8
2017-10-02,54.8,24.4,44.6,47.9,54.8,19.7
2017-10-03,45.9,20.3,42.9,59,55.7,19.7
2017-10-04,50.1,19.3,42.5,57.5,54.8,19.8
2017-10-05,62.7,27.7,46,52.5,63.4,20
2017-10-06,55.8,20.1,42.7,53.7,50.5,19.5
2017-10-07,52.8,23.8,49.8,54.7,70.7,19.6
2017-10-08,43.2,15.3,53.2,52.4,54.3,19.7
2017-10-09,61.6,23.7,51.1,59,56.8,19.6
2017-10-10,60.9,25.6,37.3,55.9,65.7,19.7
2017-10-11,59.9,23.9,62.2,53.4,70.2,19.9
2017-10-12,59.3,23.8,36.5,60.5,58.5,19.7
2017-10-13,53.9,20.2,59.6,60,61.5,19.7
2017-10-14,50.8,21.7,40.7,58.3,60.3,19.7
2017-10-15,39,17.3,35.4,54.2,50.6,19.6
2017-10-16,50.2,25.6,58.1,61.4,65.5,19.9
2017-10-17,48.6,24,41.6,53.3,68.7,19.6
2017-10-18,60,24.7,57.9,62.6,71.4,19.7
2017-10-19,57.7,25.1,52.7,57.3,59,19.9
2017-10-20,57.4,23.1,48.1,60.7,52.7,19.5
2017-10-21,58.3,27.8,41.6,56.4,77.2,19.7
2017-10-22,56,28,49.4,53.4,62.8,19.7
2017-10-23,51.3,17.6,37.7,55.8,62.6,19.6
2017-10-24,58.9,26.6,60.1,60.9,76.2,19.6
2017-10-25,69.7,30.9,53.9,61.9,61.8,19.6
2017-10-26,53.6,33.1,59.5,58.9,75.5,19.6
2017-10-27,60.3,27.9,52.1,58.6,86.1,19.8
2017-10-28,54.7,20.4,44.5,56.1,58.7,19.5
2017-10-29,54.9,22.4,48.2,55.2,54.6,19.5
2017-10-30,37.6,22.4,50,56.1,46.3,19.4
2017-10-31,57.9,24.4,50.6,51.3,69.8,19.8
2017-11-01,51.6,28.1,40.5,53.6,51.1,19.7
2017-11-02,51,24.2,40.2,57.7,65.5,19.6
2017-11-03,49.2,21.5,52.6,57.1,56.7,19.8
2017-11-04,47.3,28.8,44.4,54.7,56.5,19.8
2017-11-05,65.4,25.4,52.2,61.5,78.7,19.7
2017-11-06,53.8,28.1,61.6,64.3,60.3,19.8
2017-11-07,44.6,20.4,34.5,52.8,55.3,19.4
2017-11-08,57.6,29.5,62,67.4,68.7,19.6
2017-11-09,58.9,26.9,56.4,59.5,51.3,19.6
2017-11-10,49.2,20.6,59.6,61.7,67.6,19.6
2017-11-11,70,25.5,58.5,59.7,76.5,19.8
2017-11-12,53,28.5,55.9,56.6,59.3,19.8
2017-11-13,51.1,22.6,49.9,53.5,58.6,19.6
2017-11-14,54.5,20.8,54.4,58.2,72.7,19.6
2017-11-15,35.6,20.8,43.6,52.9,61.5,19.6
2017-11-16,59.6,28.5,59,64,71.8,19.7
2017-11-17,70.6,25.1,51.7,60.1,64.8,19.6
2017-11-18,55.4,20.1,52.7,58.1,63.9,19.8
2017-11-19,62.9,26.7,57.3,58.2,71.1,19.6
2017-11-20,60.9,26.1,59.1,53.8,56.6,19.6
2017-11-21,57.8,24.7,40,64.3,64.7,19.7
2017-11-22,65.1,26,55.2,62.1,71,19.8
2017-11-23,60.8,21.7,55.4,57.9,65.7,19.7
2017-11-24,39.9,24.6,48.6,52.2,58.4,19.7
2017-11-25,51.8,27,61.3,62.5,69,19.7
2017-11-26,54.2,27.5,53,55.4,74.5,19.8
2017-11-27,59.5,27.9,57.3,64.4,55.4,19.7
2017-11-28,64.1,22.9,45.2,67.8,56.1,19.8
2017-11-29,58.2,30.6,47.9,68.2,66.9,19.8
2017-11-30,62.4,24.1,52.3,65.9,60.2,19.5
2017-12-01,55.7,27.2,46.6,55.9,71.2,19.8
2017-12-02,54.6,22.8,47,56.5,63.5,19.6
2017-12-03,54.2,25.5,51.6,56.9,79,19.8
2017-12-04,56.3,33.1,53.6,61,72.4,19.8
2017-12-05,66.4,25.5,61,60.2,66.4,19.6
2017-12-06,59.5,27.1,60.4,55.4,68.4,19.7
2017-12-07,60.5,29.3,51.1,58.4,52.2,19.5
2017-12-08,62.7,24.5,53.3,61.8,69.8,19.7
2017-12-09,51.1,18.3,51.1,53.7,54.7,19.7
2017-12-10,56.8,26.4,51.5,55.4,77,19.6
2017-12-11,61.6,30.4,64,65.5,78.5,19.6
2017-12-12,46.7,24.9,64,64.7,68.1,19.7
2017-12-13,48.7,20.4,51.2,49.5,86.6,19.5
2017-12-14,53.5,26.4,53.5,57.9,71,19.7
2017-12-15,56.1,23.3,55.5,55.4,61.9,19.5
2017-12-16,61.7,23,47,56.9,71.3,19.4
2017-12-17,57.4,22.8,59.7,59.2,53.3,19.5
2017-12-18,63,20.5,66.4,69.4,62.9,19.5
2017-12-19,46.3,19.6,55,57.7,52.2,19.2
2017-12-20,59.2,18.3,47.6,54.1,79.4,19.4
2017-12-21,68,27.2,51.8,57.8,73.3,19.6
2017-12-22,57,31.3,69.5,59.9,81.4,19.7
2017-12-23,59.8,29.2,49.5,61.2,81.3,19.6
2017-12-24,64.1,25.4,55.2,57.3,70.5,19.5
2017-12-25,66.9,30.9,44.5,65.1,68.7,19.4
2017-12-26,43.1,25.3,44.1,59.9,69.3,19.5
2017-12-27,67.5,25.9,68.7,64.8,61.1,19.5
2017-12-28,56.5,24.2,53.6,67.9,62.3,19.5
2017-12-29,44.1,25.5,39.4,60.5,65.5,19.4
2017-12-30,63,25.7,60.4,61.2,67.3,19.5
2017-12-31,53.2,24,57.4,58.2,59.8,19.5
2018-01-01,60.2,20.9,64.2,59.1,73.9,19.4
2018-01-02,59.1,22.5,63.3,57.9,77,19.6
2018-01-03,57.3,27.8,66.7,61.3,63.9,19.5
2018-01-04,46.3,18.7,52.9,54,47.2,19.2
2018-01-05,58.6,20.8,41.2,59.4,71,19.6
2018-01-06,53.4,24.4,37,56,69.9,19.2
2018-01-07,70.3,20.7,53.4,63.2,81.5,19.3
2018-01-08,52.2,27,45.3,54.4,61.7,19.4
2018-01-09,45,20.7,42.7,53.2,64.2,19.4
2018-01-10,58.7,27.6,54.9,56.3,78.9,19.3
2018-01-11,60.1,28.3,50,63,60.9,19.4
2018-01-12,42.6,22.8,44.3,58.3,65.4,19.5
2018-01-13,47.7,26.5,49.5,55.2,69.1,19.4
2018-01-14,61.1,26.8,57.7,58,73.4,19.5
2018-01-15,52.9,21.6,56.7,60.2,74.1,19.1
2018-01-16,57.9,17.3,39,54,56.3,19.3
2018-01-17,69.9,31.8,65.5,66.2,80.8,19.5
2018-01-18,44.7,31.6,45,55,70.8,19.4
2018-01-19,58.9,23.6,44.5,56.8,62.7,19.2
2018-01-20,54.8,24.8,61.7,62.4,67.3,19.3
2018-01-21,58.2,25.2,36.4,59,71.2,19.2
2018-01-22,57.4,30.2,57.9,57.3,64.6,19.3
2018-01-23,63.3,25.9,59.1,57.2,75.1,19.4
2018-01-24,61.8,26.9,54.9,61.2,64.3,19.3
2018-01-25,49,25.5,51.9,53.9,66.1,19.3
2018-01-26,47.9,23.4,48.8,58.6,53.9,19.3
2018-01-27,69.9,25.6,59.4,64.7,68.9,19.3
2018-01-28,52.9,18.8,45.8,62.6,67.5,19.4
2018-01-29,70.2,26.9,56.4,60.7,62.8,19.4
2018-01-30,46.2,20.9,58.9,59.4,54.4,19.4
2018-01-31,59.4,25.2,54.4,58.9,68.9,19.5
2018-02-01,59.8,24.5,46.3,54.4,70.4,19.5
2018-02-02,57.9,26.1,61.7,56.6,74.4,19.5
2018-02-03,55.5,27.1,54.3,61.7,58.1,19.5
2018-02-04,49,22.7,40.6,55.3,69.3,19.5
2018-02-05,43.6,24.8,44.4,55,60.2,19.2
2018-02-06,52.9,26.6,55.4,57.7,76.5,19.5
2018-02-07,63.7,21.4,50.4,56.6,65.8,19.6
2018-02-08,42.5,24.9,47.5,55,45.4,19.5
2018-02-09,44.8,20.5,50.8,51.3,62.9,19.3
2018-02-10,47.1,27.5,55.1,59.2,59.1,19.3
2018-02-11,48.8,23.2,46.7,54.5,69.9,19.6
2018-02-12,47.6,22.9,34.4,55.7,56.9,19.4
2018-02-13,53.8,31.2,56.6,59.8,70.3,19.5
2018-02-14,59.8,21.7,53.4,59.1,79.8,19.4
2018-02-15,48.5,21.8,59.5,56.9,69.3,19.5
2018-02-16,64.9,28.1,45.4,63.7,70.9,19.5
2018-02-17,54.5,27.1,53.3,51.8,65.9,19.5
2018-02-18,56.9,25.2,52.3,56.1,69.9,19.4
2018-02-19,47,19.8,37.3,51.1,52.8,19.5
2018-02-20,58.5,25.2,60.3,58,64.5,19.7
2018-02-21,54.5,26.1,49.3,55,69.9,19.6
2018-02-22,50.6,26.5,54.6,59.8,58.2,19.7
2018-02-23,61,23.3,49.2,57.2,69.9,19.6
2018-02-24,52.8,21.2,40.5,55.8,62.1,19.6
2018-02-25,47.2,27.8,40.6,53.8,65,19.3
2018-02-26,56.7,26.3,44.1,60.8,72,19.5
2018-02-27,43.8,21.4,51.9,52.4,66.2,19.6
2018-02-28,57.6,28.9,55.4,58.3,57,19.6
2018-03-01,44,22.1,48,52.6,63.5,19.4
2018-03-02,41.3,31.4,45.1,59.7,52.9,19.5
2018-03-03,46.2,20.7,43.6,52,57.4,19.7
2018-03-04,45.7,23.7,53.5,54.9,48.6,19.5
2018-03-05,68.8,27.1,53.1,59.5,71.2,19.6
2018-03-06,48.3,24.3,59.9,56.3,60.5,19.5
2018-03-07,52.6,20.7,45.9,56.3,68.2,19.4
2018-03-08,60.8,22,48.6,68,71.4,19.5
2018-03-09,48.7,19.8,53.5,54.2,60.3,19.5
2018-03-10,66.5,23.9,44.2,61.3,74.9,19.6
2018-03-11,54.9,20.4,44.8,59.2,66.1,19.4
2018-03-12,50.4,21.7,60.3,56.3,84.1,19.4
2018-03-13,53.5,24.7,41.6,62.9,64.2,19.4
2018-03-14,55.6,23.6,52.6,57.7,59.7,19.3
2018-03-15,54,24.3,43.9,56.5,66.6,19.3
2018-03-16,59.2,21,62.7,53.5,66.5,19.6
2018-03-17,58.9,22.4,52.1,53.7,64.5,19.3
2018-03-18,59.9,25.1,42.8,60.2,72.7,19.3
2018-03-19,45.4,24.3,53.4,58.7,54.7,19.3
2018-03-20,60.2,21.3,47.8,63,62.9,19.3
2018-03-21,56.3,29.3,44.2,61.8,66.5,19.3
2018-03-22,43.4,22.5,45,53.1,37.2,19.2
2018-03-23,61.3,27,44.7,61.8,68.5,19.4
2018-03-24,62.3,21.2,35.5,55.5,54.8,19.3
2018-03-25,71.3,27.9,46.5,62.1,69.8,19.4
2018-03-26,56.9,25.9,38.2,56.3,61.5,19.2
2018-03-27,53.6,22.7,45.4,52.1,48.2,19.2
2018-03-28,58.5,25.3,38.7,52.6,57.1,19.1
2018-03-29,66.2,26.8,47.9,53.2,63.4,19.4
2018-03-30,42.9,18.5,54.1,52.9,49,19
2018-03-31,51.7,18.7,40.3,47.4,50.3,19.2
2018-04-01,60.2,19.9,48.5,55.8,55.2,19.5
2018-04-02,54.7,17.9,48.9,NA,71.7,19.2
2018-04-03,52.4,22.4,49.6,NA,55.4,19.3
2018-04-04,46.4,22.5,36,NA,47.3,19.3
2018-04-05,42.7,21.6,41,NA,62.6,19.2
2018-04-06,42.1,17.8,50.4,NA,55,19.2
2018-04-07,52.4,22.9,43,NA,73.3,19.2
2018-04-08,53.7,27.9,46.5,NA,52.3,19.3
2018-04-09,47.6,22.2,35.5,NA,61.3,19.2
2018-04-10,54.9,17.2,51.4,NA,53.7,19.2
2018-04-11,58.7,15.5,37.7,NA,56,19.3
2018-04-12,33.7,21.1,37.3,NA,46.5,19
2018-04-13,54.3,20.8,42.2,NA,38.8,19
2018-04-14,NA,20.4,31.9,NA,50.6,19.2
2018-04-15,NA,20.8,50.7,NA,49.6,19.2
2018-04-16,NA,23.7,49.7,NA,57.3,19.2
2018-04-17,NA,21.3,50.1,NA,49.2,19
2018-04-18,NA,20.1,33.8,NA,63.2,19.1
2018-04-19,NA,17.7,48.7,NA,44.7,19.1
2018-04-20,NA,20.6,48.1,NA,42.3,19.2
2018-04-21,NA,21.2,30.1,47.8,48.7,19
2018-04-22,NA,15.6,41.5,55.3,44.1,19
2018-04-23,NA,19.5,34,48.4,44.5,19
2018-04-24,45.2,26.5,53.8,59.3,78.2,19.1
2018-04-25,34.6,18.7,33.4,48.4,40.2,19.1
2018-04-26,59,19.9,47.6,59.4,55.1,19.1
2018-04-27,58.1,22.4,48.5,54.6,51.3,19.1
2018-04-28,53.6,20.3,33.5,49.4,57.5,19.1
2018-04-29,48.1,21,43.9,51.1,57.3,19.2
2018-04-30,37.4,23.3,44.2,52.5,61.8,19
2018-05-01,56.2,20.3,43.1,53.6,57.3,19
2018-05-02,51.9,20,45.1,55.2,49.4,19.2
2018-05-03,40.9,20.4,33.1,54.9,56.4,19.1
2018-05-04,37,16.7,37.6,50.1,47.9,19
2018-05-05,55.3,20.4,42.1,51.4,55.5,19.1
2018-05-06,53,22.4,41.2,57.5,60.4,19.3
2018-05-07,49.2,21.8,41.8,52.2,55.6,19
2018-05-08,42.6,23.2,37.3,56.5,54.5,19.3
2018-05-09,30.5,17.9,29.4,40.5,55.7,19.1
2018-05-10,38.5,16.9,39.8,51.4,60.6,19
2018-05-11,59.3,22.1,40.8,50.3,53.7,19.2
2018-05-12,51.9,22.3,46.7,58,59.1,19.1
2018-05-13,37.1,20.8,36,49.1,56.2,18.8
2018-05-14,47.6,21.9,31.4,47.1,46.4,19.1
2018-05-15,47.3,19.9,52.3,57.2,59.3,19.2
2018-05-16,48.3,18.4,37.3,51.6,62.8,19.1
2018-05-17,46.1,18.2,32.8,57.6,56,19.2
2018-05-18,51.2,21.3,50,53.9,52.7,19.2
2018-05-19,62.8,22.7,59.1,62.3,55.4,19.3
2018-05-20,48.1,13.2,39.9,45.8,61.8,19.2
2018-05-21,44.2,20.1,33.1,51.3,60.3,19.1
2018-05-22,36.3,18.8,32.8,44.5,49.1,19.1
2018-05-23,55.7,20.7,44.6,53.5,44.6,19.3
2018-05-24,49.1,15.4,41.4,50.6,66,19.2
2018-05-25,46.6,18,39.3,51.8,59.7,19.2
2018-05-26,54.5,20.8,30.3,45.4,51.3,19.1
2018-05-27,45.3,17.9,40.5,55.3,61.5,19.3
2018-05-28,55.2,23.6,44.2,54.9,66.5,19.1
2018-05-29,44.1,23.5,44.6,41.1,45.9,19.1
2018-05-30,38.2,18.6,42.1,50.8,67.3,19
2018-05-31,44.7,20,39.5,55.4,59.1,19.2
2018-06-01,53,16.4,46.8,58.8,57.8,19.2
2018-06-02,51,21,48,55.9,66.8,19.1
2018-06-03,38,18.7,31.7,52.2,42.8,19.2
2018-06-04,30.5,15.5,29.8,43.7,48.4,18.7
2018-06-05,32.4,15.6,28.6,49.5,43.9,19.1
2018-06-06,59,24,48.2,52.6,59.9,19.2
2018-06-07,33.4,20.7,30.4,49.9,50.9,19.2
2018-06-08,57.4,18.9,40.9,46.9,53,19.2
2018-06-09,39.9,21.3,42.1,54.9,54.2,19.2
2018-06-10,42.6,18.3,37.1,56.1,52.2,19.1
2018-06-11,40,21.1,32.5,54.6,46.6,19.3
2018-06-12,44.3,22.1,31.2,51.6,48.7,19.1
2018-06-13,47.1,15.5,31.3,NA,41.4,19.2
2018-06-14,39,18,32.8,NA,46.7,19
2018-06-15,44,21.9,46.6,NA,55.5,19
2018-06-16,45,17.2,31.2,NA,66.5,19.2
2018-06-17,34.7,21.9,45.1,NA,46.2,19.2
2018-06-18,42.5,15.6,45.9,NA,58.7,19.4
2018-06-19,40.2,20,39.3,NA,50.7,19.3
2018-06-20,33.7,18.6,39.8,52.3,37.5,19.3
2018-06-21,29.4,19.5,20.5,44.3,50.1,19.4
2018-06-22,41.7,18.6,34.9,48.7,39.8,19.4
2018-06-23,41,13.7,36.8,51.4,45.2,19.2
2018-06-24,44.8,20.8,48.7,54.2,42.5,19.2
2018-06-25,37.2,20.1,20.5,46.5,45.9,19.1
2018-06-26,44.1,21,41.8,53.6,52.1,19.4
2018-06-27,45,19.3,38.3,61.9,55.8,19.3
2018-06-28,53.4,22.8,36.8,50.8,52.3,19.3
2018-06-29,39,19,39,43.3,61.7,18.8
2018-06-30,49.2,18.2,38.7,54.6,60.2,19.1
2018-07-01,52.1,25.7,47,55.5,48.9,19.3
2018-07-02,58.9,20.9,38.7,51.6,60.7,19.2
2018-07-03,40.7,17.5,34.5,49.5,52.7,19.3
2018-07-04,37.3,18.6,38.5,49.2,53.5,19.1
2018-07-05,43.3,20.5,49.7,45.9,47.8,19.3
2018-07-06,30.2,20.9,35.5,49.8,52.5,19.1
2018-07-07,52.5,20.5,37.4,48.4,63.9,19.2
2018-07-08,50,20.5,48.1,49.9,59.3,19.4
2018-07-09,48.2,18.6,51.3,50.5,49,19.2
2018-07-10,42.4,21.2,44,55.2,55.9,19.3
2018-07-11,26.1,16.7,44.1,42.6,49,19.1
2018-07-12,48.5,21.9,45.1,51.1,59.4,19.3
2018-07-13,40.2,19.7,49.5,56.2,58.7,19.2
2018-07-14,58.5,20.4,48.5,48.3,70.9,19.3
2018-07-15,48.9,25,48.6,51.7,48.7,19.3
2018-07-16,41,20.3,40.3,47.7,50.1,18.9
2018-07-17,47.7,21.6,45,52.7,61.6,19.4
2018-07-18,36.9,19.9,49.6,57.3,61.4,19.4
2018-07-19,38.9,16.7,28.1,47.4,59.3,19.1
2018-07-20,46.4,21.7,46.5,52.5,49,19.3
2018-07-21,49.5,20.5,39.9,50.8,73.1,19.3
2018-07-22,49.1,18.4,39.5,55.1,44.1,19.4
2018-07-23,44.5,11.3,34.4,55.4,57.8,19.1
2018-07-24,32.7,12.4,26.6,52.8,52.6,19.2
2018-07-25,31.4,21.3,35,47.6,40.3,19.3
2018-07-26,43.6,19.6,38.1,59.1,60.3,19.3
2018-07-27,39.3,19.3,30.6,51.7,57.6,19.3
2018-07-28,44.4,20,37.7,40.9,49.2,19.2
2018-07-29,40.9,24.7,31,59.4,58.4,19.4
2018-07-30,41.1,22.9,33.7,56.1,42.8,19.5
2018-07-31,49.7,14.2,48.2,53.3,62.2,19.3
2018-08-01,37.1,24.7,36.8,50,48,19
2018-08-02,44.7,16.3,37.3,46.2,46.3,19.2
2018-08-03,42.5,18.1,48.4,56.6,61.5,19.5
2018-08-04,36.2,13.7,36.3,49.8,35.4,19.2
2018-08-05,48.1,20.2,38.9,55.3,66.8,19.4
2018-08-06,48.1,18.2,30.2,53,61.6,19.4
2018-08-07,53.6,18,56.3,60.1,59.9,19.3
2018-08-08,37.9,13.2,37.1,54.5,37.4,19.3
2018-08-09,34.1,17.4,32.9,51.6,46.5,19.3
2018-08-10,45.2,17.8,45.9,56.4,48.1,19.3
2018-08-11,31.6,13.8,22.2,47.7,30.9,19.3
2018-08-12,48.7,13,45.3,59.5,46,19.4
2018-08-13,55.8,21.1,45.8,54.7,46.3,19.3
2018-08-14,59.8,20.9,47.2,59.4,49.6,19.4
2018-08-15,42.9,20.8,35.3,53,35.8,19.1
2018-08-16,50.8,18.1,37.9,48.3,47.3,19.3
2018-08-17,61.1,18.6,51.6,54.8,46.9,19.5
2018-08-18,62.3,21.4,41,52.2,58.7,19.6
2018-08-19,46,20.9,48.4,49.7,54.4,19.5
2018-08-20,39.6,19.2,33.4,48,42.7,19.4
2018-08-21,31.9,21.3,28.9,55.2,51.9,19.4
2018-08-22,40.2,18.7,46.9,54,57.6,19.4
2018-08-23,33,16.2,27.5,51.2,45.8,19.4
2018-08-24,42.8,23.1,35.3,51.6,48.6,19.4
2018-08-25,54.5,21.1,58.6,64.8,61.6,19.4
2018-08-26,48.9,19.8,49.4,56,50,19.2
2018-08-27,54,16.9,45.2,45.7,50,19.3
2018-08-28,35.9,17.6,29.8,44.1,46.3,19
2018-08-29,47.6,22.5,25.9,58.3,56.1,19.2
2018-08-30,61.9,24.7,43.6,66.9,70.5,19.5
2018-08-31,52.1,23.7,37.6,51.7,63.3,19.3
2018-09-01,44.4,25.2,44.5,55.3,54,19.3
2018-09-02,51.6,21.4,58.3,56.5,56.1,19.2
2018-09-03,52.3,22.1,45.7,53.1,46.6,19.3
2018-09-04,54.3,21.8,44.7,55.4,53.3,19.4
2018-09-05,31,19.8,43.5,53.6,69.2,19.3
2018-09-06,52.7,18.3,46.6,58.1,58.8,19.2
2018-09-07,46.4,20.7,52.9,51.8,54.9,19.2
2018-09-08,41,18.7,29.1,55.6,48.4,19.2
2018-09-09,57.2,17.7,42,52.4,43.2,19.5
2018-09-10,41.2,20.8,51.8,53,53,19.3
2018-09-11,58.5,21.2,45.4,50.8,50.3,19.5
2018-09-12,42,21.8,37.4,54.8,59.2,19.2
2018-09-13,51.7,24.1,45.1,58.3,53.5,19.2
2018-09-14,49.1,19.5,46.6,47.1,48.8,19.3
2018-09-15,44.5,22.5,50.3,57.1,47.6,19.2
2018-09-16,48.2,22.2,38.7,50.9,56.3,19.3
2018-09-17,53.4,19.9,27.1,58.5,50,19.3
2018-09-18,54.2,23.7,41.7,58.5,53.8,19.3
2018-09-19,44.8,17.8,59.8,59.6,58.1,19.3
2018-09-20,47.9,24.3,60.8,61.2,60.1,19.3
2018-09-21,47.4,18.3,35.9,53.3,71.3,19.3
2018-09-22,44.5,19,45.3,55.3,64.3,19.2
2018-09-23,64.9,22.9,68.8,60.1,66.9,19.5
2018-09-24,31.6,16.5,37.6,49.6,43.5,19.1
2018-09-25,51.9,19.1,47.4,56.2,59.3,19.4
2018-09-26,48.8,21.3,46.9,52.3,49.9,19.4
2018-09-27,50.6,18.6,44.3,47.7,67.1,19.2
2018-09-28,66.4,22.9,35.4,59.5,67.8,19.2
2018-09-29,33.9,16.2,52.8,48.6,54.8,19.3
2018-09-30,46.2,23.5,46.7,50.9,64.9,19.1
2018-10-01,44,17.5,42.9,53.3,47,18.9
2018-10-02,49.5,19.4,41.8,53.1,61.8,19.1
2018-10-03,46.6,25,38.5,59.3,65.1,19.1
2018-10-04,47.5,19.6,43.8,57.2,48.2,19.2
2018-10-05,73.4,22.5,44.6,56.8,57,19.1
2018-10-06,46.6,21.5,27.7,47,52.9,18.9
2018-10-07,46.3,25.8,58.4,58.1,62.4,19.4
2018-10-08,48.8,21.1,48.1,64.2,60.1,19.2
2018-10-09,54.9,20.9,45.2,47.5,60.7,19.2
2018-10-10,39.9,13.6,32.3,49.1,44.8,19
2018-10-11,50.8,18.6,42.1,54.3,59.5,19.2
2018-10-12,50,23.1,44.8,46.8,75.7,19.2
2018-10-13,47.7,19,42.4,63.7,67.5,19.1
2018-10-14,54.3,18.4,42,52.7,60.2,19.1
2018-10-15,53.5,18.9,43.7,52.6,50,19.4
2018-10-16,51.2,15.8,47.8,49.7,70.7,19.3
2018-10-17,52.2,24.6,57.3,55.3,53.5,19.5
2018-10-18,56.4,24.3,45.8,61.5,63.8,19.5
2018-10-19,66.9,28,59.4,62.6,86.8,19.5
2018-10-20,58.6,26.2,58.3,52.9,63.4,19.2
2018-10-21,45.1,23.9,50.5,57.4,51.4,19.2
2018-10-22,65.8,23.7,46.2,62.5,72.6,19.1
2018-10-23,50.2,25.7,43.2,60.8,54.9,19.3
2018-10-24,51.7,17.3,53.3,60.7,60.2,19.2
2018-10-25,48.4,20.3,41.4,56.3,52.4,19.3
2018-10-26,67.2,26.9,51.9,68.7,66.4,19.3
2018-10-27,38.5,21.8,52.7,58.9,60.9,19.4
2018-10-28,62.9,25.8,50.6,56.7,65.7,19.2
2018-10-29,54.2,24.9,49.6,55.8,55.3,19.5
2018-10-30,53,32.6,62.5,57.7,82.1,19.5
2018-10-31,54.1,19.7,46.7,53.6,60.3,19.1
2018-11-01,49.4,26.7,47.7,59,51.1,19.6
2018-11-02,63.1,25.3,46.9,59,76.7,19.3
2018-11-03,44.8,24.4,59.7,54,71.2,19.2
2018-11-04,49.2,30.6,31.3,59.3,77.1,19.1
2018-11-05,56.6,27.3,45.9,56.5,61.1,19.5
2018-11-06,48.5,21.7,48,51.1,61.8,19.3
2018-11-07,59.6,24.9,64.1,70.3,61.2,19.3
2018-11-08,59.1,29.1,52.6,58.6,65.9,19.4
2018-11-09,58.9,25.8,40.9,59.2,59.5,19.4
2018-11-10,63.4,28.5,64.7,63.1,62.2,19.5
2018-11-11,57.5,24.4,56.3,64.5,70.7,19.4
2018-11-12,56.6,27.9,51.5,65.7,56.3,19.3
2018-11-13,53.6,24.5,50.7,54.3,54.8,19.2
2018-11-14,66,28.9,54.6,60.3,70.3,19.4
2018-11-15,53.6,22.5,50.5,57.5,51.1,19.2
2018-11-16,63.7,22.6,41.9,58.1,62.5,19.2
2018-11-17,48.2,27,46,58.1,79.6,19.5
2018-11-18,49.9,24.3,41.7,62,64.7,19.2
2018-11-19,54.1,25.5,52.7,61.6,57.1,19.3
2018-11-20,50.9,24.2,61.4,57.1,72.5,19.4
2018-11-21,53.7,24,36.5,50.1,40.9,19.4
2018-11-22,51,24,47.8,57.9,56.9,19.4
2018-11-23,57.4,23,58.7,54.6,80.8,19.3
2018-11-24,56.8,24.5,69.7,64.6,80.2,19.6
2018-11-25,58.9,18.9,53.2,59.4,67.2,19.5
2018-11-26,58.3,24.9,55.8,61.4,69.6,19.4
2018-11-27,58.1,26.6,51.1,60.8,72.7,19.6
2018-11-28,49.7,25,54.3,55.7,59.6,19.2
2018-11-29,53.5,21.6,49.9,59.1,43.9,19.4
2018-11-30,56.2,31.4,55.8,61.4,68.5,19.6
2018-12-01,63.9,25.5,38.9,64.7,67.7,19.6
2018-12-02,55.9,25.9,47.9,57,68.6,19.5
2018-12-03,50.1,18.9,49.6,59.7,49.2,19.4
2018-12-04,58.5,26.2,57.6,57.6,74,19.7
2018-12-05,60.9,24.7,44.7,56.8,72,19.6
2018-12-06,67.5,30.1,61,67.8,80.1,19.5
2018-12-07,67.9,26.4,50.6,57.1,75.5,19.6
2018-12-08,59,25.4,60.9,62,84.1,19.6
2018-12-09,50.7,24.7,58.7,54.4,62.7,19.6
2018-12-10,52.3,21.2,38.1,58.4,74.1,19.5
2018-12-11,51.5,26,37.6,59.7,52,19.5
2018-12-12,54.8,21.6,45.6,54.7,63.2,19.3
2018-12-13,56,28.9,56.8,58.3,79.7,19.6
2018-12-14,52.8,27.5,49.1,56.7,78.2,19.5
2018-12-15,56.8,27.2,49.9,57.9,56.1,19.5
2018-12-16,64.7,25.3,59.4,61.6,79.3,19.7
2018-12-17,58.1,23.1,49.5,56.5,51.7,19.4
2018-12-18,61.9,24.3,55.2,63.2,80.7,19.8
2018-12-19,73.3,31.3,59.8,61.4,84.9,19.5
2018-12-20,57.7,24.9,50.2,61.4,63.4,19.5
2018-12-21,53.6,28.8,51.4,58.6,69.7,19.6
2018-12-22,59.2,27.9,60.3,62.4,73,19.5
2018-12-23,62.7,27.2,58.3,59.6,80,19.4
2018-12-24,65.6,31.4,60.6,66.3,72.3,19.7
2018-12-25,51.4,29.5,42,62.2,63.5,19.4
2018-12-26,59.2,27.7,61.5,63.6,78.8,19.5
2018-12-27,44.7,25.3,60,54.9,64.5,19.4
2018-12-28,49.7,21.5,41.7,54.3,61.4,19.2
2018-12-29,48.2,24.9,38.7,57.5,54.6,19.4
2018-12-30,56.1,26.4,56.4,56.3,75.1,19.3
2018-12-31,59.1,16.1,49.1,57.5,80.6,19.5
2019-01-01,55.3,30.4,51.5,62.3,71.7,19.4
2019-01-02,48.9,25.2,54.5,57.6,72.9,19.4
2019-01-03,47.7,22.3,40.6,63.1,56.6,19.5
2019-01-04,52.2,21.6,49.3,53.4,68.2,19.4
2019-01-05,72.1,25.3,59.5,55.7,58,19.7
2019-01-06,57.2,25.3,54.6,56.4,63.1,19.6
2019-01-07,66.8,23.8,62.6,63.6,69.9,19.4
2019-01-08,61.1,23.9,35.6,52.8,62.4,19.4
2019-01-09,62.2,26.7,61.5,62.3,78.1,19.6
2019-01-10,52.5,28.2,55.4,65,68.4,19.5
2019-01-11,67.6,26.9,61.8,60.9,70.9,19.4
2019-01-12,63.8,21.9,57.4,55,64.9,19.5
2019-01-13,64.2,28,77.9,54.4,66.2,19.3
2019-01-14,49.5,25.9,51,63.4,77.5,19.5
2019-01-15,57.8,21.3,39.1,51.1,59.1,19.4
2019-01-16,43.1,20.7,47.6,57.8,56.6,19.4
2019-01-17,55.9,22.8,42.4,53.5,65.4,19.2
2019-01-18,46,20.6,35.8,64.3,65,19.3
2019-01-19,56,22.1,41.1,64.4,59.9,19.5
2019-01-20,61.6,22.8,44.2,56.1,69,19.3
2019-01-21,58.5,22.2,50.5,54.7,63.7,19.3
2019-01-22,59,23.7,62.7,55.8,59.6,19.4
2019-01-23,49.4,25.1,46.5,55.9,61.5,19.4
2019-01-24,54,34.6,48.2,65.3,84.7,19.4
2019-01-25,72.8,24.2,53.7,63.9,71.5,19.3
2019-01-26,61.3,24,51.5,69.9,64.3,19.5
2019-01-27,59.5,28.7,61.8,54.2,58.9,19.3
2019-01-28,60.9,21.8,66.6,60.6,68,19.7
2019-01-29,49.3,29.5,58.3,55.6,78.3,19.3
2019-01-30,49.4,28.6,49.6,59,61.3,19.3
2019-01-31,47.1,18.8,53,60.3,59.2,19.4
2019-02-01,65.8,24.8,51.5,58.3,72.7,19.4
2019-02-02,54.5,26,38.2,56,77.1,19.5
2019-02-03,48.8,23.7,53.7,55.7,51.4,19.2
2019-02-04,51.2,20.4,42.2,53.7,58.8,19.3
2019-02-05,55.6,25.2,50.1,54.1,55.1,19.2
2019-02-06,53.7,17.6,44.6,59.2,70.3,19.4
2019-02-07,44.7,30.8,56.9,57.5,72,19.4
2019-02-08,51.5,18.5,51,62.2,71.5,19.4
2019-02-09,57.3,22.4,62.6,64.5,78.7,19.4
2019-02-10,53.1,23.7,47,53.6,74.3,19.3
2019-02-11,51.7,19.9,38.9,56.1,49.7,19.4
2019-02-12,49,25.9,45.9,62.5,81.1,19.4
2019-02-13,53,22.9,61.1,64.4,69,19.6
2019-02-14,66.8,24.2,49.5,60.3,72.3,19.3
2019-02-15,46.5,18.9,53.3,46.7,53.8,19.2
2019-02-16,57.8,25.5,41.5,62.3,71.3,19.3
2019-02-17,54,26.4,63.2,53.7,60,19.4
2019-02-18,48.3,24.9,53.4,58.7,64.5,19.5
2019-02-19,57.9,21.8,48.7,58.7,55.5,19.3
2019-02-20,49.6,21.6,47.9,54.7,56.4,19.4
2019-02-21,71.2,27.3,63.1,65.8,89.7,19.8
2019-02-22,41.3,18.5,60.2,52.3,56,19.3
2019-02-23,53.2,19.5,47.1,58.7,64.8,19.5
2019-02-24,53.5,22,40.3,61.1,80.3,19.5
2019-02-25,52.8,29,65.4,65.4,63.7,19.5
2019-02-26,45.7,24.6,64.3,59.2,70.4,19.6
2019-02-27,42.8,20,50.1,63.6,64.3,19.6
2019-02-28,58.7,21,59.3,56,62.6,19.4
2019-03-01,51.8,32.6,67.4,65.6,71.7,19.7
2019-03-02,63.5,30.8,48.5,60.4,71.2,19.5
2019-03-03,50.4,27.7,48.1,59.3,71.7,19.5
2019-03-04,NA,29.8,66.3,58.3,58.8,19.7
2019-03-05,NA,23.7,60.4,66.5,72.1,19.5
2019-03-06,NA,24.8,54.2,56.6,57.1,19.4
2019-03-07,NA,26.9,55.1,59.3,58.3,19.5
2019-03-08,NA,24.7,48.4,55.8,58.2,19.6
2019-03-09,NA,19.2,53.6,46.2,49.7,19.3
2019-03-10,NA,18.3,49.7,56.9,66.3,19.4
2019-03-11,NA,21,49,50.5,64.6,19.5
2019-03-12,NA,22.2,53.8,57.5,57.4,19.2
2019-03-13,47.6,21.1,36.2,46.2,60.4,19.4
2019-03-14,46.6,21.9,56.3,61.8,57.7,19.5
2019-03-15,54.4,20.6,46.6,53.6,72.2,19.6
2019-03-16,68.4,26,55.7,60.9,53.3,19.6
2019-03-17,51.4,27.5,52.4,57.2,57.6,19.6
2019-03-18,52.4,27.2,39.3,56.9,64.4,19.3
2019-03-19,38.5,18.4,31.6,46.4,49.4,19.3
2019-03-20,42.3,20.7,49.1,50.8,61.8,19.3
2019-03-21,51.1,22.1,44.8,60.3,55.9,19.4
2019-03-22,55.9,21.5,41.8,47.4,56.5,19.3
2019-03-23,52.6,21.1,50.1,56,42.3,19.4
2019-03-24,53.1,26.9,44.5,54,65,19.4
2019-03-25,60.8,27.9,46.7,53.8,72.8,19.7
2019-03-26,32.9,20.8,38.2,51.4,56.7,19.4
2019-03-27,65,27.6,49.5,68,66.4,19.6
2019-03-28,61.4,23.4,50.9,62.6,78.2,19.7
2019-03-29,55.4,23.5,38.3,45.8,55.5,19.3
2019-03-30,53.4,17.6,37.8,51,52.8,19.4
2019-03-31,53.2,21.9,43.7,55.7,52.5,19.5
2019-04-01,53.6,21.8,34.6,62.3,64.6,19.7
2019-04-02,40.8,21.4,46.5,50.4,55.8,19.3
2019-04-03,62.5,22,52.9,52.5,61,19.5
2019-04-04,45.7,24.7,56.8,56.4,56.5,19.4
2019-04-05,51.7,19.2,50.2,62.2,61.2,19.4
2019-04-06,37.7,18.9,46.5,58.4,58.5,19.4
2019-04-07,55.3,28,50.6,59.2,67,19.3
2019-04-08,52.6,24.3,52.1,57,65.3,19.5
2019-04-09,59.4,21.9,52.1,58.2,58.8,19.3
2019-04-10,48.4,27.9,51.4,62.1,69.2,19.4
2019-04-11,42.3,22.8,40.9,52,51.8,19.4
2019-04-12,44.4,23.7,35.7,60.8,48.4,19.5
2019-04-13,52.7,17.8,41.8,52.4,40.4,19.4
2019-04-14,41.3,23.4,44.6,53,46.8,19.5
2019-04-15,51.4,19.8,50.7,57.6,54,19.3
2019-04-16,33.7,21,40,48.4,54.2,19.3
2019-04-17,51.3,17.4,43.7,52.6,47.7,19.4
2019-04-18,47.1,18.2,32.5,49.3,51.7,19.1
2019-04-19,34.3,16.7,38.1,46,51.5,19.2
2019-04-20,31.3,19.5,40.9,57.7,56.9,19.2
2019-04-21,42.7,22.9,43.9,52.1,45.2,19.2
2019-04-22,28.5,21.7,33.4,50.6,46.7,19.3
2019-04-23,50.2,22.4,41.9,52.3,51.6,19.4
2019-04-24,59.5,20.2,54.5,61.9,63.8,19.3
2019-04-25,50.7,21.2,37.5,52.5,43.9,19.3
2019-04-26,43.4,25.1,39,52,66.6,19.6
2019-04-27,59.5,20.7,48.4,55.4,62,19.5
2019-04-28,39.2,17.9,55.9,55.9,63,19.3
2019-04-29,41.4,18.8,45.3,54.3,61.6,19.3
2019-04-30,46.8,22.5,38.1,53.1,51.6,19.4
2019-05-01,55.2,30.3,56.2,59.7,55.4,19.5
2019-05-02,54,21.9,48.3,52.9,57.9,19.3
2019-05-03,60.8,22.5,47.9,49.3,45.5,19.3
2019-05-04,47.6,17.1,36.5,50.4,50.4,19.2
2019-05-05,43.9,20.1,49.8,50.5,50.9,19.4
2019-05-06,32.5,17.8,39.2,53.2,38.6,19.4
2019-05-07,47.6,17.5,40.7,45.4,62.8,19.1
2019-05-08,57,23.4,41.5,52.6,49.7,19.3
2019-05-09,56.3,24.9,43.2,50.7,55.6,19.4
2019-05-10,46.4,20.4,42.4,53.9,54.6,19.2
2019-05-11,49.6,20,44.7,56,60.1,19.4
2019-05-12,37.6,19.1,43,49.2,39.2,19.2
2019-05-13,33.4,19.9,36.7,46.2,39.6,19.1
2019-05-14,44.7,21.3,35.1,49.2,42.5,19.3
2019-05-15,42.1,15.1,36.9,47.8,42.8,19.1
2019-05-16,46.4,19.1,50,49.5,70.2,19.3
2019-05-17,54,22.3,47.7,59.2,52.2,19.4
2019-05-18,49.8,21.7,39.9,46.9,44.3,19.2
2019-05-19,39.9,16.8,34.7,54.9,38.9,19.2
2019-05-20,40.3,19.5,37.7,51.2,60.8,19.1
2019-05-21,44.6,19.9,26.3,46.9,46.8,19.2
2019-05-22,50.2,18.8,38.4,55.8,58.3,19.3
2019-05-23,42.6,18.7,40.8,54.8,53,19.2
2019-05-24,53.9,22.5,38.9,59.4,59.1,19.3
2019-05-25,48,22.3,40.6,61.5,61.6,19.4
2019-05-26,51,21.5,54,51.2,62.1,19.3
2019-05-27,48.6,20.4,43,50.6,55.7,19.5
2019-05-28,31,19.7,39.4,47.6,51.9,19.3
2019-05-29,36,19.9,38.5,54.9,48.7,19.3
2019-05-30,33.7,19.3,32.3,51.8,44,19.2
2019-05-31,37.2,18.4,23.6,40,40.4,19.2
2019-06-01,48.9,23.3,46.6,48.7,56,19.1
2019-06-02,42.4,14.7,38,49.9,43.1,19.4
2019-06-03,48,16.7,30.7,52.2,34.4,19.1
2019-06-04,39.8,18.1,34.7,52.5,45.9,18.9
2019-06-05,52.9,18.3,28.7,45.3,42.5,19.3
2019-06-06,52.3,18.1,29.2,53.2,52,19.3
2019-06-07,43,17.8,39.7,41.4,53.8,18.9
2019-06-08,40.2,19.1,55.9,58.9,67.1,19.3
2019-06-09,59.9,18,42.8,55.3,58.7,19.3
2019-06-10,45.4,18.7,40.4,53.3,52.7,19.2
2019-06-11,45.4,18.7,51.8,55.2,63.9,19.4
2019-06-12,44.1,16.4,30.2,44,38.8,19.2
2019-06-13,38.2,15.9,42.6,62.8,49.8,19.5
2019-06-14,36.6,14.4,27.4,41.9,32.3,19.3
2019-06-15,38.5,18.9,34.6,50,57.5,19
2019-06-16,36.7,9.8,32.9,46.3,42.2,19.1
2019-06-17,32.4,22.3,34.4,47,47.3,19.3
2019-06-18,54,21.6,45.3,56,53.5,19.4
2019-06-19,53.8,19,25.9,49.6,40.1,19.1
2019-06-20,49,19,30.7,46.5,55.3,19.3
2019-06-21,44.9,18.1,40.1,55.5,58.8,19
2019-06-22,49.4,23.6,43.3,49.9,47.5,18.9
2019-06-23,40.2,17.4,41.3,57.2,35.5,19
2019-06-24,50.9,22.3,43.8,49.8,45.3,19.1
2019-06-25,37.7,11,37.9,46.9,49.8,19
2019-06-26,45,19.4,34,49.8,46.3,19
2019-06-27,54.5,23.4,35.1,54.6,58.2,19.1
2019-06-28,42.2,19.1,40.9,52.2,51.4,19.1
2019-06-29,49,19.8,30,46.4,57.2,19
2019-06-30,41.3,18.6,33.9,42.3,49.6,18.9
2019-07-01,40.1,21.5,39,43,53,19
2019-07-02,48.5,21.3,43.8,48.7,63.8,19
2019-07-03,44.9,18.3,36.5,56.2,55.1,19.1
2019-07-04,45.1,18.3,35.4,51.4,43.5,18.8
2019-07-05,30,14.4,39.2,42.2,48.9,18.9
2019-07-06,36,16.9,30.9,49.1,32.6,19
2019-07-07,37.4,16.8,37.1,46.8,45.7,19
2019-07-08,42.7,21.8,50.4,52.3,59.6,19.1
2019-07-09,33.1,20.5,39,49,33.4,19.1
2019-07-10,27.5,16.4,40,53,54.6,19
2019-07-11,35.4,17.3,19.8,48.4,36.1,18.8
2019-07-12,39.1,17.5,42.9,42.8,41.4,18.8
2019-07-13,41,18.9,29.7,44.1,58.4,18.9
2019-07-14,40.3,18.9,46.5,56.2,58.2,19
2019-07-15,49,20.7,37.8,50.3,57.1,18.9
2019-07-16,39.7,17.9,37.1,55.3,45.5,19.1
2019-07-17,46.3,18,50.5,49.6,62.6,19.1
2019-07-18,42.8,18.1,39.2,52.8,63.8,19
2019-07-19,57.5,18.5,41.9,59.4,65.4,19
2019-07-20,36.1,19.4,34,50.4,60.4,18.8
2019-07-21,35.6,16.7,42.4,40.3,48.4,18.9
2019-07-22,50,21.1,51.7,55.9,43.7,19
2019-07-23,27.7,14,35.6,48.3,41.8,18.7
2019-07-24,44.3,20.1,47.2,57.2,63.4,19.2
2019-07-25,47.5,25.1,28.7,48.4,45.9,18.9
2019-07-26,44.4,22.7,37.7,47.1,49,19.1
2019-07-27,59.6,25.2,42.2,52.1,59.7,19.2
2019-07-28,36.8,13.1,35.7,52.8,64.1,19
2019-07-29,35.9,20.9,35.5,38.5,49.5,18.9
2019-07-30,38.3,18.6,31.5,66.5,41.3,18.8
2019-07-31,51.6,18.2,36.9,50,51.8,18.9
2019-08-01,55.4,16.5,47.2,49.9,43.9,18.8
2019-08-02,38.5,21.6,38.3,52.9,55.4,18.7
2019-08-03,50.5,20.5,34,50.9,42.8,18.8
2019-08-04,53.7,24.1,51.1,56,58.2,19.2
2019-08-05,48.4,19.5,28.9,53,37.7,18.9
2019-08-06,38.7,14.9,27.8,49.2,39.4,18.8
2019-08-07,32,17.1,30.1,46.9,57.6,18.8
2019-08-08,36,17.6,30,52.2,46.4,18.7
2019-08-09,46.9,18.8,50.7,56.7,62.1,18.8
2019-08-10,42.9,21.5,47.7,60.4,55.7,18.8
2019-08-11,45.8,18.2,35.8,48,52,18.8
2019-08-12,49.6,21,51.1,51.8,60.2,18.8
2019-08-13,56.7,23.5,41.1,47.2,48.3,19
2019-08-14,37.4,20.3,27.2,45.7,42,18.7
2019-08-15,50,19.3,30.5,44.8,33.7,18.7
2019-08-16,52.4,18.6,40.4,44.9,60.1,18.8
2019-08-17,41,22,33.5,53.5,44.1,18.9
2019-08-18,46.8,22.4,39.2,53.4,54.3,19
2019-08-19,41.7,20.9,35.9,53.8,49,18.8
2019-08-20,58.7,28.1,53.1,63.5,61.1,18.9
2019-08-21,33.7,23.7,35.6,53.2,55.7,18.8
2019-08-22,44.1,17.2,43.9,53.3,41.8,18.8
2019-08-23,53,15.1,42.3,49.2,64,19.1
2019-08-24,50.2,22.6,49.5,55.5,65.1,18.9
2019-08-25,44.8,19.8,36.8,50.9,46.1,18.9
2019-08-26,39.4,18.8,39.7,50.4,55.8,19
2019-08-27,50,18.3,45.8,53.7,72.5,19
2019-08-28,50.6,16.4,40.9,56.5,58.2,19
2019-08-29,47.4,21.3,36.5,45.6,50.1,18.9
2019-08-30,47.4,26.2,29.7,52.8,56.1,18.8
2019-08-31,43.9,16.3,24.5,45,48.8,18.9
2019-09-01,60,23.3,41.2,55,60.9,18.9
2019-09-02,44.4,17,49.7,53.3,58.7,18.9
2019-09-03,51.7,18,46.8,55.6,63.3,19
2019-09-04,46.2,23.3,53.4,52.2,59.1,18.9
2019-09-05,49.1,21.8,50.9,55.7,50.1,18.8
2019-09-06,49.6,21.8,37.7,52.8,57.2,18.9
2019-09-07,42.8,21.7,48.8,55.2,56.2,18.8
2019-09-08,56.5,25.6,49.7,54.8,61.8,19
2019-09-09,51.9,23.2,47.3,49.3,57,18.9
2019-09-10,48.4,19.6,45.2,49.4,56,19
2019-09-11,38.6,23.9,35.6,61,53.3,18.9
2019-09-12,50.9,15.7,49.9,48.9,56.4,19.1
2019-09-13,54.2,28.3,42.9,62.4,58.4,19
2019-09-14,51.6,14,38.7,54.5,48.3,19
2019-09-15,43.4,23.4,44,52.1,40.6,18.9
2019-09-16,47,22,40.4,50.3,41.7,18.7
2019-09-17,54.4,18.4,43.7,52.3,63.4,18.8
2019-09-18,50.4,27,47.9,50,58.9,18.8
2019-09-19,49.2,24.1,35.7,54.4,53.9,18.9
2019-09-20,48,12.3,42.6,52.7,55.5,18.9
2019-09-21,46.7,16.9,40.4,51,60.7,18.9
2019-09-22,47.9,19.8,48.9,58.8,53.7,18.9
2019-09-23,37.7,24.7,37,53.6,49,19
2019-09-24,53.8,26.3,35.3,51.6,45.3,19
2019-09-25,46.4,23.2,40.4,52.4,58.1,18.6
2019-09-26,42.7,26.4,38,57.7,63.3,18.9
2019-09-27,53.8,14.2,40,56,61,18.9
2019-09-28,56.3,22.6,52.5,51.9,56.8,18.9
2019-09-29,47.6,19.3,41.3,61.7,48.8,18.8
2019-09-30,47.1,23.2,60.7,56.6,59.6,19
2019-10-01,56,19.2,40.7,54.7,66.9,19
2019-10-02,59.5,25.1,52,56.8,58.8,19
2019-10-03,53.5,24.8,40,58,64.8,18.9
2019-10-04,47,21.9,47.1,46.5,51.8,18.7
2019-10-05,49.6,23.8,43.9,63.9,40.6,18.8
2019-10-06,32.4,17.1,20.8,44.8,28.4,18.9
2019-10-07,44.9,18.8,52.2,58.7,54.8,18.9
2019-10-08,NA,23.5,41.9,58.9,58.9,18.9
2019-10-09,NA,18.5,39.7,57.2,39.1,18.8
2019-10-10,NA,21.5,51.3,59.1,55.7,18.9
2019-10-11,NA,18.4,39.3,53.4,36,18.9
2019-10-12,NA,19.9,31.2,49,59.9,18.7
2019-10-13,NA,21.4,33,53.7,62.9,18.6
2019-10-14,NA,29.2,39.5,53.3,54.2,18.8
2019-10-15,NA,21.4,50.5,60.2,65.3,19.1
2019-10-16,NA,24,53.9,49.1,51,18.8
2019-10-17,NA,22.5,51.3,48.8,60.5,18.8
2019-10-18,NA,26.1,43.6,58.2,66.4,18.7
2019-10-19,NA,24.7,44.2,56.7,61.5,18.9
2019-10-20,NA,20.6,40.1,56.6,57,19
2019-10-21,NA,20.6,40.7,56.6,53.3,18.8
2019-10-22,NA,28.5,57.2,63.6,62.2,18.8
2019-10-23,NA,17.5,53.5,50.6,62.8,18.9
2019-10-24,51.7,21.2,37.1,62.8,52.1,18.8
2019-10-25,53.6,25.8,53.3,55.8,53.2,18.9
2019-10-26,67.3,27.4,46,68.9,64.3,18.9
2019-10-27,54.2,21.7,45.7,48.9,50.8,18.9
2019-10-28,45.8,23.2,45.3,57,73.4,19.1
2019-10-29,56.4,20.1,41.5,56.2,66.3,18.9
2019-10-30,50.6,23.3,44.2,58.4,49.1,18.8
2019-10-31,54.8,24.1,57.6,52.6,66.3,18.8
2019-11-01,37.8,19.2,45,62.7,60.9,18.7
2019-11-02,59.6,20.2,58,55.7,72.5,19
2019-11-03,43.5,26.7,54.6,50.5,57.5,18.6
2019-11-04,61.3,25.6,51.2,62.1,68.9,19
2019-11-05,59.3,21.1,49.7,52.6,60.2,18.8
2019-11-06,72.3,27.7,47.7,59.3,85.3,19
2019-11-07,50.7,19.6,40.1,55.2,54.1,18.8
2019-11-08,56.6,19.1,49.6,50.1,60.7,18.9
2019-11-09,59,24.8,45.5,52.9,73.5,18.8
2019-11-10,55.5,24.2,45.4,53.6,63.3,18.9
2019-11-11,53.4,17.8,62.1,58.9,63.8,18.8
2019-11-12,54.4,22.1,59.4,61.7,62.7,18.8
2019-11-13,50.2,26,41.4,54.6,73.2,18.7
2019-11-14,59.6,26.5,49.4,60.5,62.8,18.8
2019-11-15,49.4,22.1,46.7,56.3,66.7,18.7
2019-11-16,58.8,25.9,48.6,62.1,72.7,18.9
2019-11-17,50.1,23.8,56.2,55.7,51,18.9
2019-11-18,45.7,19.2,23.8,60.6,50.1,18.6
2019-11-19,52.1,26.4,51.4,63.5,68.9,18.7
2019-11-20,55.3,23,53.4,49.8,60.4,18.9
2019-11-21,63.4,21.1,60.4,51.1,71.2,18.8
2019-11-22,64.1,22.5,49.5,55.2,62.8,18.7
2019-11-23,65.6,30.3,53.8,57.8,68.6,18.9
2019-11-24,48.7,24.8,44,54.6,69.4,18.5
2019-11-25,55.1,22.8,47.6,62.3,64.2,18.5
2019-11-26,57.1,19.8,34,55,52,18.5
2019-11-27,41.4,20.7,42.9,46.2,63.6,18.4
2019-11-28,71.2,22,49,55.1,67.1,18.7
2019-11-29,47.2,27.1,46.7,53.4,55.6,18.4
2019-11-30,60.8,24.3,54.3,55.3,73.6,18.6
2019-12-01,53.4,25.8,46,52.5,64.2,18.5
2019-12-02,46,21.5,47.5,58.2,61.7,18.7
2019-12-03,63.6,27.2,64.3,61.1,70.5,18.8
2019-12-04,54,25.6,58,55.8,61.3,18.4
2019-12-05,54.3,18.1,42.1,62.9,59.2,18.4
2019-12-06,48.3,24.2,48.1,57.3,60.9,18.6
2019-12-07,42.6,22.3,58.1,46.7,59.8,18.4
2019-12-08,55.8,25,58.7,58.3,59.1,18.6
2019-12-09,35.5,19.9,41.1,46.6,53.9,18.7
2019-12-10,69.2,23,53,60.6,76.2,18.6
2019-12-11,69.3,21.9,48.6,59.1,68.6,18.6
2019-12-12,54.2,21.6,43.4,62.3,75.9,18.6
2019-12-13,63.7,28.4,53.6,59.9,73.7,18.6
2019-12-14,52.4,18.8,36.6,52.5,54.9,18.4
2019-12-15,53.7,21.9,49.5,58.2,74.1,18.5
2019-12-16,62.6,27.8,61.2,58.7,58.2,18.5
2019-12-17,58.6,22.7,48.6,58.2,59.6,18.6
2019-12-18,59.5,26.2,59.5,49.5,78.6,18.5
2019-12-19,70.1,29.3,54.3,56.8,90.8,18.6
2019-12-20,53.7,25.8,54.5,62.4,67.6,18.7
2019-12-21,40.7,24.3,33.5,50.5,56,18.3
2019-12-22,53.3,21.7,40.1,58.5,70,18.6
2019-12-23,50.3,24.1,38.8,56,69.2,18.5
2019-12-24,54.8,23.8,34.4,52.4,41.6,18.3
2019-12-25,49.9,26,55,56.6,59.6,18.4
2019-12-26,56,16.7,47.5,50.7,62.4,18.3
2019-12-27,72.1,25.6,62.2,59.9,84.1,18.7
2019-12-28,62.6,28.1,62.1,63.1,69.8,18.6
2019-12-29,53.9,24.5,46.9,63.7,70.5,18.4
2019-12-30,54.3,22.2,64.3,55.9,78.5,18.5
2019-12-31,60.4,26.1,54.4,62.6,71.5,18.7
2020-01-01,53.5,19.3,51.2,51.2,56.9,18.4
2020-01-02,56.5,22.7,53.8,56.8,72.3,18.3
2020-01-03,69.4,24.7,57.6,53.1,64.8,18.4
2020-01-04,50.4,19.1,46.2,58.9,52.7,18.2
2020-01-05,54.5,25.6,43.8,62.4,64.6,18.5
2020-01-06,49.6,22.9,44.7,49.7,79.2,18.6
2020-01-07,65.7,24.5,53.8,56.8,67.5,18.4
2020-01-08,51.7,28.3,56.5,55.2,69,18.4
2020-01-09,62.5,22.2,44.4,57.1,81.8,18.6
2020-01-10,65.7,26.8,42.1,61,59.6,18.6
2020-01-11,46.8,20.7,40.7,53.3,66.4,18.4
2020-01-12,49.4,26.3,40.7,51.8,49.5,18.4
2020-01-13,61.3,18.8,47.6,56.9,67.3,18.5
2020-01-14,47,20.6,48,48.2,55.4,18.4
2020-01-15,60.3,27.7,57.2,58.3,66.8,18.5
2020-01-16,56,19.9,55.5,54.3,68.6,18.3
2020-01-17,53.2,24.9,58.2,58.2,70.4,18.4
2020-01-18,64.3,16,34.3,51.6,63.9,18.3
2020-01-19,49.4,22.9,48,49.4,66.6,18.5
2020-01-20,62.9,23.9,43.4,58.3,68.2,18.6
2020-01-21,52.9,29,63.1,62,67.2,18.7
2020-01-22,63.5,17,50.1,59.8,52,18.4
2020-01-23,65.1,22.3,47.8,52.1,58.7,18.5
2020-01-24,66,21.2,50.3,58.2,67.8,18.4
2020-01-25,52.7,22.5,60,62.4,73.1,18.4
2020-01-26,51.1,22.5,44.4,52.6,54.5,18.4
2020-01-27,38.4,19.3,47.6,54,54.3,18.4
2020-01-28,44.8,20.8,53.6,59.2,63.1,18.2
2020-01-29,53.2,22.1,44.2,55.7,54.7,18.4
2020-01-30,55.2,22.7,48.3,56.2,62.9,18.5
2020-01-31,65,22.4,62,57.7,54.5,18.5
2020-02-01,60,23,43.3,53.7,68.1,18.3
2020-02-02,54.2,27.6,58.3,60.1,71.4,18.4
2020-02-03,58.1,25.1,56.8,57.9,59.9,18.3
2020-02-04,54.7,19,45.1,58.8,64.1,18.3
2020-02-05,57.2,23.4,50.9,62.2,71.5,18.2
2020-02-06,53,23.7,61.6,56.9,71.4,18.5
2020-02-07,50.2,20.6,46.2,60.3,65.6,18.4
2020-02-08,51.4,27.3,47.9,59.7,47.7,18.3
2020-02-09,47.9,20.4,42.9,50.1,65.5,18.3
2020-02-10,57.7,17.8,46.1,58.5,77.4,18.3
2020-02-11,61.3,28,56.9,54.4,77,18.3
2020-02-12,48.7,18.1,43.5,60.1,40.4,18.4
2020-02-13,58.2,26.3,48.9,51.1,63.1,18.4
2020-02-14,59.7,18.1,47,49.4,40.6,18.3
2020-02-15,55.8,14.4,39.7,51.7,66.5,18.2
2020-02-16,50.4,27.5,52.9,53.5,54,18.2
2020-02-17,54.6,25.6,55.1,57.5,73.1,18.4
2020-02-18,59.6,27.7,65.9,60.8,66.9,18.3
2020-02-19,57.9,27,44.4,59.3,64.9,18.3
2020-02-20,42.3,21.4,38.9,49.1,65.6,18
2020-02-21,53.3,27.5,54.6,65.1,75,18.4
2020-02-22,62.2,19.8,42.4,53,60.5,18.1
2020-02-23,58.9,29.3,47.7,52.3,62.8,18.5
2020-02-24,48.3,25.8,38.3,63.1,63,18
2020-02-25,51.8,20.8,44.7,56,69.7,18
2020-02-26,51.6,25,49.9,60.9,74.1,18.2
2020-02-27,49.4,25.3,36.9,52.9,57.4,17.9
2020-02-28,54,21.3,35.2,55.1,62.5,18
2020-02-29,58.8,24.3,48.3,48.2,66.1,18
2020-03-01,50.6,26.2,42.8,53.4,62.3,18
2020-03-02,36.9,11.1,43.8,48.4,53.7,17.7
2020-03-03,54.8,18.7,46.3,56.3,51.2,18.2
2020-03-04,51.2,23,62.1,57.9,67.1,18.1
2020-03-05,51.2,21.2,49.8,52.1,55.5,18.1
2020-03-06,53,28.8,49.1,54.7,48.8,18.3
2020-03-07,54.4,23.1,57.8,55.2,71,18.1
2020-03-08,53.4,27.3,52.8,52.4,53.6,18
2020-03-09,50.1,19,42.7,56.5,67.1,18.1
2020-03-10,51.3,30.4,50.2,59,69.1,18.3
2020-03-11,55,23.8,54,53.3,59.3,18.2
2020-03-12,50.7,23.7,52.3,58.9,63.9,18.2
2020-03-13,52.3,26.4,57.5,57.7,60.3,18.2
2020-03-14,50.2,24.6,40.4,52.3,54.6,18.1
2020-03-15,50.7,25.1,37.3,54.6,51.3,18.1
2020-03-16,49.7,23.7,56.7,56.4,57.3,17.9
2020-03-17,59,19.9,39.6,56.2,63.7,17.7
2020-03-18,52.5,18.4,48.8,52.9,54,17.9
2020-03-19,52.7,24,56.7,56.4,63.1,17.8
2020-03-20,56.3,27.6,49.6,61.1,60.6,18
2020-03-21,46.8,19.4,37.3,47.5,54.9,18
2020-03-22,65.1,18,38,53,59,18.1
2020-03-23,42.7,17.6,44.8,51.2,60.3,17.9
2020-03-24,41,20.3,51.5,49.5,55.3,18
2020-03-25,45.3,21.8,47.1,46.9,51.9,18.1
2020-03-26,49,20,42.9,44,58.9,18
2020-03-27,45.6,19.3,51.6,47.5,51.9,18
2020-03-28,55.1,24.6,39.1,58.4,60.4,18.1
2020-03-29,50.4,15.5,38,51.5,56.8,17.8
2020-03-30,41.6,25.6,46.5,50.3,62,18.2
2020-03-31,44.2,15.3,40.7,51.3,40.1,18
2020-04-01,52.9,23.1,43.6,54.1,58.6,18.1
2020-04-02,34.8,24,41,51.8,53.8,18.1
2020-04-03,53.7,19.4,52.2,60.2,66.1,18.1
2020-04-04,43.2,14.6,37.4,49.9,30.5,18.1
2020-04-05,50.7,18.9,58.6,52.8,64.5,18.3
2020-04-06,21,16.9,35,51.7,61.8,18
2020-04-07,41.5,18.1,38.7,49.8,51.8,18
2020-04-08,40.7,19.9,41.8,51.9,60.2,18
2020-04-09,41.3,23.1,37,47,54.8,18.1
2020-04-10,54.3,25.9,58.3,58,70.8,18.2
2020-04-11,49.8,16.7,36.2,50.4,64,18.2
2020-04-12,56.9,22.9,32.9,49.3,49.5,17.9
2020-04-13,40.3,14.3,34.5,48.8,56.8,18.1
2020-04-14,57,21.9,45,53.9,57.1,18
2020-04-15,35.3,19.2,39.3,42.6,51.9,18
2020-04-16,40,20.6,44.5,53.3,61.8,18.1
2020-04-17,34.2,18.9,37.9,54.8,57.9,18.1
2020-04-18,39.1,24.6,40.8,54.5,38.6,18
2020-04-19,41,19.3,41.8,49.7,45.4,18.2
2020-04-20,52.8,16.5,55.7,54.2,59.9,17.9
2020-04-21,49.6,21.6,59.3,54.9,74,18.2
2020-04-22,44.1,18.6,50.7,51.2,51.5,18
2020-04-23,53.7,22.4,39,46.8,56,18.1
2020-04-24,42.8,17.7,24.9,43.4,49.5,18
2020-04-25,58.2,18,36.6,51.4,66.3,18.1
2020-04-26,51.3,21.7,41,47.5,57.5,18.1
2020-04-27,50.1,18.8,51.4,60.4,61.6,18.3
2020-04-28,46.2,15.5,43.3,46.5,62.6,18.3
2020-04-29,51.8,19.9,34.9,50,51,18.1
2020-04-30,36.1,16.9,44.2,50,47.3,18
2020-05-01,49.3,14.4,37.5,47.1,48.8,18.2
2020-05-02,51.4,15.6,30.2,56.8,47.2,18.1
2020-05-03,48.9,26.4,54,51.7,66,18.1
2020-05-04,40.3,12,32.8,50.1,46.9,17.8
2020-05-05,48.3,16.6,37.1,46.7,56.5,18.1
2020-05-06,39.7,13.2,39.9,49.1,52.2,18.1
2020-05-07,40.3,20.2,36,40.7,38.2,18.1
2020-05-08,49.8,19.3,38.8,42.2,38.3,18.1
2020-05-09,35.5,23.8,32.9,52.8,51.1,18.1
2020-05-10,43.2,18.1,31.5,52.6,66.1,17.9
2020-05-11,46.7,18.9,48,50.6,58.7,18.3
2020-05-12,36.8,13.1,34.2,42.5,62.1,18
2020-05-13,41.2,16.8,28.8,51.4,41.6,18.1
2020-05-14,41,21.1,42.1,50.4,58.8,18.2
2020-05-15,33.4,11.5,29.5,49.7,51.5,18.1
2020-05-16,43.9,18.7,51.5,59.1,62.8,18.1
2020-05-17,46.9,18.6,40.4,53.4,49.4,18.1
2020-05-18,47.5,18.2,31.6,42.1,44.1,18.1
2020-05-19,46.6,25.3,41.9,47.9,60.1,18.1
2020-05-20,37.2,15.7,31.6,48.4,53,17.9
2020-05-21,37.9,17.9,29.6,52.8,32.2,18.1
2020-05-22,42.6,23.8,40.4,49.4,55.5,18
2020-05-23,49.5,20.6,44,50.9,53,18.2
2020-05-24,41.4,17.9,46.7,54.9,36.3,18.2
2020-05-25,35.9,15,49.3,51.7,47.9,18.1
2020-05-26,53.6,27,51,56.8,58.1,18.2
2020-05-27,31.7,14.3,32.4,46.3,49.7,18.1
2020-05-28,28.8,21.4,30.3,44.2,39.8,18
2020-05-29,42.9,20.8,46.9,51.5,48.6,18.3
2020-05-30,41.3,15.6,28.2,54.5,52.5,18.1
2020-05-31,36.8,18,37.1,42.8,59.7,18.1
2020-06-01,42.1,18.1,30.2,49.7,43.4,18.1
2020-06-02,42.6,14.4,22.9,45.5,40.9,17.9
2020-06-03,36.3,18.9,40.9,54.3,56.4,18.2
2020-06-04,36.7,17.1,39.6,46.5,49.3,18.3
2020-06-05,27.8,18.8,39.9,46.1,53.6,18.1
2020-06-06,47.3,24.3,38.9,50.8,51.9,18.1
2020-06-07,33.1,22.7,45.3,45.8,46.3,18.3
2020-06-08,37.5,20.1,29.9,45.1,51.6,18.2
2020-06-09,54,18.7,41.6,52.1,56.6,18.1
2020-06-10,47.7,24.5,46.2,52.8,62.7,18.1
2020-06-11,33,21.2,26.9,46.7,60.8,18
2020-06-12,61.5,18.3,58.3,42.5,47.9,18.2
2020-06-13,47.3,17.6,36.2,38.7,40.2,18
2020-06-14,28,19.8,37.3,50.1,52.7,17.9
2020-06-15,55.8,28,56.9,42.2,52.2,18.1
2020-06-16,43.9,19.5,35.4,49.9,43.5,17.9
2020-06-17,54.9,20,46.8,54.3,62.8,18.1
2020-06-18,50.9,16.5,36.9,48.8,41,17.9
2020-06-19,40.7,13.1,36.7,45.7,41.4,17.8
2020-06-20,43.8,18.4,20.1,42,45.3,18
2020-06-21,24,20.5,27.4,42.3,45.7,17.9
2020-06-22,39.8,17.1,29.1,49.9,38.7,18.2
2020-06-23,38.1,18.9,40.4,48.1,58.5,18
2020-06-24,31.5,16.8,40.2,46.7,66.4,18.1
2020-06-25,46.9,12.9,32.1,48.8,43.7,18.2
2020-06-26,47.7,19.3,20.3,45.3,48.7,18.2
2020-06-27,40.8,15.6,32.5,56.9,59.2,18.1
2020-06-28,45.7,18.2,41.2,53.3,53.6,18.2
2020-06-29,41.3,15.8,37.6,43.3,41.7,18.2
2020-06-30,37.6,18.2,43,43.3,50.1,18
2020-07-01,46.6,15.9,46,50,58,18.2
2020-07-02,19.9,12.2,31.8,45.7,42.8,17.9
2020-07-03,53.1,19.9,39.8,51.6,51.2,18.1
2020-07-04,50,15.6,25.3,40.1,45.7,18.3
2020-07-05,43.7,20.5,36.3,40.4,62.4,18.1
2020-07-06,49.7,21,48,45.5,52.8,18.1
2020-07-07,51.8,20.5,35.3,52.7,45.6,18.1
2020-07-08,38.7,15.7,47.4,48.7,50.6,18.2
2020-07-09,43.3,10.9,33.6,42.3,38.1,18.1
2020-07-10,44.6,17.1,40.8,46.7,50.3,18.1
2020-07-11,30.6,16.1,38.4,42.5,58.6,18
2020-07-12,31.7,16.3,26,46,48.3,18.1
2020-07-13,37.4,24.5,35.2,48.7,44,18.1
2020-07-14,39.6,16.7,39.4,50,50.6,18.1
2020-07-15,35.5,17,34,50.4,58.9,18.1
2020-07-16,37,21.7,33.9,53.5,67.7,18.3
2020-07-17,49.4,16,35.9,53.1,45.2,18.1
2020-07-18,37.6,19.7,37.3,47.4,47.6,18.3
2020-07-19,39,15.8,42.8,48.8,44,18.1
2020-07-20,28.7,16.6,24.9,51.8,47,18.2
2020-07-21,35.3,17.6,34.2,43.2,51,18.2
2020-07-22,45.9,18.5,40,52.7,52.6,18
2020-07-23,35.1,22.8,34.2,48.3,62.5,18.1
2020-07-24,32,16.8,42.1,43.7,38.5,17.9
2020-07-25,38.9,19.9,40,51.9,64,18.2
2020-07-26,40.7,12.4,31.9,42,35.7,17.9
2020-07-27,40.4,13.6,38.4,57.3,56.6,17.9
2020-07-28,40.4,20.5,29.5,48.7,47.4,18.1
2020-07-29,55.3,21.8,42.1,53.9,57.7,18.3
2020-07-30,45.1,21.1,41,54.2,41.4,18.2
2020-07-31,47.2,15.3,42.7,50.4,33.7,18.2
2020-08-01,37.2,16.1,37.5,54.3,52.7,18.2
2020-08-02,47,9.3,35.1,47.4,49.3,18.3
2020-08-03,41.1,18.2,34.8,49.6,50.2,18.2
2020-08-04,39.4,13.7,27.6,52.8,57,18.2
2020-08-05,47.3,21.8,18,41.7,37,18
2020-08-06,40.4,19.2,49.4,46.8,45.8,18
2020-08-07,50.1,16.5,42,52.5,50.9,18.2
2020-08-08,47.1,16.9,41.9,51.9,61.3,18.3
2020-08-09,35.9,22.6,42.1,48.8,44.7,17.8
2020-08-10,40.6,12.7,30.5,47.1,52.7,18.2
2020-08-11,43.5,17.3,30.5,45.2,46.3,18
2020-08-12,47,19.9,44.5,42,40.2,18.1
2020-08-13,44.3,21.2,25.5,52.4,42.1,18.3
2020-08-14,44.3,17.4,40,44.7,51.3,18.2
2020-08-15,47.3,21.4,45.9,45.7,49.3,18.1
2020-08-16,32.7,15,42.8,47.4,48,18.1
2020-08-17,32.7,11.4,24.2,42.1,58.2,17.9
2020-08-18,34.6,18.3,34,52,51.7,18
2020-08-19,35,19.7,36.9,46.4,41.1,18
2020-08-20,41.5,16.2,43.8,44.4,56.5,18.2
2020-08-21,49,26.1,43.2,60.2,56.4,18.3
2020-08-22,45.4,22.7,48.5,52.5,52.7,18
2020-08-23,33.7,22,26.6,47.1,31.2,18.1
2020-08-24,41.6,18.8,48.7,51.3,48.7,18.1
2020-08-25,57.7,19.8,58.6,49.7,46.1,18.4
2020-08-26,50,16.1,37.4,46.4,54.4,18.2
2020-08-27,48.7,20.3,39.3,49.3,48.8,17.8
2020-08-28,33.2,20.2,33.2,46.1,50.2,18
2020-08-29,51.3,17.7,42.5,51.4,65.2,18.2
2020-08-30,40.8,17.1,36,48.4,61.1,18.1
2020-08-31,37.5,17.2,38,41.1,37.8,18.2
2020-09-01,43.4,24.8,37.3,57,50.2,17.9
2020-09-02,40,16.1,36.1,45.9,43.2,18.1
2020-09-03,46.6,22.2,48.3,53.1,36.1,18.2
2020-09-04,45.8,19.1,25.1,54,49.6,17.9
2020-09-05,40.1,21.3,31.4,49.7,54.8,18.2
2020-09-06,46.7,21.9,35.4,49.7,50.7,18
2020-09-07,59.6,21.4,40.1,47.3,53.4,18.2
2020-09-08,46.1,12.8,34.2,48.6,36.6,18
2020-09-09,54.4,25.7,25.3,45.2,45.1,18.2
2020-09-10,50,17.7,44,48.7,56.1,18
2020-09-11,46.6,20.1,52.2,50.1,47.7,18.1
2020-09-12,45,22.4,58.8,57.7,50.5,18.2
2020-09-13,45.1,24.7,54.4,52.2,53,18.1
2020-09-14,45.9,19.8,43,47.9,45.9,18.1
2020-09-15,55.5,23.6,39.2,53.3,63,18.3
2020-09-16,42,20.7,50.9,57,51.6,18.1
2020-09-17,55.9,23.7,47.2,45.6,59,18.1
2020-09-18,51.8,21.9,39.2,49.2,54,18
2020-09-19,61.2,20,48.5,53.6,55.2,18.2
2020-09-20,52.3,28.4,37.7,55.9,65.3,18.2
2020-09-21,42.6,20.7,38.9,57.6,63.2,18
2020-09-22,48.8,15.7,51.3,45.2,58.3,18
2020-09-23,45.2,25.1,49.3,57.2,62,17.9
2020-09-24,63.5,17.8,42.5,54.7,56.7,18.2
2020-09-25,37.7,22.8,44.9,55.2,51.9,18.1
2020-09-26,50.7,21.3,46.3,47,52.9,18.2
2020-09-27,51.7,15.2,54.4,62.8,62.5,18.1
2020-09-28,43.1,22.3,42.1,52.8,65.8,18
2020-09-29,66.7,28.8,38.4,63.9,74.6,18.2
2020-09-30,36.1,24.3,47.2,56.8,48.5,17.9
2020-10-01,56,12.4,54.5,46.3,54.9,17.9
2020-10-02,43.5,21.2,43.1,51.3,53.3,18
2020-10-03,45.5,18.8,48.6,48.4,56.4,17.9
2020-10-04,48.4,18.8,35,51.2,47,17.7
2020-10-05,42.5,18.5,43.8,47,63.2,17.9
2020-10-06,49.2,18.3,45.5,47,65.8,17.8
2020-10-07,63.4,18.5,43.3,51,61.2,17.9
2020-10-08,54.3,21.7,51.7,51.6,58.6,18
2020-10-09,60.4,18.1,61,57,55.4,17.8
2020-10-10,43.8,22.5,45.7,53,51.2,17.7
2020-10-11,45.2,23.7,53.5,55.5,63.4,17.8
2020-10-12,40.6,17.5,31.2,44.8,63.3,17.7
2020-10-13,59.4,24.9,42.3,56.1,64.1,17.9
2020-10-14,51.3,17.1,49.5,42.9,63.2,17.8
2020-10-15,53.3,28.3,56.4,56.1,69,17.9
2020-10-16,51.9,21.8,42.9,48.1,62,17.7
2020-10-17,52.9,21.7,44.3,47.2,62.6,18.1
2020-10-18,51.1,17.8,47.3,56.1,60.3,18
2020-10-19,38.9,21.1,37.5,53.9,63.8,17.9
2020-10-20,46.7,21.9,43.1,53.2,65.3,17.9
2020-10-21,47.9,11.5,29.6,50.4,38.1,17.8
2020-10-22,61.9,22,48.6,48.3,67.4,17.9
2020-10-23,44.9,16.9,38.4,51.6,56.5,17.9
2020-10-24,42.4,26.2,42.1,52,49.9,17.9
2020-10-25,57.6,27,54.1,62.2,49.7,17.9
2020-10-26,38.9,22.9,27.9,44.8,45.2,17.9
2020-10-27,45.1,16,37,51.9,53.1,17.8
2020-10-28,63.9,24.4,55,55.8,48.5,18
2020-10-29,67.1,24.2,49,52.2,65.5,17.9
2020-10-30,67.2,18.4,49.8,55.1,69.3,18.1
2020-10-31,60.1,26.9,53.2,55.8,76.3,18.1
2020-11-01,56.8,21.6,44.8,59.4,60.2,17.9
2020-11-02,55,20.4,41.9,44.9,62.1,17.8
2020-11-03,45.5,15.6,39.9,48.5,46.1,17.9
2020-11-04,62.2,22.3,40.1,53.7,48.5,18
2020-11-05,54.4,29,40.3,47.5,72.3,18
2020-11-06,57.8,23.4,52.7,56.2,58.5,17.9
2020-11-07,57.4,21.2,49.8,56.6,63.1,18.1
2020-11-08,45.6,20,37.2,49.6,60.1,17.9
2020-11-09,57.6,30.8,46.7,51.6,74.8,18.2
2020-11-10,49.3,26.2,60.5,53.3,59.4,17.9
2020-11-11,58.9,24,47.2,53.1,62.2,17.9
2020-11-12,51.8,26,53.1,57.2,51.6,17.9
2020-11-13,41.1,16.8,56.7,57.4,53.7,17.9
2020-11-14,62.1,21.5,51.8,57.3,74.3,17.8
2020-11-15,50.2,20.8,47.9,52.3,51.6,17.9
2020-11-16,58.3,19.4,50,52.3,56.3,17.8
2020-11-17,59,22.6,52.4,60.5,67.7,17.9
2020-11-18,54.1,24,44.4,55.4,64.3,18
2020-11-19,53.1,23.8,50.8,58.1,62.2,17.8
2020-11-20,53.4,24.3,46.3,63.9,67.1,18.3
2020-11-21,49.7,25.2,35.1,59.5,56.8,18
2020-11-22,53.2,22.3,49.1,58.5,65.9,17.9
2020-11-23,65.9,29.7,61.2,56.9,68.8,18.1
2020-11-24,63.3,23.5,58.2,56.7,60.8,18.1
2020-11-25,55.7,20.8,44.9,59.1,56,17.9
2020-11-26,42.2,21.4,50,48.6,55,18
2020-11-27,63.6,25.6,48.4,55.8,67.1,17.7
2020-11-28,46.5,24.3,48.7,53.6,60.1,18.1
2020-11-29,56.8,23.6,60.8,53,64.6,17.8
2020-11-30,62.4,20.7,60.5,53.6,59.4,17.9
2020-12-01,56.5,26.5,47.2,57.8,60.9,17.9
2020-12-02,49.9,17.5,52.7,53.8,68.3,17.9
2020-12-03,53.2,22.4,60.9,50.1,68.4,17.9
2020-12-04,54.5,20,59.4,57.2,64.3,17.9
2020-12-05,43.2,15.8,50.5,50.7,66.8,17.8
2020-12-06,53.9,22.5,50.4,47.8,56,18
2020-12-07,60.9,24.6,43,53.7,59.1,17.9
2020-12-08,53.5,24.5,49.4,55.3,65.8,17.8
2020-12-09,56.7,27.5,48.6,54.9,62.9,18.1
2020-12-10,59.4,22.5,58.5,54.3,56.8,17.9
2020-12-11,45.2,23.1,43.6,54.2,71.6,17.8
2020-12-12,54.5,20.1,39.1,61.4,66.4,17.9
2020-12-13,44.4,23.9,48.4,59.5,69.3,17.8
2020-12-14,39.8,20.8,54.5,54,58.4,18.1
2020-12-15,50,24.7,50.6,54,58.6,17.8
2020-12-16,54.8,24.3,46.6,59.5,64.3,17.7
2020-12-17,61.4,30.6,52.9,51.5,71.1,18
2020-12-18,51.7,23.9,48.6,53.6,62.5,18
2020-12-19,57.1,24.7,52.7,61.4,69,17.8
2020-12-20,62.6,26.5,44.1,55.7,66.9,17.9
2020-12-21,57,27.2,46.3,55.2,74.9,18
2020-12-22,52.3,21.6,37.3,67.1,53.8,17.8
2020-12-23,62.2,23.8,37.8,57.1,60.5,17.9
2020-12-24,58.5,19,43.1,57.7,72.4,18
2020-12-25,49.6,28.1,59.6,47.5,69.4,17.7
2020-12-26,49.3,20.5,54.5,54.7,64.2,17.8
2020-12-27,65.6,23.9,55.3,58.7,70.7,18
2020-12-28,55.3,24.1,58.8,51.2,66.2,18
2020-12-29,43.5,23.9,48.8,54.5,56.9,17.7
2020-12-30,67.5,31.2,53.1,68.7,81.5,18.2
2020-12-31,52.7,23.2,46.5,53.5,62.7,17.8
2021-01-01,60.7,22.1,48,57.6,58.3,17.9
2021-01-02,45.1,25.9,44.4,51.4,60.4,17.7
2021-01-03,58.1,20.5,54.4,54.4,84.7,17.7
2021-01-04,44.4,23.7,46.7,58.6,72.1,17.8
2021-01-05,65.8,24.7,49.2,62.3,56.9,17.8
2021-01-06,50.1,19.3,40.3,53.3,47.1,17.7
2021-01-07,51.6,22.8,63,57.6,77.7,17.9
2021-01-08,41.5,22.2,49,42.9,51,17.6
2021-01-09,57,25.6,54.7,57.8,75.7,17.9
2021-01-10,59.6,23.5,57.2,56.1,61.1,17.9
2021-01-11,62.4,21.9,50.5,50.3,60.6,18
2021-01-12,53.3,24.1,51.7,53.7,54.1,17.9
2021-01-13,47.1,24.7,50,57.1,66.5,17.8
2021-01-14,40.8,23.1,48.9,48,68.8,17.8
2021-01-15,56.6,23.9,46.1,45.3,45.7,18
2021-01-16,57.4,20.8,54.4,55.2,52.3,17.8
2021-01-17,59.4,21.5,51.3,57.8,74.8,17.7
2021-01-18,38.4,20.6,43.2,48.1,55.4,17.6
2021-01-19,57.9,17.3,48,58.4,70.6,17.7
2021-01-20,56.6,27.3,57.2,62.3,77.1,17.7
2021-01-21,61.3,27.3,52.2,62.7,64.6,17.8
2021-01-22,52.7,24.3,39.7,49,55.3,17.8
2021-01-23,48,23.8,43.6,48.3,69.8,17.8
2021-01-24,48,20.1,40.1,48,54.4,17.6
2021-01-25,47.9,24.1,40.2,59,53.4,17.8
2021-01-26,61.5,24.1,56.1,57.2,73.6,18
2021-01-27,44.2,19.3,46.4,51.2,56.9,17.9
2021-01-28,61.6,26.5,53.1,60.5,66.6,18.1
2021-01-29,57.3,25,49.8,57.1,65.9,18.1
2021-01-30,57.9,17.8,40.1,56.3,59.4,17.8
2021-01-31,50.3,24.4,44.8,55,62.7,17.9
2021-02-01,57.2,23,52.5,54.7,59.4,18
2021-02-02,65.5,31.4,46.2,60.4,71.6,18.1
2021-02-03,54.9,21.4,48.6,56.4,64.6,18.1
2021-02-04,54.7,20.8,42.1,58.6,57,17.7
2021-02-05,55.1,20.2,58.6,57.4,55.1,18
2021-02-06,41.4,22.7,50.5,54.6,53.5,17.7
2021-02-07,49.8,22.5,43.2,48.8,54.3,18
2021-02-08,59.6,21.8,33.1,54.2,63.4,18.1
2021-02-09,58.9,29.5,64.7,52.9,65.5,18
2021-02-10,63.7,22.6,62.1,56.1,67.6,17.9
2021-02-11,46.6,17.4,28.7,52.2,44.2,17.8
2021-02-12,59.2,24.3,46.7,46.4,63.9,18.1
2021-02-13,48.7,19.7,44.3,50.3,59.6,17.9
2021-02-14,46.8,19.3,30.3,50.4,57.2,18
2021-02-15,68.2,29.7,54.8,56.5,59.5,18
2021-02-16,55,25.8,52.7,64.7,68.6,17.9
2021-02-17,38.2,17.4,39.3,46.4,55,17.9
2021-02-18,52.3,24.6,42.6,50.5,70.2,18.2
2021-02-19,52.5,20.1,43.6,45.1,48.1,17.9
2021-02-20,46.6,16.5,53,54.4,45.5,18
2021-02-21,34.8,23.5,27.8,57,61.1,17.9
2021-02-22,50.7,19.5,44.6,53.1,68,18.2
2021-02-23,47.9,17.2,43.9,47.8,40,18.1
2021-02-24,49.4,16.1,37,49.8,56.9,18.1
2021-02-25,67.6,27.2,68.3,61.1,83.2,18.2
2021-02-26,58.3,21.7,56.8,49.6,55.4,18
2021-02-27,56,23.1,53.3,59.1,60.4,18
2021-02-28,70.9,20.1,39.8,54.8,57.4,18
2021-03-01,62.1,23.8,51.6,52.7,63.7,18.1
2021-03-02,43.4,23.1,40.2,57.2,61.3,18
2021-03-03,56.7,23.9,46.8,57.3,76.1,18.2
2021-03-04,56.9,25.6,59.3,54.7,72.5,17.9
2021-03-05,53.1,22.1,39.9,51.5,65.4,18
2021-03-06,48.9,21.2,44.6,54.4,78.2,18
2021-03-07,35.2,17.9,37,54.9,52.1,17.9
2021-03-08,48.5,21.8,41.5,53.4,60.2,17.9
2021-03-09,43.7,20.7,41.4,50.3,52.7,18
2021-03-10,39.7,19.1,34.1,53.6,57.2,17.7
2021-03-11,48.6,24.3,43.9,66.3,60.4,18.3
2021-03-12,56.2,16.9,40.7,64.4,61.9,18.1
2021-03-13,52.7,21.8,45.4,52.4,62.7,18.1
2021-03-14,53.2,22.4,41,50.8,59.9,18
2021-03-15,57.1,20.4,49.8,59,51.9,18
2021-03-16,59.3,26.6,43.1,57.5,62.9,18.2
2021-03-17,54.8,15.6,39.1,46.7,61.2,17.9
2021-03-18,50.4,17.3,43.1,55.2,61.3,18
2021-03-19,50.4,23.4,40.4,51.7,66.8,18
2021-03-20,45.4,22.5,54.5,54.6,47.2,18
2021-03-21,47.6,13.2,44,43.8,53.8,18.2
2021-03-22,41.7,23.9,36.1,54.7,63,18
2021-03-23,49.7,23.6,52.1,57,50.1,18.1
2021-03-24,48,18.6,36.6,54,69.3,17.9
2021-03-25,44.8,21.7,49.5,49.9,53.1,18.1
2021-03-26,43.6,17,41.4,49,52.1,18
2021-03-27,36.7,16.5,43.8,49.9,55.3,17.9
2021-03-28,52.1,20.2,33.9,51.3,52,18
2021-03-29,50.3,20.2,52.5,49.2,57.4,18.3
2021-03-30,42.2,20.3,45.7,60.8,62.2,17.9
2021-03-31,42,20.7,44,50.9,54.9,18.1
2021-04-01,35.2,17.8,29.5,42.3,54.6,17.9
2021-04-02,56.7,24.8,47.9,54.3,47.9,17.9
2021-04-03,41.5,22.7,36.8,56.1,55.6,18
2021-04-04,46,19.3,36.7,54.3,50.2,18
2021-04-05,55.5,21.5,47.8,57.4,50.9,18
2021-04-06,43.4,28.4,33.6,48.1,56.1,18
2021-04-07,62.2,22.5,47.7,52.8,62.9,18.1
2021-04-08,58,18.8,49,54.7,55.3,18
2021-04-09,26.1,13,26.1,47.2,39.5,17.9
2021-04-10,35.2,15.2,32.1,49.8,55.5,17.9
2021-04-11,51.5,21.1,47.5,55,72.6,18.1
2021-04-12,47.7,24.3,45,54.8,53,18.2
2021-04-13,51.9,20.8,44.5,55.2,42.9,18
2021-04-14,46.8,24.1,41.4,57.1,57.1,18.1
2021-04-15,49.7,20,45.3,43.4,48.4,17.8
2021-04-16,49.2,21.3,32.8,43.8,60.2,17.9
2021-04-17,46.6,20.5,39.9,43.9,42.9,18
2021-04-18,43.4,17.3,40.8,43.2,48.4,18.1
2021-04-19,37.5,14.2,42.6,50.6,41,18.1
2021-04-20,45.4,26.9,37.1,44.2,55.3,18.1
2021-04-21,35.6,17.7,48.3,50.8,43.1,17.9
2021-04-22,51.7,20.8,40.4,45.3,46.8,17.9
2021-04-23,44.9,20.6,31.6,49.6,51.4,18.1
2021-04-24,34.3,18.1,43.4,46.9,49,18
2021-04-25,41.7,22.2,48.3,58.9,65.9,18
2021-04-26,55.3,23,38,50.6,45.7,17.9
2021-04-27,49.2,15.9,37.9,41.6,48.4,18.1
2021-04-28,33.2,23.9,44.5,54,40.3,18
2021-04-29,44.4,17,38,46.9,59,17.7
2021-04-30,53.8,20.4,41.7,51.6,62.1,18
2021-05-01,53.9,19.5,37.4,54.5,44.6,17.9
2021-05-02,54.9,21.5,59.2,61.1,60.6,18
2021-05-03,40.8,17.2,34.2,52.3,55.9,17.9
2021-05-04,37.3,18.4,40.4,45.1,51.5,18
2021-05-05,40,22.4,42.7,53.4,45.3,17.8
2021-05-06,55.6,24.9,53.4,60.6,79.7,18
2021-05-07,47,19.7,33.6,51.9,58.5,17.8
2021-05-08,41.7,21.9,46.4,50,63.7,17.9
2021-05-09,44.1,21.3,48,51.9,59.4,17.9
2021-05-10,43.3,13.6,35.9,49.4,60.7,18
2021-05-11,41.1,18.3,37.4,49.5,50.5,17.8
2021-05-12,43.2,13.9,35.1,49,47.1,17.8
2021-05-13,53.8,17.7,36.8,45,30.3,17.7
2021-05-14,42.9,20.4,40.7,60.2,59.4,17.8
2021-05-15,34.3,20.3,39.7,35.1,48.8,17.9
2021-05-16,35.9,18.9,28.5,44.5,45.7,18
2021-05-17,56.4,21.6,35.5,52.6,70.8,17.9
2021-05-18,50.2,22.8,51.1,42.2,45.5,17.9
2021-05-19,46.6,13.2,23.5,39.7,32.2,17.7
2021-05-20,53,23.7,35.2,45.3,60.7,17.7
2021-05-21,41.7,17.3,42.1,53.9,48.6,17.9
2021-05-22,44.8,17.9,43.8,43.4,57.6,18.1
2021-05-23,40.3,19.4,46.4,42.9,58.7,17.9
2021-05-24,40.9,18.6,39.5,50.9,51.3,17.9
2021-05-25,42.8,18.8,44.4,53.3,48.9,17.8
2021-05-26,51.4,15.2,31.7,48.1,52.3,17.8
2021-05-27,39.5,19.9,31.3,47.3,50.8,17.5
2021-05-28,22.4,12.2,26.9,44.9,33.3,17.6
2021-05-29,44.7,16.3,40.3,54,46.9,17.9
2021-05-30,40.9,15.3,21.5,50.4,47.2,17.6
2021-05-31,33.3,19.3,35.3,49,53.8,17.8
2021-06-01,38.8,16.4,53.7,45.6,58.5,18
2021-06-02,42,10.7,40.3,47.2,48.5,17.9
2021-06-03,52.1,23.4,37.2,52.3,59.9,17.9
2021-06-04,31.8,20.8,47.8,48.3,55.3,18
2021-06-05,34.9,9.5,31.8,43.2,41.4,17.5
2021-06-06,27.4,12.2,35.9,34.8,35.7,17.7
2021-06-07,41.7,9.8,44.7,43.2,39.3,17.6
2021-06-08,55.2,16.1,45.4,51.4,51.4,17.8
2021-06-09,36.3,14.6,38.8,47.8,56.9,17.7
2021-06-10,47.7,20.4,41.7,52.5,41.6,17.7
2021-06-11,39.9,14.4,26.8,43.9,35.2,17.7
2021-06-12,37.4,17.8,29.2,40.5,34.9,17.6
2021-06-13,47.9,19.4,38.3,55.5,46.6,17.9
2021-06-14,42.9,19,44.2,45,54.8,17.9
2021-06-15,58.5,17,37.4,52.5,48.1,17.8
2021-06-16,43.7,16.6,33.2,40.5,50.6,17.9
2021-06-17,40.8,17.6,37.5,51.5,39.4,18
2021-06-18,53.3,15.7,31.4,52.8,51.2,17.8
2021-06-19,45.2,19.2,25.7,49.5,60.2,17.9
2021-06-20,50.3,17,39,53.2,48.4,17.8
2021-06-21,42.5,18.6,46.5,53.2,46.3,17.8
2021-06-22,34.4,14.3,27,55.1,45.2,17.8
2021-06-23,38.3,13.4,40.7,48.6,51,17.8
2021-06-24,38.2,14.4,24.9,44.9,20.6,17.7
2021-06-25,30.2,16.6,40.8,52.2,40.7,17.9
2021-06-26,40.6,19.7,45.3,46.7,57.9,18
2021-06-27,50.4,20.8,42.8,54,56.6,17.9
2021-06-28,44.4,17.8,33.1,50.9,44.9,18
2021-06-29,41.2,16.2,36.5,43.8,46.1,17.7
2021-06-30,39.6,12.7,36.2,47.5,57.1,17.7
2021-07-01,50.7,15.2,27.6,49.5,48.1,18
2021-07-02,40.8,21.2,44.8,47.3,52.5,17.9
2021-07-03,37.5,19.7,35.3,43.7,51.8,17.7
2021-07-04,28.1,11,25.7,42.3,44.9,17.8
2021-07-05,49.3,18.7,29.6,43.8,39.2,17.9
2021-07-06,50.5,21,37.7,52.6,49.4,17.7
2021-07-07,42.6,19.3,45.3,51.2,50.8,17.8
2021-07-08,42.6,21.6,27.6,56.2,47.7,18
2021-07-09,16.9,16.4,36.8,45.1,46.9,17.6
2021-07-10,54.1,18.6,47.7,55,35.6,18
2021-07-11,47.6,17.4,44.3,44.4,51.9,17.6
2021-07-12,41.9,11.1,34.3,46.2,39.3,17.7
2021-07-13,38.7,16.8,32.9,46.3,40,17.7
2021-07-14,21.7,13.4,25,41.4,28,17.8
2021-07-15,40.4,20.3,42.7,44.7,29.4,17.8
2021-07-16,52.1,21.4,44.4,52.3,48.4,18.1
2021-07-17,49.8,21.7,47.5,52,64.3,18.1
2021-07-18,48.4,18.6,41.5,46.5,62.3,17.9
2021-07-19,36.6,14.5,32.2,44.4,40,17.8
2021-07-20,35,13.7,25.6,49.1,44,17.8
2021-07-21,39.1,21.8,39.3,47.9,46.2,17.8
2021-07-22,38.2,18.5,25.7,42,34.4,17.8
2021-07-23,41.8,21.3,37.1,47.4,42.6,17.9
2021-07-24,57.2,21.4,50.7,52.4,63.3,18.1
2021-07-25,57.6,13.7,41.6,41.9,50.1,17.7
2021-07-26,40,17.4,38.3,49.7,45,17.8
2021-07-27,35,15.5,29.5,45.4,45.5,17.7
2021-07-28,41.8,16.6,31.6,41.9,39.1,17.6
2021-07-29,41.5,17,50.3,40.3,49.4,17.9
2021-07-30,36.4,21.6,34.3,53,54.9,17.9
2021-07-31,37.3,16.4,32.4,40.2,42.1,17.6
2021-08-01,34.5,16.9,46.2,35,51.8,17.5
2021-08-02,55.5,20,40.5,60.5,76.3,18.1
2021-08-03,51.6,20.5,32.2,41.4,34.3,17.7
2021-08-04,33,15.3,25.5,43.9,45.2,17.8
2021-08-05,39.7,19.6,36.7,50,48.2,17.8
2021-08-06,33.7,17.1,33.3,47.1,28.6,17.5
2021-08-07,47.4,15,34.5,45.3,45.1,17.8
2021-08-08,37,17.3,30.1,41,55.5,17.6
2021-08-09,42.1,19.5,35.3,40.2,45.2,17.7
2021-08-10,40,14,32.6,48.1,45.5,17.7
2021-08-11,53.2,13.9,38.7,47,44.2,17.5
2021-08-12,44.1,15.4,28.1,50.5,42.9,17.7
2021-08-13,45.2,22.5,45.8,51.4,54,17.9
2021-08-14,48.7,20.6,45,50.7,65.7,17.8
2021-08-15,56,21.1,38,55.7,53.9,17.8
2021-08-16,47.7,18.4,48.9,50.4,52.5,18
2021-08-17,40.2,19.3,29.8,46.5,35.8,17.8
2021-08-18,37.6,20.7,45.5,41.4,60.7,17.7
2021-08-19,50.2,17.2,39.3,42.8,50.6,17.8
2021-08-20,38.4,18.7,28.7,42.3,42.4,17.7
2021-08-21,39,17.7,36,51.6,38.7,17.7
2021-08-22,52.2,19.1,36.8,48.8,47.2,17.9
2021-08-23,49,22.6,35,52,58.6,17.7
2021-08-24,41.2,18.9,29.7,42.5,45.4,17.8
2021-08-25,39.9,18.4,41.2,50.4,67.8,17.9
2021-08-26,46.1,18.4,48.4,51.4,52.8,17.8
2021-08-27,42.2,20.1,38.6,49.5,54.1,17.8
2021-08-28,38.8,21.7,43,41.8,37.3,17.9
2021-08-29,39.3,23.9,37.9,55.7,52.1,17.8
2021-08-30,46.4,22.2,45.9,47.2,48.3,17.8
2021-08-31,50.7,20.6,42,48.3,58.8,18
2021-09-01,45.6,16.5,32.9,49.4,48.6,17.7
2021-09-02,44.1,23.3,38.6,45.2,51.5,17.6
2021-09-03,43.2,21.7,43.6,54.6,61.4,18
2021-09-04,50.5,23.3,46,43.9,51.2,18
2021-09-05,35,19.1,46.4,46.4,54,17.8
2021-09-06,43.1,18.5,35.2,46,35.9,17.8
2021-09-07,39.4,14.1,32.3,48.2,56.5,17.7
2021-09-08,40.8,14.3,38.1,48.2,58.9,17.7
2021-09-09,42.4,21.8,42,55.2,61,17.9
2021-09-10,40.3,11.4,35.7,38.8,52.2,17.8
2021-09-11,49.6,18.8,41,60.4,64.4,18
2021-09-12,49.7,19.9,43.3,44.5,49.6,17.8
2021-09-13,49,23.2,33.6,53.6,52.3,17.8
2021-09-14,45.4,19.6,34.9,44.1,51.5,17.8
2021-09-15,52.4,18.2,37,51.5,71.2,17.8
2021-09-16,54,22,45.2,56.9,56.9,18
2021-09-17,42.8,16.7,44,52.9,65,17.6
2021-09-18,44.4,20.9,38.7,53.2,38.6,17.8
2021-09-19,39.9,17.5,40.8,50.6,68.2,17.9
2021-09-20,45.6,18.6,48.3,55.5,54.6,18
2021-09-21,38.5,20.1,33.3,42.1,47.6,17.9
2021-09-22,47.5,19.9,43,54.9,55.4,17.7
2021-09-23,57,25.5,62.2,53.8,70.7,18
2021-09-24,38.5,17.4,33.7,44.8,42.2,17.9
2021-09-25,45.8,22.1,56.2,45.1,66.4,18.2
2021-09-26,53.4,25.7,68.9,55.2,73.5,18.1
2021-09-27,51.3,18.4,42.8,58.7,55.3,18
2021-09-28,55.2,20.8,35.5,46.9,45.5,18
2021-09-29,29.4,17.3,31.5,45.2,47.1,17.8
2021-09-30,52.2,26.4,48.2,56.2,59.6,18.2
2021-10-01,56.2,20.7,46.9,49.8,67.6,18
2021-10-02,57.9,16.9,44.9,48.8,54,18
2021-10-03,49.9,18.9,39.7,57,61.9,18.1
2021-10-04,32.6,25.7,38.5,49.4,40.3,18.1
2021-10-05,42.1,17.6,38.6,50.3,58.8,18.1
2021-10-06,56.4,16.3,46.1,53,68.8,18.1
2021-10-07,47.6,21.7,50.6,49.5,60,17.9
2021-10-08,57.2,21.2,38.1,51.5,54,18
2021-10-09,46.3,16.9,49.3,52.6,50.3,17.9
2021-10-10,42.3,18.5,36,46.4,54.8,17.8
2021-10-11,41.7,15.7,35.2,43.1,51.2,17.7
2021-10-12,45,15.6,34.4,56.7,65,18.1
2021-10-13,39.5,18.7,45.7,50,47.3,18
2021-10-14,51.6,26.1,53.8,44.8,55.4,18.2
2021-10-15,50.9,22.5,48.3,59.5,52.6,18.2
2021-10-16,53.1,18.4,45.3,55.5,61.2,18.2
2021-10-17,48.2,20.3,53,54.1,69.5,18
2021-10-18,51.9,18.8,38.6,46,50.9,18
2021-10-19,60.5,13.7,54.4,51.3,59.6,18.1
2021-10-20,60.1,17.8,39.9,55.8,55.9,18
2021-10-21,41.1,23,46.2,55.5,71.5,17.9
2021-10-22,66.9,31.8,65.2,52.7,70.4,18.2
2021-10-23,52.2,22,42.3,53.1,70.3,18
2021-10-24,57.1,29.2,64.8,49.8,69.3,18.1
2021-10-25,51.7,22.8,63.7,61,71.4,18.1
2021-10-26,38.4,16.5,47.6,55.4,53.4,18
2021-10-27,48.3,25.5,55.6,50.7,69,17.9
2021-10-28,58.7,22.7,51.7,57.3,70,18.2
2021-10-29,48.6,20.1,35.6,46.7,57.3,17.9
2021-10-30,41,17.4,28.4,53.3,38.1,18
2021-10-31,47.6,21.8,43.8,56.4,57.6,18.1
2021-11-01,45.8,22.4,54.7,61.6,62.1,18.1
2021-11-02,49.9,18.8,45.2,48.6,57.5,18.1
2021-11-03,48.1,22.2,48.2,52.9,50.1,18.1
2021-11-04,42.7,15,36.3,49.8,47.7,18
2021-11-05,50.6,22.3,49.5,56.9,57.6,18.1
2021-11-06,46.3,21.9,47.6,46.5,65.4,17.9
2021-11-07,54.4,20.6,48.8,53.6,61.2,18.2
2021-11-08,49.8,20.1,34.6,49,57.5,18
2021-11-09,50.9,20.2,40.1,50,52.7,18.1
2021-11-10,60,24.4,49,54.8,55.1,18.3
2021-11-11,53.7,21.4,46.2,62.4,62,18.4
2021-11-12,50.7,22.5,38.5,52.3,58.5,18.2
2021-11-13,39.2,19.7,34.7,52.2,55.4,18.2
2021-11-14,44.8,22.1,47.7,58.1,62.5,18.1
2021-11-15,48.4,16,43.6,48.9,63.6,17.9
2021-11-16,68,28.6,70.9,67.8,78.7,18
2021-11-17,59.1,26,52.4,61.7,54.9,18.3
2021-11-18,64.3,23.7,48.3,57.8,46.4,18.2
2021-11-19,52,23.6,37.6,51.3,67,18.1
2021-11-20,38,23.7,43.9,45.3,65.7,18
2021-11-21,55,19.5,53.4,60.9,59.7,18.3
2021-11-22,47.2,18.1,49,55.9,68.9,18.2
2021-11-23,52.3,24.4,52.1,56.4,59.6,18.1
2021-11-24,45.1,23.7,48.4,49.6,68,18
2021-11-25,35.8,19.1,41,53,61.4,17.9
2021-11-26,51.3,23.3,52.4,52.8,75.7,18.2
2021-11-27,70.4,21.7,51.7,60.6,66,18.3
2021-11-28,38.7,14.5,42.7,50,58.3,18.1
2021-11-29,64.4,24.3,61.1,55.5,68.2,18.3
2021-11-30,51.6,25.4,42.4,57.7,52.8,18.1
2021-12-01,67.8,21.9,54.1,53.1,68.1,18.2
2021-12-02,46.2,19.6,40.6,54.2,41.5,18
2021-12-03,62.4,22.4,65.2,56.2,68.8,18.1
2021-12-04,58.3,24,47.4,63,75.6,18.1
2021-12-05,70.5,25,50.4,54,58,18.1
2021-12-06,52,18.5,43.6,47.2,52.2,17.9
2021-12-07,55.4,24.5,46.2,59.1,64.5,17.9
2021-12-08,56,27.2,50.1,58.2,64.5,18
2021-12-09,53.4,23.9,44.8,53.7,68.9,18.1
2021-12-10,60.7,26.2,47.3,51.8,65.4,18
2021-12-11,45,26.6,58.3,58.8,63.2,18.2
2021-12-12,58.8,21.3,34.3,55.8,68,17.9
2021-12-13,56.5,23.1,60.5,52,67.5,17.8
2021-12-14,61.6,19.8,52.1,56.8,63,18.1
2021-12-15,52.1,25.6,44.1,56,48.6,18.1
2021-12-16,61.1,25.4,49.6,54.7,56.1,18
2021-12-17,68.1,27.1,59.7,67,62.9,18.2
2021-12-18,51.6,22.4,46.6,52.1,68.7,17.8
2021-12-19,52.2,24.2,56.7,55,60,18
2021-12-20,53.1,21.1,43.4,50.8,64.5,18
2021-12-21,46.1,20.2,45,51.6,61.7,18
2021-12-22,51.8,26.3,49.8,56.5,56.3,17.9
2021-12-23,55.3,25.4,46.2,57.1,79.3,18.2
2021-12-24,36.5,18.1,48.3,55.4,54.9,17.9
2021-12-25,67.3,27.5,51.3,57.6,79,18
2021-12-26,52.6,26,52.5,49.3,81.5,18
2021-12-27,43.6,21.4,43.1,55.4,57.6,17.8
2021-12-28,54.3,18.7,34.6,53,58,17.8
2021-12-29,47.4,20,50.2,59.5,70.3,17.9
2021-12-30,61.6,19.3,54.2,55.6,70.6,17.9
2021-12-31,65.5,26,51.5,55.4,62.9,18
2022-01-01,54.2,22.6,42.5,55.3,71.5,18.1
2022-01-02,63.1,29.2,54.1,49.4,64.8,18
2022-01-03,59.6,21.3,46.6,53.1,62.7,17.9
2022-01-04,62.9,21.9,47.2,51.2,54.6,18
2022-01-05,50,23.3,53.1,55.3,71.4,17.9
2022-01-06,64.8,25.1,46.1,56.5,66,18.2
2022-01-07,56.6,25,57.5,54.7,67.2,18
2022-01-08,51.5,24.7,48.5,62.4,61.8,18
2022-01-09,69.1,23.1,52.2,48.8,70.8,18.2
2022-01-10,54,24.3,54.4,61,62.8,17.9
2022-01-11,47.9,19.7,46.3,46.6,63.6,17.8
2022-01-12,48.9,26.5,49.3,61.5,66.2,17.9
2022-01-13,42.7,19.5,42.1,55.7,57.5,18
2022-01-14,50.8,26.2,52.6,49.5,55.8,17.9
2022-01-15,43.5,21.6,35,45.2,57.1,17.7
2022-01-16,45.6,22,48.4,55.9,53.6,17.9
2022-01-17,50.5,22.6,44,55.7,57.4,18
2022-01-18,43,22.5,41.3,49.3,53.7,17.9
2022-01-19,43.8,21.2,44.4,49.3,57.8,17.8
2022-01-20,54,25.1,42.7,51.2,51.2,17.8
2022-01-21,46,19.8,37.1,55.8,61.7,17.8
2022-01-22,57.9,24.8,50,58,69.4,17.9
2022-01-23,50.2,21.6,36.4,51.3,46,17.9
2022-01-24,35.4,16.4,39,49.4,55.1,17.6
2022-01-25,59.5,24.8,55.1,NA,70.9,17.8
2022-01-26,44.9,18.8,48.9,NA,63.2,17.6
2022-01-27,60.4,19,53.2,NA,57.9,17.6
2022-01-28,53.5,30.2,64.7,NA,81.2,17.9
2022-01-29,71.4,26.8,55,NA,77.5,17.9
2022-01-30,46.1,19.7,51.6,NA,54.2,17.9
2022-01-31,50.8,20.2,49.5,NA,65.4,17.8
2022-02-01,35.9,18.9,31.8,NA,49.7,17.6
2022-02-02,61.6,28.9,63.9,NA,72.6,18.1
2022-02-03,39.8,25.9,43,NA,60.2,17.7
2022-02-04,45,19.7,52.5,NA,59.2,17.6
2022-02-05,42.7,23.5,47.9,NA,60.8,17.8
2022-02-06,50.4,20.2,37.7,NA,59.7,17.8
2022-02-07,62.6,17.1,47.9,NA,55.9,17.7
2022-02-08,50.8,18.4,40,NA,47.4,17.7
2022-02-09,49.1,21.2,47,58,63.9,17.7
2022-02-10,61.4,24.6,42.9,53.5,65.1,17.8
2022-02-11,51,21.5,47.2,49.4,68.8,18
2022-02-12,39.7,16.5,42.8,56.2,43.7,17.9
2022-02-13,55.2,24.4,46.5,60.7,58.9,17.9
2022-02-14,36.9,20.9,37.2,49.9,50.5,17.7
2022-02-15,47.7,21.7,43.1,50.5,49.8,17.8
2022-02-16,63.3,23.8,48.1,52.8,57.2,17.7
2022-02-17,45.5,23.7,50.3,55.8,68.7,17.9
2022-02-18,64.9,27.4,47.9,58.8,67.2,18
2022-02-19,38.1,12.7,37.5,42.2,52.1,17.4
2022-02-20,53.2,25,59.9,62.7,84.1,17.9
2022-02-21,49.3,22.3,49.4,56.9,60.6,17.8
2022-02-22,52.3,19.1,50.8,45.1,47.5,17.8
2022-02-23,52.1,29.2,54.4,56.8,69.4,18
2022-02-24,47.6,26.5,56.3,58.2,65.5,17.7
2022-02-25,51.8,24.7,46.7,56.6,54.6,17.8
2022-02-26,40.1,16.8,40.2,53.7,61,17.8
2022-02-27,44.3,20.4,38.9,52.5,62,17.7
2022-02-28,60.1,25.4,57.5,60.5,71.8,17.8
2022-03-01,45.1,22.8,32.8,41.9,37,17.5
2022-03-02,57.9,18.3,34,51.2,54.1,17.7
2022-03-03,38.8,21.2,34.4,49,55.4,17.7
2022-03-04,56.1,23,60.3,53.9,63.3,17.9
2022-03-05,48.4,18,42,53.3,53.6,17.6
2022-03-06,48.3,21.8,44.2,56.9,55.2,17.6
2022-03-07,47.6,22.8,52.1,58,86.6,17.7
2022-03-08,38.3,11.2,36.3,43.3,45.9,17.5
2022-03-09,56.6,23.5,46,59.1,70.9,17.7
2022-03-10,60.8,21.9,47.2,48.5,51.7,17.7
2022-03-11,38.4,21.4,39.1,41.6,59.3,17.5
2022-03-12,45.4,20.3,50.3,42.3,44.9,17.5
2022-03-13,57,28.2,52.4,48.6,58.7,17.9
2022-03-14,53.2,24,43.9,48.5,61.6,17.7
2022-03-15,49.7,22.8,55.5,52.3,61.3,17.8
2022-03-16,38.1,17.1,43.2,51.8,54.6,17.6
2022-03-17,49,25.3,64.5,57.5,66.2,17.8
2022-03-18,46.3,19,48.7,51.4,62.7,17.6
2022-03-19,37.9,16.1,29.4,41.2,51.3,17.6
2022-03-20,51.8,21.5,39.8,60.9,61.5,17.7
2022-03-21,52.1,21.1,48,50.8,50.3,17.8
2022-03-22,43.4,24.9,41.4,43,53.2,17.7
2022-03-23,45.7,21.1,38,56.8,61.3,17.6
2022-03-24,46.7,20.3,43.5,52.7,44.3,17.7
2022-03-25,51,18.9,49,56.1,55.8,17.5
2022-03-26,39.1,20.5,50.2,54.7,63,17.5
2022-03-27,32.5,14.4,22.4,46.9,37.9,17.3
2022-03-28,38.8,25.8,50.8,51.9,36.4,17.5
2022-03-29,55.1,25.4,43,50,64.3,17.6
2022-03-30,43.2,19.8,45.5,45.6,62,17.7
2022-03-31,56.3,15.8,35,48,41,17.6
2022-04-01,48.6,22,37.4,51.8,51.7,17.7
2022-04-02,60.3,23,46.6,55.6,60.5,17.6
2022-04-03,53.3,20.5,56.2,59.6,61.4,17.5
2022-04-04,43.1,16.7,53.2,44.8,61.7,17.4
2022-04-05,42.1,15.5,49.2,50.8,48.7,17.5
2022-04-06,42.4,23.4,49.8,51.9,52.8,17.4
2022-04-07,36.3,18.7,33.7,49.4,58,17.5
2022-04-08,35.7,17.9,49.6,53.9,53.3,17.3
2022-04-09,43,20.7,31.3,54.6,46,17.6
2022-04-10,42.4,21.2,43.6,48,47.7,17.6
2022-04-11,41.8,22.9,52.8,47.5,40.8,17.4
2022-04-12,55.2,21.2,43.6,45.5,60.9,17.6
2022-04-13,46,15.9,49.9,53.7,48.7,17.4
2022-04-14,44,26.5,32.2,54.6,41.8,17.4
2022-04-15,47.7,17.7,40,43.7,36.2,17.3
2022-04-16,60.9,21.7,43.8,49,63.7,17.5
2022-04-17,46.4,20.3,35.4,51.6,41.6,17.4
2022-04-18,46.4,19.6,43.7,46.3,46.3,17.4
2022-04-19,46.4,20.7,33.6,47,51.8,17.7
2022-04-20,59.6,21,49.2,47.8,71.2,17.6
2022-04-21,39.7,20.5,37,47.8,48.4,17.7
2022-04-22,31.5,16.4,30.7,47.9,53,17.4
2022-04-23,39.9,21.8,50.2,47,59.6,17.6
2022-04-24,50.3,25.3,49.9,54.4,59.4,17.8
2022-04-25,35.1,12.6,25.2,39.8,60.2,17.4
2022-04-26,44.8,14.5,37.8,45.4,55.7,17.3
2022-04-27,41.2,24.7,47.9,52.5,54.5,17.7
2022-04-28,53.4,13.1,31.4,43.4,49.1,17.5
2022-04-29,36.6,12.4,33.2,44.7,56.1,17.5
2022-04-30,47.4,17.8,49,52.3,64.7,17.7
2022-05-01,48.1,14.4,34.8,47.1,43.3,17.4
2022-05-02,47.1,16.6,29,44.1,48.6,17.6
2022-05-03,36.7,20.9,45.4,46.4,39.5,17.7
2022-05-04,41.6,21.8,42,50.7,60.2,17.6
2022-05-05,41.4,16.1,37.5,50.2,62.3,17.2
2022-05-06,27.3,16,31.4,49.3,38.3,17.2
2022-05-07,53.4,18.7,42.9,55.1,47.6,17.4
2022-05-08,32.9,18,31.1,50,47.6,17.4
2022-05-09,47.6,9.9,43.5,55.6,55.8,17.6
2022-05-10,33.6,17.4,47.7,45.9,41.4,17.3
2022-05-11,50.7,17.9,19.8,43.6,42.5,17.2
2022-05-12,32.9,15.2,30.9,47.3,43.5,17.4
2022-05-13,39.6,16.5,40.4,47.9,40.6,17.3
2022-05-14,36.6,17.2,33.9,39.1,39.9,17.3
2022-05-15,43.6,21.1,47.1,50.1,56.6,17.6
2022-05-16,41.6,17.1,36.4,54.6,49.3,17.6
2022-05-17,44,18.3,39.5,44.2,50.1,17.5
2022-05-18,39.1,13.2,33.4,47.8,46.6,17.4
2022-05-19,44.6,23.3,42.5,55.4,57.6,17.4
2022-05-20,39.7,18.2,34.8,49.9,44.3,17.4
2022-05-21,43.7,19.5,37.9,44.8,62.9,17.4
2022-05-22,33.3,18.9,19.7,39,48.8,17.3
2022-05-23,44,13.7,27.6,51.9,47.7,17.3
2022-05-24,46.1,17.1,37.8,50.5,57.4,17.5
2022-05-25,34,18.9,33.1,39.4,39.6,17.3
2022-05-26,32.7,18,22.1,38.7,47.9,17.2
2022-05-27,24.5,17.8,31.3,45.5,47.1,17.1
2022-05-28,43.5,11.5,37.6,48.9,36.3,17.4
2022-05-29,44.8,14.8,42.8,47.8,51.9,17.4
2022-05-30,38.9,15.9,45.4,40,36.1,17.1
2022-05-31,43.1,17.4,43.2,51,54.2,17.3
2022-06-01,30.2,15.1,35.5,51.5,53.3,17.4
2022-06-02,35.2,18.4,40.6,44.7,54.4,17.3
2022-06-03,31.2,17.4,32.6,41.3,18.6,17.4
2022-06-04,33.2,13.3,28,45.4,53.9,17.4
2022-06-05,44.9,12.3,23,43.6,47.7,17.3
2022-06-06,34.7,13.5,33.6,43.7,38.4,17.2
2022-06-07,38.6,17.2,36.8,39.8,41.5,17.3
2022-06-08,38.7,17,36.5,39.7,45.1,17.3
2022-06-09,28.4,17,32.1,49,44.1,17.2
2022-06-10,32.9,18.4,32.8,48,36.6,17.4
2022-06-11,33.4,14.8,28.6,51.2,46.2,17.5
2022-06-12,32,18.2,36.5,33.1,41.4,17.3
2022-06-13,43.7,11.7,40.8,53.6,44.7,17.5
2022-06-14,45.1,20.7,38.7,47.9,36.5,17.3
2022-06-15,37.1,18.8,42,46.6,43.4,17.4
2022-06-16,39.3,15.8,20.3,40.4,47,17.4
2022-06-17,46.5,21.9,43.8,42.7,55.3,17.7
2022-06-18,32.6,22.3,37.2,54,48.7,17.4
2022-06-19,21.3,17.5,36.9,48,36.1,17.4
2022-06-20,49.6,19,36.4,51.2,39.3,17.5
2022-06-21,53.6,25.3,43.6,48.6,66.2,17.6
2022-06-22,41.2,18.4,38.5,51.2,50.9,17.4
2022-06-23,51.1,19.3,45.1,54.1,53.3,17.4
2022-06-24,42.3,21.7,37.2,50.8,50,17.6
2022-06-25,34.5,19.4,41.6,55.3,54.1,17.4
2022-06-26,44.8,17.6,46.5,43.7,50.1,17.4
2022-06-27,45.3,18,38.4,44.5,48.4,17.6
2022-06-28,53.3,21.3,51,59,49.8,17.5
2022-06-29,40.5,22.2,33.7,48.9,59,17.4
2022-06-30,36.4,16.8,27,45.9,61.3,17.4
2022-07-01,42.3,18.3,41.2,36.8,50.3,17.4
2022-07-02,60.4,20,38.8,55.5,57.4,17.7
2022-07-03,43.1,16.5,42.4,42.5,46.4,17.5
2022-07-04,33.1,13.5,37,45.1,58,17.4
2022-07-05,21.9,10.6,36.7,43.4,34.6,17.4
2022-07-06,35.9,19,36,44.4,30,17.5
2022-07-07,42.7,14.4,41.7,50,45.1,17.4
2022-07-08,47,21.4,39.8,48,51.3,17.4
2022-07-09,45.4,23.9,33.8,39.3,60.9,17.3
2022-07-10,31.3,8.8,34.2,40.9,39.6,17.2
2022-07-11,31.6,16.8,45.6,45.2,40.7,17.5
2022-07-12,47.1,15.8,31.3,45,40.1,17.4
2022-07-13,32.8,16.4,31.8,46.6,47.4,17.5
2022-07-14,47.7,17.9,41.1,37.3,66.5,17.5
2022-07-15,49.8,19.9,41.8,49.8,49.7,17.4
2022-07-16,57.6,16.9,30.3,48,70,17.6
2022-07-17,38.1,20.8,34.3,47.1,41,17.2
2022-07-18,55.1,23.6,47.2,55.5,50.9,17.6
2022-07-19,29.9,14.4,37.6,41,43.5,17.3
2022-07-20,45.2,18.9,34.5,40.5,52.7,17.3
2022-07-21,36.6,15.2,35.7,38.2,44.3,17.3
2022-07-22,54.2,19.5,51.4,48.6,43.3,17.3
2022-07-23,30.7,11,30.6,36.9,45.1,17.3
2022-07-24,39.4,16.3,35.6,48,44.6,17.3
2022-07-25,48.3,17.3,36.8,48.1,60.4,17.3
2022-07-26,42.5,24.1,44.8,48.7,51,17.4
2022-07-27,50.9,17,29.8,46.5,54.7,17.1
2022-07-28,25,18.9,37.3,49.2,43.6,17.3
2022-07-29,37.6,16.5,23.1,44.8,41.8,17.2
2022-07-30,32.1,18.6,32.3,44.4,52.6,17.4
2022-07-31,44.7,15.3,39.2,48.1,37.6,17.4
2022-08-01,31.1,21.8,41.2,47.6,54.3,17.4
2022-08-02,27.4,13.3,36.2,47.3,49.4,17.1
2022-08-03,40.6,16.3,38.5,47.8,58.9,17.4
2022-08-04,27.2,10.1,31.1,36.5,28.5,17.2
2022-08-05,51.5,22,45.4,54.2,53.9,17.6
2022-08-06,43.3,19.8,42.8,45,46,17.4
2022-08-07,54.5,21.3,37.4,47.2,67.4,17.6
2022-08-08,30.3,15.8,35.5,42,42.1,17.1
2022-08-09,42.5,14.2,27.7,45.6,59.8,17.3
2022-08-10,27,17.7,34.5,46.8,46.6,17.3
2022-08-11,43.3,20.7,41.5,41.7,56.7,17.3
2022-08-12,30.5,11.7,39.4,42.6,28.3,17.2
2022-08-13,45.3,17.2,36.8,47.8,36,17.1
2022-08-14,47.5,19.2,45.8,42.3,50.6,17.3
2022-08-15,47.8,26.3,55,50.1,62.3,17.5
2022-08-16,36.9,13.7,31.2,46.1,29.1,17.3
2022-08-17,43.1,16.8,38.6,43.7,46.6,17.2
2022-08-18,39.3,19,50.6,47.5,46.4,17.5
2022-08-19,34.1,18.9,41,49.5,44.6,17.4
2022-08-20,40.4,19.4,39.8,55.5,64.2,17.4
2022-08-21,43.5,20.6,39.4,50,49.1,17.4
2022-08-22,52.6,22.5,32.8,51.2,58,17.5
2022-08-23,NA,16.6,28.2,42.7,45.4,17.4
2022-08-24,NA,20.7,44.8,40.5,55.4,17.6
2022-08-25,NA,15.2,30.5,50.8,38.8,17.2
2022-08-26,NA,15.4,29.3,47.8,39,17.3
2022-08-27,NA,19.6,38.1,45.1,43,17.6
2022-08-28,NA,16.4,34.9,40.6,48,17.4
2022-08-29,NA,16.8,38.8,54,46.5,17.3
2022-08-30,NA,18,39.7,43.8,30.8,17.1
2022-08-31,NA,15.4,22,39.3,25.4,17.2
2022-09-01,NA,15.4,45.1,50.1,45.2,17.2
2022-09-02,NA,15,36.8,48,45.5,17.2
2022-09-03,NA,15.8,49.4,48,62.2,17.4
2022-09-04,NA,20.4,49.1,44.7,62.3,17.2
2022-09-05,NA,15.2,38.3,49.2,42,17.2
2022-09-06,NA,14.3,25.7,46.9,44,17
2022-09-07,45.9,20.9,44.2,51.6,41.9,17.4
2022-09-08,49,18.8,38,53.9,55.5,17.4
2022-09-09,54.4,26.2,32.6,54.1,46.8,17.4
2022-09-10,39.7,23.6,33.2,43.2,58.1,17.3
2022-09-11,35.6,16.3,43.3,48.9,49.2,17.5
2022-09-12,49.8,24.5,40.5,53.8,59.4,17.6
2022-09-13,39.8,22.3,38.2,43.9,45.4,17.4
2022-09-14,50.3,22.2,46.6,53,57.4,17.4
2022-09-15,37.7,16.3,41.6,52.5,56.1,17.3
2022-09-16,52.3,18.1,43.2,53.5,60.3,17.5
2022-09-17,52.4,21,45.9,47.8,43.5,17.5
2022-09-18,36.4,15.3,41.3,39.4,37.7,17.4
2022-09-19,41.1,20.6,55.6,48.9,61.5,17.5
2022-09-20,43.5,16.4,45.6,50.7,55.3,17.5
2022-09-21,51.5,19.5,37.3,48.6,47.3,17.3
2022-09-22,55.4,20.4,41.3,62.5,67.1,17.3
2022-09-23,69,18.3,40.3,49.1,49.5,17.3
2022-09-24,33.9,14.3,37.2,40.6,37.8,17.3
2022-09-25,46.5,21.5,35.8,51.8,42.4,17.3
2022-09-26,33.1,13.8,38.4,44.1,46.4,17.1
2022-09-27,41.7,18,41.5,50.8,45.5,17.4
2022-09-28,43,15.3,40.4,51.9,67.9,17.5
2022-09-29,53.3,20.4,43.9,53.4,42.2,17.4
2022-09-30,42.5,19.5,38.7,52.9,59.4,17.3
2022-10-01,43.9,15.4,34.2,50.1,53,17.1
2022-10-02,57.3,24.1,46.1,54.4,61.1,17.5
2022-10-03,43.5,19.4,42.5,50.2,45,17.3
2022-10-04,57.5,25.6,45.6,59.3,48,17.3
2022-10-05,63.1,24.2,38.2,40.5,65.9,17.1
2022-10-06,37.1,18,34.2,45,62.8,17.4
2022-10-07,43.5,22.7,43.4,49.6,54.1,17.3
2022-10-08,56.6,18.7,41.2,55.5,59.1,17.3
2022-10-09,54.6,16.3,45.4,44.6,58.7,17.2
2022-10-10,60,26.7,50,53.3,63.4,17.3
2022-10-11,45.5,25.7,55.1,47.4,60.7,17.4
2022-10-12,37.5,21.5,41.7,48.2,59.3,17.2
2022-10-13,49.9,25.9,46.8,52.2,72.5,17.3
2022-10-14,46.4,17.8,42.1,51.8,41.7,17.2
2022-10-15,51.2,24.6,45,46.1,55.9,17.4
2022-10-16,47.8,18.2,45.7,52.7,51.9,17.1
2022-10-17,49.6,25.9,39.4,51.5,44.9,17.3
2022-10-18,43.9,13.4,37.8,47.8,40.8,17
2022-10-19,48.1,25.5,38.8,53.2,43.3,17.2
2022-10-20,39.4,20.5,43,52.5,52.7,17.1
2022-10-21,41.5,16.5,35.5,44.8,36.1,17.1
2022-10-22,45.2,20,47.8,52.1,44,17.3
2022-10-23,49.5,25.2,44.1,54.2,51.8,17.3
2022-10-24,50,24.8,52.4,56.5,59.8,17.2
2022-10-25,62.2,18.9,39.4,47.9,46.9,17.1
2022-10-26,47,18.7,22.7,46.9,51.2,17.1
2022-10-27,44.4,19.8,52.2,51.9,54.3,17.4
2022-10-28,42.3,17.1,25.8,55.6,62.9,17.2
2022-10-29,46.6,19.9,42.9,47.5,54.8,17.4
2022-10-30,48.6,17.5,37.9,45.7,43.4,17.1
2022-10-31,38.8,18.7,26.8,51.3,60.6,17.3
2022-11-01,57.4,20.4,49.6,56.9,64,17.6
2022-11-02,47.1,22.8,42.3,57.6,61.2,17.4
2022-11-03,63.3,25.1,55.4,57.7,64.8,17.5
2022-11-04,40.9,22.7,47.6,51.9,58.1,17.5
2022-11-05,28.2,14.8,46.5,50.5,47.9,17.3
2022-11-06,66.7,17.6,39.4,48,55.3,17.3
2022-11-07,48.5,18.3,44.9,46.5,69.2,17.4
2022-11-08,54.9,29.7,59.6,65.9,65.6,17.3
2022-11-09,54.6,19.2,44.6,44.5,62.7,17.5
2022-11-10,42.3,22,32.7,55.5,54.6,17.3
2022-11-11,55.1,18.1,43.9,55.2,62.3,17.3
2022-11-12,45.5,17.1,39,47.2,50.2,17.5
2022-11-13,56.4,20.4,49.3,47.9,58.2,17.2
2022-11-14,57.9,22.1,39.5,57.2,57.6,17.5
2022-11-15,45.3,21.4,44.2,52.8,45,17.3
2022-11-16,37,16.4,40.8,44.1,38.2,17.3
2022-11-17,46,23,39.5,55.1,61.9,17.4
2022-11-18,50,18.2,42.7,47.8,62.1,17.2
2022-11-19,44.2,17.4,50.7,55.5,68.8,17.5
2022-11-20,56.1,19.1,50.4,50.4,57.4,17.5
2022-11-21,47.7,19.2,27.9,49.5,47.2,17.4
2022-11-22,41.1,23.9,38.9,53.2,51.1,17.3
2022-11-23,49.6,22.3,50,49.6,55.7,17.4
2022-11-24,50.7,21.9,47.7,58.1,51.6,17.5
2022-11-25,57.5,23.1,51.6,54.8,58,17.6
2022-11-26,60.5,24.2,49.4,48.8,57.4,17.4
2022-11-27,59.6,24.9,45.2,58,73.2,17.6
2022-11-28,46.5,23.5,54.2,48.8,76.5,17.5
2022-11-29,58.5,26.3,51,59,50,17.5
2022-11-30,36.5,23.9,41.6,50.1,47,17.3
2022-12-01,60.3,22.4,50.8,53.6,56.8,17.5
2022-12-02,56.2,25.4,41.3,46.3,46.1,17.3
2022-12-03,51.7,20.2,55.1,44.5,48.6,17.4
2022-12-04,46.6,18.7,54.6,53.7,65.5,17.3
2022-12-05,49.8,28.4,53.1,56.5,67.1,17.6
2022-12-06,58.4,24.8,51.4,47.8,67.2,17.6
2022-12-07,58,18.6,42.7,55.5,55.4,17.6
2022-12-08,53,22.6,54.6,47.8,72.1,17.6
2022-12-09,55.2,19.8,41.2,46.9,57.7,17.4
2022-12-10,44.3,20.3,42.3,47.3,58.9,17.2
2022-12-11,47.6,24.4,44.5,41.8,56.5,17.4
2022-12-12,57.8,22,47.9,54.4,63,17.6
2022-12-13,57.9,22.7,52.3,58.3,65.3,17.5
2022-12-14,57.4,22.8,48,47.2,51.6,17.3
2022-12-15,46.4,23.9,52.3,51.8,48.5,17.4
2022-12-16,54.1,22.1,40.8,49.9,51.1,17.3
2022-12-17,45.4,17,31.4,44.8,62.6,17.4
2022-12-18,47,19.4,47.9,52.5,73.5,17.2
2022-12-19,49.3,17.5,42.3,48.4,61.8,17.5
2022-12-20,39.3,25.2,41.7,49.7,63.8,17.3
2022-12-21,43.6,21.7,24.9,51.3,52,17.4
2022-12-22,40.2,22.2,23,45.5,55.6,17.3
2022-12-23,45.3,18.9,35.6,52.9,52.3,17.4
2022-12-24,59.5,19.2,45.3,55.7,67.4,17.4
2022-12-25,55.6,21,56.3,49,65.1,17.4
2022-12-26,59.7,21.4,57.2,58.6,71,17.6
2022-12-27,35.7,19.5,34.1,44.1,34.1,17.1
2022-12-28,54.5,17.1,38.2,55.6,59.6,17.3
2022-12-29,55,16.3,32.6,49,66.4,17.4
2022-12-30,55.9,24.1,47.3,56.9,48.2,17.3
2022-12-31,51.6,24.9,50.5,58.9,61.9,17.5
2023-01-01,52.3,23.1,62.6,51.6,66.8,17.4
2023-01-02,40.9,25.6,55.4,54.1,49.6,17.3
2023-01-03,48.4,20.3,46.8,55.2,69.4,17.2
2023-01-04,52.1,16.6,41,52.7,41.7,17.2
2023-01-05,54.2,21.6,58.2,51.6,48.8,17.3
2023-01-06,50.6,20.1,50.8,60.3,54.4,17.3
2023-01-07,54.3,24.6,57.4,58,70.1,17.4
2023-01-08,60.9,20.3,47.3,59.7,69.9,17.4
2023-01-09,48.8,26,41.6,48.9,66.2,17.3
2023-01-10,50.3,23.8,42.2,52.8,44.5,17.3
2023-01-11,56.3,22.3,56.2,57.9,69.9,17.4
2023-01-12,61.1,28.5,47.4,57.3,69.7,17.3
2023-01-13,47.1,18.7,47.6,51.4,60.9,17.3
2023-01-14,51.3,22,51.4,55.6,62.4,17.4
2023-01-15,46.1,25.7,48.3,51.7,55.3,17.4
2023-01-16,56.3,16.9,41,48,55.7,17.3
2023-01-17,49.6,24.2,39,54.1,58.4,17.4
2023-01-18,60.6,20.5,40.8,50.9,53.4,17.6
2023-01-19,50.3,25.2,63.7,57.7,65.6,17.4
2023-01-20,55.4,23.7,49.9,51.1,55.6,17.4
2023-01-21,59.9,21.1,45.7,57.1,75,17.5
2023-01-22,43.2,17.9,44.8,56.5,57.5,17.3
2023-01-23,47.1,25.5,53.9,62.9,70,17.2
2023-01-24,51.1,24.4,42.1,53.1,52.3,17.3
2023-01-25,46.1,17.3,43.6,47.7,43.7,17.3
2023-01-26,50.5,11.8,42.8,52,59.7,17.4
2023-01-27,46.9,21.5,57.5,43.1,68.5,17.4
2023-01-28,55,23.2,54.4,63.9,72.9,17.5
2023-01-29,57.6,20.7,47.9,56.4,61.5,17.4
2023-01-30,53.4,16.2,35.7,54.7,56,17.4
2023-01-31,46.3,22.9,50.4,59.7,58.3,17.5
2023-02-01,49.7,27,50.8,49.5,62.3,17.5
2023-02-02,48.5,19.8,47.8,50.5,65.3,17.5
2023-02-03,58.3,23.1,60.2,59.8,72.2,17.5
2023-02-04,52.1,22,55,54.4,58,17.5
2023-02-05,63.4,23.7,48.5,49.9,70.3,17.4
2023-02-06,58.5,24.8,34.4,58.7,51.8,17.4
2023-02-07,51.7,17.8,49.2,51.7,53,17.5
2023-02-08,50.4,17.4,43.9,52.6,56.4,17.4
2023-02-09,64.9,25.3,52.6,51.8,63.6,17.7
2023-02-10,43.1,17.1,52.6,57.8,44.2,17.6
2023-02-11,61.3,16.6,49.3,50.5,67.7,17.3
2023-02-12,50,17.1,37.6,50.4,55.9,17.4
2023-02-13,48,21.1,40.1,51.3,73.4,17.4
2023-02-14,53.1,24.5,47.5,58.8,55.4,17.6
2023-02-15,49.1,20.9,48.6,60.4,55.6,17.5
2023-02-16,53.2,21.3,54.3,48.3,63.3,17.6
2023-02-17,49.2,23.7,52.6,52.7,52.7,17.5
2023-02-18,52.2,23.3,45,49.2,47.2,17.4
2023-02-19,49.7,22.5,44.4,53.9,71.1,17.4
2023-02-20,50.2,18.9,43.7,62,70.2,17.5
2023-02-21,54.3,19.8,38.7,49.2,80.3,17.3
2023-02-22,58.2,22.5,54.2,57.9,65.1,17.6
2023-02-23,59.4,24.5,37.1,55.4,49.3,17.4
2023-02-24,44.5,16.3,46.7,51.2,58.1,17.3
2023-02-25,47.5,20.8,40.5,46.7,52,17.3
2023-02-26,57.7,27.7,50,54.8,64.8,17.7
2023-02-27,59.9,18.9,37.3,50.5,69.1,17.6
2023-02-28,40.9,24.5,40.3,45.9,64.1,17.4
2023-03-01,52.7,18.6,54,51.2,59.3,17.3
2023-03-02,54.8,21.8,41.6,50.3,59,17.2
2023-03-03,49.8,17.7,30.2,51.9,42.7,17.5
2023-03-04,44,27.2,52.2,57.8,58.5,17.5
2023-03-05,41.5,28,35.9,48.6,56.7,17.3
2023-03-06,50.8,18.7,40.1,53.8,47.3,17.4
2023-03-07,62.9,25.4,56.9,58.5,60.5,17.5
2023-03-08,44.4,19.1,49.4,57.3,46.2,17.7
2023-03-09,42.8,20.4,39,52.5,54.3,17.6
2023-03-10,43.9,21.1,44.4,51.6,50.4,17.3
2023-03-11,47,20.7,40,55.9,59.9,17.5
2023-03-12,31.1,20.9,32.7,49.6,58.5,17.5
2023-03-13,57,26.4,42,59.8,56.5,17.5
2023-03-14,48.9,21.5,40.2,45.4,50.2,17.5
2023-03-15,53.3,21.2,47.5,53.5,60,17.5
2023-03-16,37.6,22.5,33.5,52,51.9,17.6
2023-03-17,60.7,24,56.1,45.1,57.6,17.7
2023-03-18,50.4,22.2,39.1,50.5,67,17.5
2023-03-19,53.4,20.4,42,49.3,55,17.5
2023-03-20,43.7,15.7,43,48.7,60.7,17.5
2023-03-21,35.8,14.2,46.2,41,53.9,17.3
2023-03-22,42.5,21.8,46.4,50,57.1,17.7
2023-03-23,51.1,21.6,60,52.9,65.9,17.5
2023-03-24,51.8,24.8,57.6,54,56.3,17.5
2023-03-25,48.3,22.1,43,55.2,65.6,17.7
2023-03-26,48.9,23,31.8,46.9,63,17.6
2023-03-27,49.9,16.1,35,48.4,44.9,17.6
2023-03-28,51.5,21.4,50.7,47.8,62.2,17.6
2023-03-29,48.5,23.7,44.7,43.3,55.9,17.7
2023-03-30,48.3,23,39.2,57.6,53,17.4
2023-03-31,41,25.8,41.8,56.1,54.6,17.5
2023-04-01,40.1,21,42.4,45.6,57.4,17.5
2023-04-02,52.9,22.4,38.4,41.6,59,17.6
2023-04-03,50.1,17.7,44.5,58.9,61.6,17.8
2023-04-04,46.1,21.5,37,55,63.9,17.4
2023-04-05,39.4,18.7,37.6,51,62.5,17.5
2023-04-06,38.3,19.2,43.9,48.3,51.4,17.5
2023-04-07,41.3,15.6,44.9,51.3,47.7,17.7
2023-04-08,55.3,20.4,36.7,49.1,57.2,17.6
2023-04-09,35.3,13.6,22.9,46.1,38.3,17.2
2023-04-10,43.9,20.1,45.2,50.7,67.2,17.6
2023-04-11,51.2,24.7,50.2,57.1,54,17.5
2023-04-12,49.1,17.1,47.5,59.1,51.4,17.6
2023-04-13,40.9,19,46.9,50.7,45.5,17.5
2023-04-14,37.4,19.9,28,41.7,50.5,17.5
2023-04-15,34,16.2,45.9,50,36.4,17.5
2023-04-16,43.3,22.5,40.9,48.3,65,17.5
2023-04-17,36.5,16.4,39.1,45.4,47.4,17.6
2023-04-18,45.4,21.6,42.7,47.3,47.4,17.5
2023-04-19,28.8,18.7,28.2,47.7,49.8,17.5
2023-04-20,50.5,18.3,41.5,52,46.2,17.7
2023-04-21,56.7,24.5,60.2,54,67.5,17.8
2023-04-22,34,13.5,25.1,47.2,52.9,17.2
2023-04-23,47.3,26,43.1,50.8,67.5,17.6
2023-04-24,51.8,15.5,29.9,52.6,58.7,17.5
2023-04-25,32.4,16.6,39.4,45.1,57.2,17.6
2023-04-26,45,16.5,39.1,48.6,44.4,17.5
2023-04-27,37.1,22.6,32.8,49.7,34.5,17.4
2023-04-28,37.7,23.1,47.4,42.7,63.1,17.4
2023-04-29,38.4,12.3,37.4,51.6,56.7,17.7
2023-04-30,51.8,23.4,39.6,63.1,49.2,17.3
2023-05-01,45.6,19.8,34.8,43.2,41.8,17.5
2023-05-02,42,14.9,42.4,47.3,39.7,17.4
2023-05-03,39.2,22.4,33.4,53.9,48.3,17.4
2023-05-04,54,14.6,33.1,52,39.9,17.3
2023-05-05,57,21.8,49.4,55.5,56.2,17.4
2023-05-06,38.7,19.2,42.1,48.9,51.9,17.5
2023-05-07,26.5,17.2,32.1,48,34.5,17.4
2023-05-08,43.2,17.6,45.1,44.7,61.3,17.2
2023-05-09,52.8,20,43.2,44.5,56.9,17.4
2023-05-10,51.2,15.9,43.9,51.1,39.9,17.5
2023-05-11,54.9,19.6,39.8,50.7,51.1,17.4
2023-05-12,29.9,10.8,41.4,48,36.7,17.3
2023-05-13,45.8,11.9,31.8,45,50.2,17.2
2023-05-14,28.2,19,30.6,39.9,38,17.2
2023-05-15,45.6,18.1,40.8,52.6,54.6,17.5
2023-05-16,28.2,14.1,32.7,44.8,46.9,17.3
2023-05-17,35,14.2,25.3,46.8,31.5,17.3
2023-05-18,45.6,14.1,42.1,47.3,56.2,17.3
2023-05-19,49,17.7,28.8,44.3,44.6,17.5
2023-05-20,40.6,9.9,31.4,40.3,35.3,17.1
2023-05-21,43.3,19.4,43.5,45.5,50.1,17.5
2023-05-22,38,20.3,34.2,50.7,49.1,17.4
2023-05-23,49.6,22.6,47.9,54.8,57,17.5
2023-05-24,46.4,15.5,47.4,49.5,41.8,17.4
2023-05-25,33.2,24,31.3,47.8,60,17.4
2023-05-26,40.1,14.8,38.6,44,39.3,17.3
2023-05-27,34.9,11.7,31.3,47.6,50.7,17.3
2023-05-28,49.3,22.3,35.5,53.5,56,17.3
2023-05-29,46.8,16.6,33.9,37.8,27.3,17.4
2023-05-30,37.7,16.1,29.3,50.9,47.4,17.2
2023-05-31,35.3,13.4,21.5,45.8,53.2,17
2023-06-01,42.4,14.7,34.7,47.5,42.6,17.1
2023-06-02,55.7,23.3,39.9,45.5,56.3,17.2
2023-06-03,43.5,17.9,37.1,49.5,52.4,17.3
2023-06-04,26.4,16.7,40.6,50,42.7,17.3
2023-06-05,43.9,17.2,31.4,43.9,44.7,17.2
2023-06-06,50.9,20.6,24.4,45.2,44.2,17.2
2023-06-07,49.4,15.1,33.4,56.8,45.1,17.3
2023-06-08,38,11.3,22.2,44.1,47.2,17.1
2023-06-09,33.8,12.2,41.5,50.8,61.5,17.3
2023-06-10,37.2,14.2,34.2,47.9,33.9,17.2
2023-06-11,33.6,14.7,29.4,48.5,52.3,17.2
2023-06-12,48.5,18.5,39.1,45,43.4,17.3
2023-06-13,39.2,23,31,47.8,39.6,17.4
2023-06-14,43,17.5,37.2,42.9,44.9,17.3
2023-06-15,43.3,14.2,38.3,39.3,44.8,17.2
2023-06-16,36.3,23.8,30.4,42,44.5,17.1
2023-06-17,42.8,14.3,26.5,43.5,32.7,17.1
2023-06-18,25.3,15.4,21.4,43.5,36.7,17.3
2023-06-19,31.2,13.7,35,48.4,51.2,17.2
2023-06-20,39.3,16.4,41.7,49.5,40.6,17
2023-06-21,49.6,18.6,43,48,52.5,17.3
2023-06-22,49.7,17,41.1,47.2,49.1,17.5
2023-06-23,33.1,13.6,33.7,35.6,29.8,17.1
2023-06-24,43.7,18.9,34.4,52.4,36,17.3
2023-06-25,46.4,12.6,32.2,45.9,43.3,17.1
2023-06-26,37.1,15.8,39.1,52.3,49,17.2
2023-06-27,44.6,18.3,52.5,49.3,52.6,17.1
2023-06-28,36.4,19,49.7,45.8,44.4,17.3
2023-06-29,39.7,16.8,29,41.9,49.2,17.3
2023-06-30,30.7,19.4,34.9,38.4,42,17.2
2023-07-01,50.8,21.1,41,46.8,56.6,17.1
2023-07-02,23.2,14.1,42.6,39.4,48.7,17.1
2023-07-03,50.1,19.7,39.4,40.8,45.5,17.4
2023-07-04,52,14.8,35.2,46.8,51,17.3
2023-07-05,35,21.5,46.6,49.7,44.6,17.5
2023-07-06,47.9,16.6,47.7,49.2,45.6,17.4
2023-07-07,23.6,19.7,45.8,50.2,41.8,17.2
2023-07-08,40.4,19.7,34.5,45.1,56.7,17.1
2023-07-09,35.4,15.3,17.6,47.2,39.1,17.2
2023-07-10,42.8,16.9,32.1,43.5,38.4,17.1
2023-07-11,45,15.1,42.8,48.1,35.3,17.2
2023-07-12,31.3,14.7,32.6,40.1,38.3,17
2023-07-13,19.6,18.9,32.7,36.9,42,17.1
2023-07-14,45.9,15.4,34.9,46,39.5,17.1
2023-07-15,43.1,9.3,29,43.1,50.5,16.9
2023-07-16,48.5,24,43.6,50.6,45.5,17.2
2023-07-17,27.9,13.1,13.5,41.9,44,17.1
2023-07-18,39.6,18.7,44,50.7,50.5,17.2
2023-07-19,38.6,16.8,33.3,41.7,46.5,16.9
2023-07-20,29.2,11.7,25.1,37.2,44,16.9
2023-07-21,34.7,17.6,46.2,35.5,50.6,17.2
2023-07-22,32,17.7,43.3,38.1,41.5,17.1
2023-07-23,30.9,17.9,39.9,47.2,46.3,17.1
2023-07-24,31.1,17.7,30.6,38,47.2,16.9
2023-07-25,41.7,18.6,42.4,47.4,50.1,17.1
2023-07-26,47.3,18.3,25.4,48,66.6,17.1
2023-07-27,34.6,17,40.8,49.9,55.6,17
2023-07-28,44.6,11.8,31.7,50.7,52.7,16.9
2023-07-29,34.7,19.3,36.7,52.2,56.5,17
2023-07-30,40.4,15.3,32.3,40,45.9,17
2023-07-31,44.5,17.3,32.8,43.8,42.8,17
2023-08-01,31.5,17.8,37.4,55.5,60.1,17
2023-08-02,39.7,15.7,36.6,41.5,38.6,16.8
2023-08-03,42.5,21.8,37.3,38.9,43.4,17.1
2023-08-04,44.8,12.5,23.5,39.7,42.6,17.1
2023-08-05,16.7,14.3,22.6,34.8,25.6,16.8
2023-08-06,31.3,15.5,38.3,42.3,31.3,17
2023-08-07,30.7,17.6,25,49.2,54.1,16.9
2023-08-08,34,8.5,30.4,47.9,32,16.8
2023-08-09,38.6,18,31.5,41.4,47.3,16.9
2023-08-10,45.6,22.3,25.2,45.4,43.6,16.9
2023-08-11,52.2,19.7,38.3,46.6,54.1,16.9
2023-08-12,39.1,11.6,32.1,45.8,46.4,17
2023-08-13,42.9,18.8,40.9,38,50.7,17.3
2023-08-14,38.6,14.3,33,46.7,42.1,16.9
2023-08-15,35.2,20,34.5,44.1,45.2,16.9
2023-08-16,41,18.7,25.7,39.7,46.9,17
2023-08-17,34.6,17.3,42.6,48.9,57.7,17.2
2023-08-18,30,6.4,34.8,41.5,44,16.8
2023-08-19,44,16.4,40.9,45.1,47,16.9
2023-08-20,47.3,18.9,43.7,50.8,42.8,17
2023-08-21,39.8,23.8,35.8,51.7,46.1,17
2023-08-22,43.5,20.9,45.6,48.8,55.8,17
2023-08-23,36,13.2,31,46.9,32.2,16.8
2023-08-24,42.3,19,47.3,46.4,44.7,16.9
2023-08-25,38.2,13.2,21,41.5,48.1,17.1
2023-08-26,44,18.7,40.4,47,47.3,17.1
2023-08-27,46.6,20.6,40.3,39.3,55.8,17
2023-08-28,44.9,16.3,30.1,50,48.4,17
2023-08-29,54.7,23.4,40.2,52,58.8,17
2023-08-30,39,18.8,34.2,44.5,33.9,16.9
2023-08-31,60.3,16.7,34.2,47.1,46.6,17
2023-09-01,36.6,14.5,37.8,40.3,49.2,16.9
2023-09-02,46.8,20.5,32,41.2,58.7,17.2
2023-09-03,52,20.4,40.9,45.7,55.2,17.1
2023-09-04,41.4,15.3,44.8,46.8,49.9,17.1
2023-09-05,43.7,22.9,49.2,53.1,55.9,16.9
2023-09-06,43.3,13,31,48.5,56.9,17.1
2023-09-07,40.6,15.4,37.3,55.2,67.6,16.8
2023-09-08,42.7,18.2,50,46.7,55.2,17.2
2023-09-09,42.5,16,48.8,41.1,40.2,17.2
2023-09-10,45.2,14.6,53.6,55.4,43.7,17
2023-09-11,45.2,13.8,45,53.8,58.5,17
2023-09-12,33.7,17,34.4,40.2,58,16.9
2023-09-13,50.8,24.7,40.5,58.7,55.4,17.1
2023-09-14,51.1,21.4,37.9,51.9,54.1,16.9
2023-09-15,45.4,18.8,34.2,45.1,48.3,17.1
2023-09-16,46.4,17.6,42,45.1,45.9,17.1
2023-09-17,54.9,18.8,43.2,49.2,54.7,17
2023-09-18,52.4,24.2,63,58.1,68.8,17.2
2023-09-19,46.7,17.9,34.5,45.5,45.8,17
2023-09-20,39.9,17,54.5,43.8,53.3,17
2023-09-21,32.8,15.3,38.5,45.2,38.7,17.2
2023-09-22,39.8,19.8,34.2,37.3,62.4,17
2023-09-23,38.8,13.4,45.9,52.5,45.5,17
2023-09-24,45,22.1,48,47.1,50.5,17
2023-09-25,46.3,19.2,48.1,50.3,51.3,17.3
2023-09-26,42.4,15.5,39,59,48.4,17.1
2023-09-27,45.9,13.2,35.7,46.2,47.7,17.3
2023-09-28,39.1,15.4,42.6,37.8,55.2,17.1
2023-09-29,52.6,26.7,34.6,48.2,66.8,17.1
2023-09-30,43.5,18.8,46.4,48.5,45.5,17.1
2023-10-01,47.8,15.6,33.3,48.2,54.1,17.1
2023-10-02,47.4,26.8,36.6,51.3,50.1,16.8
2023-10-03,41.7,17.4,34,45.1,50.6,17.2
2023-10-04,49.9,16.7,41.8,52.8,62.5,17.1
2023-10-05,50.1,21.1,45.2,57,41.3,17.1
2023-10-06,50,18.6,51.9,47.7,64.7,17.1
2023-10-07,53.9,18.2,42.6,54.2,45,17.1
2023-10-08,51.2,16.9,44.7,49.5,51.9,17.1
2023-10-09,49,24.1,53.3,54.5,69.9,17.1
2023-10-10,28.1,18,41.3,46.6,39,16.9
2023-10-11,44.5,23.4,36.6,56.6,72.3,17.3
2023-10-12,45.4,17.8,34.8,50.4,41.2,17.1
2023-10-13,51.7,20.8,26.9,39.5,43.3,16.8
2023-10-14,43,17.9,60.4,54.5,55.3,17
2023-10-15,51.7,17.9,35.8,47.1,57.8,17
2023-10-16,45.5,24.1,35.4,48.8,54.4,16.9
2023-10-17,47.4,19.2,48.8,39.4,64,17.1
2023-10-18,36.9,15.2,28.7,51.2,54.9,17
2023-10-19,61,20.1,43.7,55,59.8,16.9
2023-10-20,46.3,25.1,45.1,54.6,55.5,16.8
2023-10-21,46.9,20.6,39.4,50.5,54.6,17.1
2023-10-22,32.3,16.8,40.8,47.6,50.5,17
2023-10-23,37.3,17.9,38.7,50,47.3,16.9
2023-10-24,49,20.6,41,45.9,56,16.8
2023-10-25,44.5,24.1,40.2,53.8,54.4,17.1
2023-10-26,50,17.3,46.7,43.4,63.2,17
2023-10-27,54,20.3,33.3,49.1,58,16.9
2023-10-28,37,19.6,40.3,56.6,53.4,16.7
2023-10-29,50.9,20,35.5,53.5,52.8,17
2023-10-30,38.3,18,40.5,57.2,57.7,16.8
2023-10-31,48.6,19.8,42.4,52,53.8,16.9
2023-11-01,43,16.4,43.3,43.7,44,17
2023-11-02,42.7,20.4,23,48.3,39.8,17
2023-11-03,36.7,13.5,39.1,48.7,43.8,16.9
2023-11-04,58.1,25.3,50.5,53.6,69.7,17.3
2023-11-05,61.4,23.8,49.8,52.6,60.3,17
2023-11-06,50.4,16.9,46.1,49.9,62.9,16.9
2023-11-07,51.2,20.8,44.2,54.3,62.3,17.2
2023-11-08,50.6,20.2,42.7,46.6,57.1,16.8
2023-11-09,41.3,14.4,41,56.6,55,17
2023-11-10,46.9,19.3,50.5,47.2,41.6,16.9
2023-11-11,57.3,19.9,48.7,51.7,58.4,16.9
2023-11-12,43.2,16,47.2,41.4,41.8,16.9
2023-11-13,61.5,20.3,39.9,53.1,61.3,16.9
2023-11-14,48.5,17.9,39.9,44.6,47.8,16.9
2023-11-15,50,21.9,43.1,50.2,59.6,17
2023-11-16,39.6,17.7,40.7,41.5,57.2,16.8
2023-11-17,46.7,20.4,40.8,52.1,59.3,17
2023-11-18,21.4,16.4,38.4,46.2,35.5,17
2023-11-19,50.5,16.2,41.9,40.3,52.2,16.9
2023-11-20,62.2,20.8,45.1,52.9,51.9,16.9
2023-11-21,46.9,15.9,42.2,47.1,68.3,16.8
2023-11-22,57.3,17.2,36.2,44.2,50.4,17.2
2023-11-23,58,23.2,45.7,54.5,48,16.9
2023-11-24,44.9,24.4,38.6,55,63.1,16.9
2023-11-25,63,29.3,59.2,58.6,70.7,16.9
2023-11-26,42.9,19.7,32.2,53.1,67.6,17
2023-11-27,37.8,24.4,38.2,54.5,70.2,17
2023-11-28,57.1,26.6,52.3,61,56.7,17.1
2023-11-29,43,19.7,52.6,45.5,72.5,17
2023-11-30,47.2,16.2,43.9,49.4,56.8,16.8
2023-12-01,44.6,18.5,28.1,42.7,38.3,16.7
2023-12-02,40.9,19.3,42.2,52.3,64.7,17
2023-12-03,63.3,25,43.7,48.5,75.7,16.7
2023-12-04,60.9,27.2,50.7,51.1,89.3,16.9
2023-12-05,52.8,18.5,49.6,45.9,60.1,16.9
2023-12-06,51.7,21,49,50.5,46.7,16.6
2023-12-07,63,23.6,73.3,57.4,76.6,17
2023-12-08,34.8,18.3,33,46,37.9,17
2023-12-09,47.5,21.9,56.3,52.9,59,17
2023-12-10,31,16.9,43.3,45.1,52.4,16.6
2023-12-11,64,24.8,46.4,55.7,55.5,17.1
2023-12-12,56.9,25.6,43.9,48.8,60.1,17.1
2023-12-13,48.3,20.4,39.2,54,61.2,17.1
2023-12-14,51.1,21.7,32.7,51.5,49.5,16.7
2023-12-15,50.3,23.2,36.9,57.1,57.2,16.9
2023-12-16,49.3,18.2,42.4,50.5,61.5,17
2023-12-17,47.8,21.3,46.4,47.7,56.4,16.9
2023-12-18,49.7,20.8,36.4,48.8,56.1,16.7
2023-12-19,58.3,26.1,55.7,51.9,61.7,16.9
2023-12-20,59.4,23.5,37.3,45.8,70,16.9
2023-12-21,57.6,23.7,47.2,50.2,58.1,16.8
2023-12-22,47.7,22.6,47.6,56.3,47.8,16.8
2023-12-23,50.8,21.1,45.1,45.3,51.6,16.6
2023-12-24,40,15.3,46.8,46.3,35.6,16.8
2023-12-25,51.7,19.1,54.9,43.9,52.8,16.7
2023-12-26,40.8,17.1,56.7,45.9,57.3,16.7
2023-12-27,51.7,22.8,51.8,59.4,55.3,16.7
2023-12-28,40.4,23.9,54,50.4,52.3,16.7
2023-12-29,49.9,25.7,54.2,49.3,60.4,16.8
2023-12-30,44.1,24.9,53.3,58,48.3,16.9
2023-12-31,46,25.7,53.7,58.9,67.4,16.9
2024-01-01,54.1,23.2,53.8,54.4,59.9,16.7
2024-01-02,51.1,21.7,47.3,59.2,57.2,16.8
2024-01-03,55.3,18.4,50.8,53.9,59.1,16.8
2024-01-04,50.5,21.6,40,48.4,54.5,16.6
2024-01-05,44.5,19.7,46.3,49.9,66.3,16.7
2024-01-06,41.2,21.2,48,57.7,63.3,16.8
2024-01-07,59.4,19.3,55.2,49.1,67.6,16.7
2024-01-08,52.4,20.8,39.4,50.4,44.8,16.7
2024-01-09,49.3,25,54.4,59,65.5,16.6
2024-01-10,48.1,28.7,46.1,50.4,54,16.6
2024-01-11,50.9,22.2,45.9,47.4,70.3,16.5
2024-01-12,33.5,17.9,26.7,42.9,45.5,16.5
2024-01-13,39.1,18.2,44.7,52.2,63.2,16.7
2024-01-14,61.5,18.4,52,41.8,55.6,16.7
2024-01-15,47.6,24.1,39.5,51.3,55.8,16.6
2024-01-16,54.1,20,41.9,47.6,57.1,16.7
2024-01-17,52.7,19,47.1,47,50.2,16.8
2024-01-18,51.7,24.3,46.2,56.6,55.3,16.6
2024-01-19,46,22.7,41.1,51.8,49.7,16.7
2024-01-20,49.1,19.5,49.5,45.2,60.5,16.7
2024-01-21,50.9,23.2,53.9,51.2,60.3,16.7
2024-01-22,48.3,19.5,48,43,45,16.7
2024-01-23,61,19.4,53.5,43.9,66.6,16.9
2024-01-24,52.6,22.3,44.5,52.4,68.9,16.7
2024-01-25,54.4,20.2,46,57.8,55.3,16.4
2024-01-26,49.2,20.4,40.2,48,48.4,16.6
2024-01-27,43.3,15.7,36.2,43,48.9,16.5
2024-01-28,48.7,26.5,37.4,53,63.8,16.5
2024-01-29,53.7,19.2,36.3,47.9,57.9,16.5
2024-01-30,39.8,19.2,21.9,46.7,53.1,16.5
2024-01-31,44.3,21.1,30.8,50.8,59.9,16.5
2024-02-01,51.4,23.9,41.3,44.3,65.2,16.5
2024-02-02,51.4,23.9,43.6,59.6,71.1,16.5
2024-02-03,55.2,15.4,51.6,49.4,63.2,16.5
2024-02-04,55.4,24.6,44.9,45.9,73.2,16.6
2024-02-05,66,24.2,54.1,58.8,57.2,16.6
2024-02-06,45.7,18.2,43.5,48.1,52.7,16.5
2024-02-07,54.5,26.9,46.2,48.3,60.9,16.4
2024-02-08,52,23.1,40.5,45.1,60.3,16.7
2024-02-09,55.7,23.4,52.1,59.1,50.4,16.6
2024-02-10,46.6,20.2,40.7,51.9,69.1,16.5
2024-02-11,43,22,38.8,50.5,49.1,16.5
2024-02-12,41,17.8,28.1,44.8,32.2,16.4
2024-02-13,35.8,15.8,40.9,47.7,57.5,16.5
2024-02-14,41.9,16.3,33.2,47.2,49.6,16.4
2024-02-15,49.1,23.1,49.8,45.1,47.6,16.6
2024-02-16,47.4,23.9,47.5,54.9,67.4,16.6
2024-02-17,53.4,15.8,25.7,48.6,53.4,16.3
2024-02-18,59.2,24.1,45.1,54.1,60,16.5
2024-02-19,52.3,18.4,49.5,56,56.6,16.6
2024-02-20,44.3,24,42,47.6,49.6,16.3
2024-02-21,36.6,20.5,38.9,49.6,50.4,16.5
2024-02-22,55,22.1,49.9,49.7,50.4,16.6
2024-02-23,44.8,21.8,42.5,43.2,47.6,16.5
2024-02-24,47.9,19.5,45.2,54.3,50.1,16.5
2024-02-25,41.5,17.3,39.7,45.8,36.5,16.4
2024-02-26,45.9,16.2,42.7,46.1,44.7,16.2
2024-02-27,51.7,20.4,38.6,44.9,50.1,16.5
2024-02-28,59.9,28.9,43.5,50.2,55.7,16.5
2024-02-29,55.2,21.9,42.7,55.2,54.3,16.8
2024-03-01,44.1,15.6,50.2,43.2,53.6,16.3
2024-03-02,37.4,19.8,39.3,52.9,54,16.4
2024-03-03,47,18.5,45.3,51,52.2,16.6
2024-03-04,52.1,23.5,41.9,50.6,59,16.5
2024-03-05,51.4,18.3,47.8,54.2,54,16.6
2024-03-06,54.8,21.1,33,42.1,44.9,16.4
2024-03-07,43.5,15.6,40.9,46.4,65,16.5
2024-03-08,47.9,23,45.7,49.2,58.9,16.6
2024-03-09,50.9,24.6,51.2,43.5,66,16.8
2024-03-10,48.5,23.6,38.8,50.2,66.9,16.5
2024-03-11,46.4,21.2,55.1,47.8,53.2,16.6
2024-03-12,44.7,19.3,43.2,48.8,40.7,16.5
2024-03-13,62.7,21.9,48.8,55.2,59.5,16.5
2024-03-14,41.9,20.3,45.7,39.5,45.4,16.5
2024-03-15,40.5,17.2,40.2,43.7,57.7,16.4
2024-03-16,42.5,22.4,38.6,45.3,40,16.4
2024-03-17,45.5,16.6,32.8,50.9,52.1,16.7
2024-03-18,44.7,19.1,42.4,44.7,62.3,16.5
2024-03-19,50.8,17.5,43.1,48.2,63.9,16.5
2024-03-20,34.7,19.9,36,41.7,45.1,16.4
2024-03-21,49.6,14.6,39.6,49.4,57.4,16.3
2024-03-22,38.2,17.1,45.7,45.8,53.9,16.4
2024-03-23,49.8,19.6,41.6,55.1,54.9,16.6
2024-03-24,49.1,20.3,39.6,41.1,64.9,16.5
2024-03-25,45.9,17.2,38.1,52.4,40.2,16.6
2024-03-26,49.3,18.9,45.1,47,51.7,16.6
2024-03-27,51.8,12.3,29.6,48.9,40.9,16.5
2024-03-28,42.1,18.6,45.3,50.2,48.8,16.3
2024-03-29,46.6,18.1,44.2,51.6,62.9,16.6
2024-03-30,36.8,24.2,33.2,46.6,55.8,16.7
2024-03-31,42,14.1,31.3,43.3,45.2,16.5
2024-04-01,35.1,13.7,36.2,44,36.1,16.5
2024-04-02,34.5,17.7,30.5,51,50.4,16.5
2024-04-03,33.8,15.2,27.6,41.6,35.1,16.5
2024-04-04,37.7,18.9,34.7,42.1,40.7,16.7
2024-04-05,64,20.5,42.1,53.1,39.3,16.6
2024-04-06,38.3,15.9,25.5,41.1,37.2,16.5
2024-04-07,60.1,23.3,49.4,49,51.4,16.8
2024-04-08,42.2,20.5,41.2,55.5,60.9,16.7
2024-04-09,53.2,18.2,50.6,47.8,59.5,16.7
2024-04-10,41.5,19.3,35.8,53.7,51.4,16.7
2024-04-11,40.7,13.7,34.9,43.7,56.3,16.8
2024-04-12,46.4,19.6,46.7,49.6,57.7,16.7
2024-04-13,39.5,12.4,42.9,50,45.6,16.6
2024-04-14,46.8,20.9,39.2,42.8,54.7,16.7
2024-04-15,44.8,14.5,31.1,44.5,44.3,16.5
2024-04-16,40.7,16.7,26.4,41.8,52.2,16.7
2024-04-17,34.4,18.4,33.8,38.9,58.1,16.6
2024-04-18,40.6,19.2,31.1,44.1,51.7,16.7
2024-04-19,39.6,17.1,48.9,50,60.7,16.7
2024-04-20,51.1,20.6,32.3,49,37.9,16.8
2024-04-21,45.5,19.9,43.8,47,59.2,16.5
2024-04-22,36.3,15.2,41.4,46.6,54.7,16.7
2024-04-23,41.8,15.9,35.9,48.6,34.2,16.8
2024-04-24,44.4,20.5,28.8,47.4,53.1,16.5
2024-04-25,28.4,12.6,34.9,41.1,38.8,16.4
2024-04-26,43.7,17.2,37.2,42.6,49.1,16.5
2024-04-27,35.4,18.9,35.8,54,38.9,16.4
2024-04-28,31.9,13.3,25.5,45.6,43.5,16.2
2024-04-29,45.5,16.1,51.6,55.8,61.4,16.5
2024-04-30,43.3,18.4,41.6,45.9,54.3,16.4
2024-05-01,39.3,15.4,36.3,44.9,56.2,16.7
2024-05-02,44,23.8,42.4,46.7,54.4,16.5
2024-05-03,30.9,16.9,41.2,49.5,48.4,16.6
2024-05-04,32.8,16.9,28.2,39.8,45.1,16.5
2024-05-05,43.7,16.5,39.1,46.4,48.2,16.6
2024-05-06,30.4,15.2,21.3,35.3,46.3,16.3
2024-05-07,42.6,21.9,46.4,36.1,48.6,16.5
2024-05-08,33.1,15,34.6,42.7,46,16.2
2024-05-09,39.5,11.8,38.6,47.2,51.8,16.4
2024-05-10,27.5,13.9,33.7,45.5,43.8,16.5
2024-05-11,46,12.7,47.5,49.7,48.9,16.5
2024-05-12,41.2,20.1,43.7,51.5,55.3,16.5
2024-05-13,28.4,16.3,20.7,43.8,47,16.4
2024-05-14,26.5,17.9,19.5,51,45,16.5
2024-05-15,32.8,17.4,40.5,40.3,53.6,16.6
2024-05-16,37.4,17.1,53.1,49.7,47.9,16.6
2024-05-17,41.8,19.5,45.5,47.3,57.1,16.8
2024-05-18,40,13.9,30.3,47.8,51.9,16.5
2024-05-19,31.3,13.4,32.4,43.4,35.9,16.6
2024-05-20,35.3,15.2,25.8,39.7,35.6,16.4
2024-05-21,32,13,32.2,35.9,47.9,16.5
2024-05-22,32.6,16.4,28.6,36.5,33.5,16.6
2024-05-23,45.3,17.5,42.9,44.4,49,16.6
2024-05-24,52.3,17.6,40.3,40.9,40.6,16.6
2024-05-25,38.1,16.4,35.7,43.9,31.2,16.4
2024-05-26,54.6,21.3,25.6,43.6,52.5,16.5
2024-05-27,39,18.7,42.4,43.8,50.9,16.7
2024-05-28,38.5,17.7,27.8,40.5,49,16.4
2024-05-29,33.9,15.2,35.6,42.9,49,16.5
2024-05-30,43.1,18.3,28.8,40.3,48.8,16.5
2024-05-31,39.8,17.5,31.5,44.3,46.3,16.6
2024-06-01,47.5,18.3,25.2,38.5,43.7,16.7
2024-06-02,34.9,17.1,26,38.4,45.4,16.4
2024-06-03,36.4,11.2,27.5,45.4,49.9,16.4
2024-06-04,31.9,13.1,35.5,42.8,39.3,16.7
2024-06-05,41.3,18.4,30.3,44.8,50.2,16.4
2024-06-06,49.6,13.8,40.5,48.1,49,16.4
2024-06-07,30.6,18.2,23,42.7,38.5,16.8
2024-06-08,41.1,16.8,42.4,39.9,53.3,16.7
2024-06-09,32,15.5,33.6,38.7,35.8,16.5
2024-06-10,32.4,14.9,26.2,44.3,32.6,16.6
2024-06-11,29.3,14.6,38,43.3,48.7,16.6
2024-06-12,47.6,18.6,29.9,53.2,55.2,16.7
2024-06-13,51.7,17.4,36.3,47,39.5,16.8
2024-06-14,33.1,13.2,31.6,42.8,38.9,16.7
2024-06-15,44.5,14.5,48.1,41.9,53.1,16.6
2024-06-16,31.2,16,39.4,45.4,41.4,16.5
2024-06-17,43.3,14.6,38.3,48.3,40.5,16.7
2024-06-18,35.5,16.1,27,38.4,41.5,16.6
2024-06-19,48.7,15.2,33.7,38,49.3,16.7
2024-06-20,30,18,24.9,46.9,45.3,16.5
2024-06-21,40.7,14.5,39.9,42.3,51.9,16.5
2024-06-22,37.1,13.5,31.4,47.1,34.7,16.4
2024-06-23,41.4,12.8,26.8,45.4,44.9,16.5
2024-06-24,30,12.5,44.1,45.4,26.8,16.7
2024-06-25,45,16.1,45.6,46.3,47.1,16.6
2024-06-26,29.3,15.1,32.3,43.7,48.7,16.4
2024-06-27,44,19.1,32.1,40.7,50.9,16.7
2024-06-28,36.7,18.7,36.6,49.5,48.1,16.4
2024-06-29,41.7,8.6,31.7,43,45.5,16.7
2024-06-30,35,16.6,40.8,40,40.2,16.6
2024-07-01,35.9,10.1,29.3,44.1,45.3,16.6
2024-07-02,37.3,15.2,34.7,36.4,38.7,16.6
2024-07-03,21.3,14.9,26.3,40.2,33.1,16.4
2024-07-04,36.8,23.1,36.2,42,44.1,16.6
2024-07-05,36.4,15.1,37.2,41.7,48.6,16.5
2024-07-06,39.6,13,22.7,41.9,30.9,16.4
2024-07-07,44.1,19.4,36.9,54.6,46.2,16.8
2024-07-08,36.1,14.5,29,39,31.1,16.4
2024-07-09,47.5,19.4,29.1,40.4,56.1,16.4
2024-07-10,31.2,18,54.3,43.9,56.4,16.6
2024-07-11,32,15.6,36.8,40.4,41,16.5
2024-07-12,37.9,12.7,24.2,40.9,40.8,16.6
2024-07-13,35.4,8.4,27.6,37.7,35.5,16.2
2024-07-14,24.9,17,36.8,36.7,36.2,16.3
2024-07-15,35,10.2,27.2,37,55.7,16.4
2024-07-16,48.4,14.7,45.8,44,42.6,16.7
2024-07-17,41.9,12.2,32.1,52.1,39.1,16.3
2024-07-18,37.5,12.1,42.1,48.3,38.7,16.7
2024-07-19,42.2,15.7,38.3,40.8,35.7,16.4
2024-07-20,25.3,16.4,30,33.6,34.4,16.4
2024-07-21,41.3,19.4,39.5,51.1,45.3,16.6
2024-07-22,49.1,16.9,29.5,45.9,32.5,16.4
2024-07-23,44.7,18.6,43.5,49,56.4,16.5
2024-07-24,20.4,10.3,27.8,31.5,31.6,16.3
2024-07-25,37.7,17.2,21.8,38.6,59.8,16.5
2024-07-26,33.5,17.3,35.8,54.2,58.1,16.5
2024-07-27,39.5,11.8,31.6,39.2,42.9,16.3
2024-07-28,39,15.9,29.3,38.4,38.8,16.4
2024-07-29,27.7,14.8,39.5,37.3,46.8,16.3
2024-07-30,41.7,16.1,39.7,47.5,51.6,16.4
2024-07-31,36.6,18.8,38,41.3,49.1,16.4
2024-08-01,45.1,16.4,41.6,43,57,16.4
2024-08-02,35.8,16.6,37.6,49.9,44,16.5
2024-08-03,44.9,20.9,35.4,46.1,47.3,16.3
2024-08-04,43.5,12.6,41.6,51.9,57.7,16.2
2024-08-05,28.6,12.9,40.1,41.5,43.3,16.4
2024-08-06,41.4,16.9,39,49.9,57.2,16.6
2024-08-07,44.4,14.8,36.5,44.7,36.8,16.3
2024-08-08,51.1,19.1,38.7,48.7,48.9,16.3
2024-08-09,34.3,18.4,35.8,46.8,44.9,16.3
2024-08-10,33.9,15.4,40.2,43.6,42.7,16.3
2024-08-11,49.9,18.3,36.6,53.2,46.9,16.6
2024-08-12,47.8,18.8,44.8,44.2,48.2,16.3
2024-08-13,59.6,14.8,43.7,44.4,45.2,16.5
2024-08-14,37.7,18.3,34.5,39.9,39.7,16.3
2024-08-15,48,16.7,30.3,45.7,44.8,16.4
2024-08-16,41.3,17.9,30.7,42,33.1,16.3
2024-08-17,33.8,12.7,33.1,32.5,43.7,16.3
2024-08-18,43.4,17.4,47.9,42.3,39.6,16.1
2024-08-19,37,13.2,27.4,47.6,28.1,16.2
2024-08-20,41.8,14.3,49.3,40.9,52.7,16.5
2024-08-21,39.2,13.9,38.2,37.5,43.9,16.2
2024-08-22,28.2,11.3,46.6,39.5,56.3,16.3
2024-08-23,35.4,22.1,33.2,40.5,43.7,16.3
2024-08-24,54.1,16.2,46,46.7,62.3,16.4
2024-08-25,48.3,24.9,47.1,51,55.7,16.2
2024-08-26,45.8,18.9,40.7,54.3,47.9,16.3
2024-08-27,43.8,18.5,37.6,43.9,47,16.4
2024-08-28,40.7,20,44.3,46.6,43.5,16.3
2024-08-29,35.9,18.3,41.7,44,37.9,16.2
2024-08-30,34.7,14.6,19.5,42.8,62.2,16.2
2024-08-31,24.9,16.1,30.2,46.8,34.2,16.3
2024-09-01,34.6,13.1,34.6,44.1,58.6,16.3
2024-09-02,40.3,21.3,38.2,48.2,64.7,16.3
2024-09-03,59.5,18.1,51.2,51.2,51.4,16.6
2024-09-04,44.1,19.4,31,42.2,44.9,16.3
2024-09-05,39.9,15.3,33.7,37.5,32.3,16
2024-09-06,46.7,12.2,35,51.7,59.1,16.2
2024-09-07,50.1,18.4,42.5,51.8,61.7,16.3
2024-09-08,26,13.4,36.2,36.8,38.1,16.1
2024-09-09,32.6,12.8,33.3,39.6,44.9,16.1
2024-09-10,29,11.8,28.6,40.1,35.4,16.2
2024-09-11,47.6,16.2,33.2,49.3,58.9,16.3
2024-09-12,31.9,17,39.4,42.9,64,16.3
2024-09-13,50.4,21.8,43.3,52.1,56.8,16.3
2024-09-14,40.7,14.5,39.7,42.4,62.9,16.4
2024-09-15,39.6,22.4,40.6,42.8,64.3,16.5
2024-09-16,45.2,16.6,41,36.3,32.8,16.1
2024-09-17,45.1,19.8,42.1,46.5,28.6,16.3
2024-09-18,37.9,23.8,45.6,48.4,61.7,16.5
2024-09-19,25.9,17.3,31.8,44.5,33.8,16.2
2024-09-20,48.5,20.5,48.6,48.1,49.2,16.3
2024-09-21,32.1,19.9,48.4,50.9,56.1,16.4
2024-09-22,37.3,17.9,25.1,41.9,47.5,16.2
2024-09-23,42.3,14.7,34.1,48.5,47.4,16.2
2024-09-24,38.8,20.8,39,47.7,55.7,16.3
2024-09-25,42.1,14.4,33.4,51,48.2,16.4
2024-09-26,41.7,15.1,37,53,47.2,16.4
2024-09-27,42,19,44.7,49.9,45.6,16.3
2024-09-28,52.3,13.2,42.3,48.8,46.6,16.5
2024-09-29,47.6,21.9,45.9,49.7,45.3,16.4
2024-09-30,45.5,24,40.4,47.4,67.6,16.4
2024-10-01,32.4,16.3,38.4,37.2,40.6,16.1
2024-10-02,43.8,16.4,43.1,49.5,60.7,16.5
2024-10-03,52.1,21,42.4,45.3,54.6,16.5
2024-10-04,41.4,15.3,34.6,48,52.3,16.3
2024-10-05,44.5,17.1,40.1,53,59.1,16.4
2024-10-06,51.1,22.3,45.1,56.2,69.1,16.3
2024-10-07,36.5,22.3,36.3,42.8,62.2,16.5
2024-10-08,45.5,18.7,38.7,45.1,48.4,16.5
2024-10-09,45.4,21.3,20.5,42.7,60.8,16.5
2024-10-10,38,17.3,28.6,44.5,42.4,16.3
2024-10-11,44.4,18.2,45.8,40,58.2,16.3
2024-10-12,53.2,19,45.4,52.9,49.4,16.2
2024-10-13,53.9,17.8,35.6,53.4,45.6,16.2
2024-10-14,41.9,19.5,42.5,46.7,48.6,16.6
2024-10-15,53.2,22.1,45.7,53,62.9,16.5
2024-10-16,44.4,22.4,38.5,46.6,47.8,16.3
2024-10-17,55.3,18.3,51.4,52.5,51.3,16.3
2024-10-18,39.6,17.8,31.7,43.5,30.3,16.2
2024-10-19,58.1,16.5,39.8,44.8,57.2,16.2
2024-10-20,38.7,17,41.6,51.6,40.6,16.3
2024-10-21,46,18.4,35.2,47.2,50.9,16.1
2024-10-22,70.2,23.1,43.9,49.8,70.8,16.4
2024-10-23,55.8,18.2,53.4,51,54.3,16.3
2024-10-24,50.2,15.6,37.5,52.1,53.7,16.2
2024-10-25,44.9,19.6,38.5,51,58.6,16.3
2024-10-26,48.7,19.5,47.7,51.7,61.9,16.5
2024-10-27,58.6,22.3,59.1,52.3,65,16.3
2024-10-28,39.8,15.9,39.7,50.6,50.7,16.2
2024-10-29,41.4,18.6,37.6,52.7,75.5,16.3
2024-10-30,NA,21.6,45.2,53.3,54.3,16.1
2024-10-31,NA,24.7,33,51.7,61.3,16.3
2024-11-01,NA,28.9,52,52.2,62,16.4
2024-11-02,NA,14.9,32.9,45.4,57.9,16.3
2024-11-03,NA,23,49,50.1,49.3,16.2
2024-11-04,NA,21.5,37.7,48.8,60.8,16.3
2024-11-05,NA,19.7,39.4,44.1,51.4,16.4
2024-11-06,NA,17.2,57.9,48.2,53.3,16.4
2024-11-07,45.6,24.9,43,47,54.5,16.3
2024-11-08,56.7,18.2,48.5,57.2,67.7,16.4
2024-11-09,44,17.7,40.1,48.1,42.1,16.2
2024-11-10,41.5,16.7,36,49.7,46.5,16
2024-11-11,40.8,21,27.7,39.9,42.9,16.3
2024-11-12,30.8,16.4,41.8,42.2,46.9,16.3
2024-11-13,42.6,23.7,46.8,46.4,45.3,16.3
2024-11-14,46.1,17.9,37.2,40.8,52.7,16.2
2024-11-15,56.1,21.7,50,47.7,57.9,16.4
2024-11-16,51.3,21.2,37.5,50.2,54.8,16.5
2024-11-17,48.9,21.2,43.8,46.1,53,16.2
2024-11-18,45.2,22.3,44.3,50.5,71.9,16.3
2024-11-19,51.2,16.2,36.9,51,50.3,16.2
2024-11-20,52.7,21.3,45.1,52.7,64,16.4
2024-11-21,60.5,18.7,36.6,49,55.9,16.3
2024-11-22,41.3,22.3,39.5,52.4,60.7,16.4
2024-11-23,53.7,20.2,42.7,50.3,64.9,16.2
2024-11-24,51.2,19.2,44.1,55.5,50.6,16.1
2024-11-25,57.2,18.1,44,45.9,57.4,16.5
2024-11-26,51.2,22.5,41.3,54,57.4,16.2
2024-11-27,51.3,21.8,38.6,52.6,53.8,16.2
2024-11-28,44.8,15,36.1,44.7,58.1,16.3
2024-11-29,65.4,23.7,42.4,52.2,49.2,16.3
2024-11-30,36.6,21.8,42,49.7,55.7,16.3
2024-12-01,48.8,19.2,51.4,60.8,63.5,16.3
2024-12-02,56.6,22.6,46.8,49.8,63.1,16.2
2024-12-03,42,14.1,50.3,54,47,16.2
2024-12-04,48.9,20.8,40.9,61.4,65,16.4
2024-12-05,53.2,21.5,43.9,49,62.1,16.6
2024-12-06,47.5,20.4,36.6,46.8,51.9,16.3
2024-12-07,41.9,14.6,28.5,40.8,48.6,16
2024-12-08,44.8,22.2,41.4,56.5,65.9,16.2
2024-12-09,47.8,19.3,52.5,53.4,74,16.3
2024-12-10,44.4,23,51.4,55.6,61.3,16.4
2024-12-11,52.9,20.1,58.9,52,70.8,16.3
2024-12-12,51.4,17,45.4,43.1,53.7,16.1
2024-12-13,60.7,22.9,46.8,51.5,53.6,16.2
2024-12-14,60.9,22.6,43.9,52.9,59.2,16.3
2024-12-15,50.4,22,34,45,61.6,16.4
2024-12-16,45.4,19.6,48.1,49.8,71.7,16.3
2024-12-17,49.8,20.6,49.3,53.5,59.8,16.3
2024-12-18,51.3,27.9,48.5,58.6,55.3,16.3
2024-12-19,56.6,21.8,54.1,55.8,75.9,16.3
2024-12-20,44.9,21.8,47.5,58.2,62.4,16.4
2024-12-21,51.2,20.5,40,44.2,53.5,16.2
2024-12-22,53.2,22.8,49.6,55.3,48.7,16.3
2024-12-23,47.3,19.5,35.2,48.3,42.1,16.3
2024-12-24,31.5,20.4,35.3,42.2,50.2,16.1
2024-12-25,52.7,21,44.1,46.7,51.3,16.4
2024-12-26,44.8,23.3,44.6,49.2,68.1,16.2
2024-12-27,49.2,17.1,41,50.8,55.5,16.3
2024-12-28,51.9,17.9,41.8,52.9,48.9,16.2
2024-12-29,50.5,23.7,32.9,44.8,52.2,16.2
2024-12-30,50.7,10.8,35.6,41,38.9,15.9
