"Day","Solar","Wind","Coal","Nuclear"
2012-01-01,36400.0919163367,27750.5887508472,275372.67045057,9987.60826936368
2012-01-02,30757.4535827263,23282.9761587193,290021.183671535,9991.33440508683
2012-01-03,38645.5219038999,29048.7769467628,331795.551637572,10006.1431343479
2012-01-04,45205.7856718412,33743.1273027211,338818.75950173,10000.646273159
2012-01-05,34733.8304774955,25747.1171464194,361108.853156043,10014.5635471635
2012-01-06,29798.4974214431,21936.978620718,345346.891250585,9997.06349247739
2012-01-07,35491.3982929554,25949.7921956454,360782.816543986,9995.92590353988
2012-01-08,30967.9411902242,22489.1560619573,332576.784786234,10008.684375545
2012-01-09,28795.0197597118,20770.6406061146,318012.436593589,9998.50591828974
2012-01-10,39687.2702171206,28436.5544101613,359598.310472046,10003.5565902389
2012-01-11,28740.8603516169,20456.9180751464,364524.274087401,10015.217846248
2012-01-12,19242.2225186396,13606.0401235371,330863.793074062,14358.6668056504
2012-01-13,28901.0940125552,20302.4365604807,328575.009139858,10013.0358261284
2012-01-14,41518.4556376605,28977.0147001658,368904.947997096,10005.6323175265
2012-01-15,45739.4762436176,31717.820040677,363779.472620285,9994.68453388961
2012-01-16,31544.6404504064,21734.9405293684,370995.173492247,10000.6809162413
2012-01-17,33122.7300748104,22677.7877327378,456653.599865719,10000.6796404092
2012-01-18,38377.3828902712,26110.3367681957,478470.767433255,10011.4481421927
2012-01-19,22979.7678287609,15536.9619481229,443294.887735821,9998.9086501371
2012-01-20,71046.5845982154,47738.385324487,401138.716745426,9997.1816738089
2012-01-21,32053.9036089523,21405.7342109348,426114.802493281,10011.5852330447
2012-01-22,43251.7906286387,28707.7080693321,410407.875362819,9993.20730671058
2012-01-23,82171.0590484888,54209.9499488933,405887.402890139,9987.52789948585
2012-01-24,42967.5462172518,28176.4810607467,472905.103756582,10005.2360110759
2012-01-25,34130.9549746058,22248.5148629957,411347.067144092,10005.1709353009
2012-01-26,24058.2834455476,15589.918241683,387712.634467831,9987.88860050951
2012-01-27,27151.2727890711,17491.0611485195,424686.976420014,9999.93129509703
2012-01-28,36518.2317795683,23388.5093648361,440408.909475709,10004.0909692138
2012-01-29,32276.6397696,20552.6559536348,392318.323733398,9984.98260787884
2012-01-30,45191.6367478482,28611.7526986331,348900.252061454,9983.64761587713
2012-01-31,26899.0897486372,16933.6498456997,392308.526881095,9992.61446166255
2012-02-01,63524.8129763387,39765.1619617034,381950.926106486,10003.2120550771
2012-02-02,25278.3552949226,15735.2714379772,399970.752589643,9989.42690400437
2012-02-03,44401.6955111439,27485.9445562433,376629.574657264,9999.77186127814
2012-02-04,30934.4691126898,19044.0368913327,376694.024827467,10017.3930074684
2012-02-05,25735.5101498189,15757.0110502219,335203.253959064,10014.8009974055
2012-02-06,41188.7724339748,25082.1073229416,310332.275350697,10007.1660400496
2012-02-07,24383.160843685,14768.5760751992,345595.532036421,9985.60055761676
2012-02-08,50265.5910623077,30283.2250825091,342126.488341809,9997.75274915738
2012-02-09,51443.7547651268,30829.458149511,341755.566875695,9989.83307497571
2012-02-10,56612.7410397227,33749.585185685,385543.400892181,9990.37663548003
2012-02-11,60230.57923385,35719.9937124715,400890.865368269,9996.98798772434
2012-02-12,32503.0763144432,19176.8761808802,336848.308402637,10000.4469132921
2012-02-13,35219.8558209373,20673.7352555037,324683.847796465,10003.5992672554
2012-02-14,24930.7860798068,14560.0940206906,347869.963969132,10614.642394195
2012-02-15,55693.18719457,32362.7854344324,328330.65421,10000.0049974823
2012-02-16,34905.4714214803,20182.3466768374,351918.801347348,9979.19160818275
2012-02-17,41624.5631267058,23948.6384618143,385268.851604966,10017.3602043147
2012-02-18,52252.0788981479,29916.1902796468,393962.687945922,10005.0714482187
2012-02-19,47050.5493412564,26807.5737257486,356322.921107909,10007.6185345399
2012-02-20,45406.3301887688,25746.4746871679,327548.297365997,10000.2072006588
2012-02-21,28240.4239075075,15936.7418214123,342589.936705177,10013.8020680545
2012-02-22,39065.082430302,21941.3003680412,348227.09114872,9996.59570852823
2012-02-23,57111.1213585676,31926.9823080384,344099.880187916,9982.42806480655
2012-02-24,46107.9296311612,25656.3330908464,382722.175774567,9994.48358259379
2012-02-25,57282.044060737,31727.6132461838,370542.367084503,10004.9772973484
2012-02-26,50446.1864874004,27814.1160415977,330239.709115979,9989.22298319773
2012-02-27,32702.1884756921,17949.3942785616,326015.929972285,10003.0051507593
2012-02-28,34249.8020834208,18714.7952747501,372108.479051049,9984.19356638696
2012-03-01,41963.3808559201,22727.8967407095,405978.919799284,10003.3458252076
2012-03-02,51058.0045812708,27533.4243969362,407313.55179239,10016.810916579
2012-03-03,51968.5342241374,27903.7273346437,394985.894821624,9993.49968194179
2012-03-04,49750.0032403245,26598.5472433944,383610.002150174,10016.950774478
2012-03-05,65322.5862896402,34776.7395440395,311558.050804739,9989.33979012768
2012-03-06,30793.6527515629,16325.4427768607,299962.02354155,10014.341319139
2012-03-07,20916.9243925515,11043.2622196698,323509.61498399,25848.1586975462
2012-03-08,33418.6225276194,17571.1980621924,378325.620869587,10001.1427178015
2012-03-09,39045.4648693756,20446.2713426143,391137.826217548,10019.6187400629
2012-03-10,73924.8845279358,38555.135994201,362988.569101261,9997.51674796802
2012-03-11,39203.1985910144,20364.7211257243,368236.939470928,9989.31515445558
2012-03-12,43310.8690875929,22409.7241204624,337667.071177522,10000.4830104469
2012-03-13,35726.8508853068,18413.4095254789,316852.032823709,10023.4539916162
2012-03-14,35065.5788121683,18002.6947036964,357725.735293839,10010.2097668105
2012-03-15,22476.2331644908,11495.137757285,348988.355278323,24661.2611877177
2012-03-16,38503.9345916961,19617.6498004332,360889.877473133,9984.37182072015
2012-03-17,61211.3144737249,31070.0396706849,342583.55480345,10016.8242672152
2012-03-18,38677.9958217654,19559.5686014767,337150.374099066,9993.79326800111
2012-03-19,71909.6345305862,36231.3506734944,283055.498024634,9982.29172539414
2012-03-20,36708.3539058724,18428.1341461971,292657.188505739,10005.6449209518
2012-03-21,37694.9379375846,18855.3818654175,338869.247914101,10009.2639730509
2012-03-22,33017.9876141422,16457.1842764485,339727.880948835,9991.85163836478
2012-03-23,72085.8469272255,35803.4033909659,315676.148708158,9991.9941140094
2012-03-24,49496.786088951,24498.3807065485,337282.153178008,9985.44448347054
2012-03-25,33967.5543862753,16754.3423432894,311110.145272885,9985.66724589881
2012-03-26,46847.3879742225,23028.6152975026,278353.149665846,9989.64050993049
2012-03-27,46675.7498202749,22867.0242643182,264661.265878236,9991.4083124628
2012-03-28,69765.8693884632,34065.423421852,295863.844812781,9993.02939921298
2012-03-29,35147.9576944398,17105.6582723675,314272.943482971,10016.4425603586
2012-03-30,34669.8205694052,16818.0891182664,304656.748770676,9997.32995753784
2012-03-31,64473.5945400425,31175.160655953,277932.120648779,9998.55897743095
2012-04-01,57670.6397445623,27797.1140372178,292286.898898441,9985.00238902572
2012-04-02,36544.9886444964,17559.3007203263,304747.024747638,9993.21429345092
2012-04-03,80472.637133463,38545.91399291,230122.710334779,9998.90001523125
2012-04-04,49562.5478339225,23667.4087863064,301988.124256861,10016.4944002675
2012-04-05,42585.9737260906,20274.3458453048,299503.565814625,10002.2916210247
2012-04-06,35388.5797312445,16797.4265804333,291425.056671435,9990.89922055262
2012-04-07,28050.571004816,13275.0695832378,293044.889624361,15069.2124928215
2012-04-08,31160.9413321025,14704.0593017068,289516.753447951,10051.7218756906
2012-04-09,38257.7741865973,18000.8914359774,255845.14936986,10004.0058625282
2012-04-10,52395.3132893466,24582.7471864644,230718.399022531,10004.9114749659
2012-04-11,60566.386246562,28336.7007547836,268465.183274116,9991.28967961135
2012-04-12,45739.6831008771,21340.5877460168,285645.308792552,10005.973958358
2012-04-13,67682.6184552866,31492.1201513545,280977.996498768,10024.5430961259
2012-04-14,53299.4183870118,24732.8763805956,293394.491166311,10002.0079504391
2012-04-15,33425.3430708054,15469.3224685317,292309.354962729,10005.4910782572
2012-04-16,48773.9869663874,22513.4867001795,255904.032602082,10001.5840984438
2012-04-17,34269.8516529771,15777.6238542805,249542.792035679,9994.8571020877
2012-04-18,78685.6042357098,36133.9372391773,260121.7339532,10003.6021825618
2012-04-19,55626.5695129415,25480.5403309704,291761.129899604,9985.63609326141
2012-04-20,72785.5977108199,33257.8259847677,274697.54568038,9993.17449350056
2012-04-21,35278.1394884657,16080.2127337173,289076.478692515,9998.49848920821
2012-04-22,44493.1314226024,20231.7028195029,289563.814604943,10002.3454929225
2012-04-23,46240.4351672081,20976.3697860661,285484.120306962,9981.40504776831
2012-04-24,28746.6916283704,13010.1054897694,304786.679093969,16326.0718015146
2012-04-25,48923.9593636735,22090.961692214,309301.216719337,10000.4090939407
2012-04-26,72449.2085811306,32639.4077532067,281182.269379752,9967.51158807184
2012-04-27,32718.2743138574,14707.2035972047,301236.423603748,10048.5658675021
2012-04-28,50643.7051520381,22714.9478442372,299507.777114785,9999.34631441295
2012-04-29,48175.3425688279,21561.2075507053,293879.731477396,10006.0728077613
2012-04-30,46530.5508640633,20780.8770178819,261294.155224732,9982.87373313417
2012-05-01,42648.7259907876,19007.479798192,249640.951566292,10008.8909360582
2012-05-02,39968.5356528656,17776.4432910184,306587.913864803,10002.0044531977
2012-05-03,45632.986636343,20254.849734413,312250.448370295,9998.1698809692
2012-05-04,34275.6277590128,15183.5862167905,308423.419286826,10019.7686260402
2012-05-05,56174.6992745079,24836.1227893044,291932.602593878,9999.0487264682
2012-05-06,51501.2001649033,22726.3535203398,284416.769916862,10023.3059560069
2012-05-07,34579.836242292,15230.7030138539,256939.361817798,9979.91630052134
2012-05-08,51507.5450741031,22644.7587766076,230310.109536781,9999.61880330626
2012-05-09,31218.1376095932,13699.94635598,295647.465844608,13540.1532438352
2012-05-10,50534.9350203787,22137.7660228817,301424.116888212,10000.875490811
2012-05-11,66190.0233197066,28945.4280713813,303433.325569116,9995.62210333134
2012-05-12,51928.1062282401,22669.9427466892,293398.791519743,9999.66159788588
2012-05-13,42620.8063901424,18575.7009999487,294430.141235086,10001.328536924
2012-05-14,35307.0186696938,15362.974239132,262569.044424145,9987.2648285112
2012-05-15,39095.6038970133,16984.3121042739,235807.268114473,10006.0524048728
2012-05-16,84857.4750254673,36807.0471856989,245484.647182924,10004.6189691084
2012-05-17,39283.4681914709,17013.2220640349,293149.407345717,9995.3754195379
2012-05-18,51715.6199339256,22363.9944979309,287449.418106542,10004.700955661
2012-05-19,39057.0355890676,16865.2512235961,295518.112975143,9993.7339959858
2012-05-20,70784.3447619468,30521.9048104707,262424.078182661,9988.56586901566
2012-05-21,43566.8152073333,18759.7081779632,250040.779703497,10000.0970671337
2012-05-22,30150.709854802,12965.181605909,239464.885257208,15112.7545012872
2012-05-23,71013.7616656231,30496.4518873544,263961.63689925,9996.94279320529
2012-05-24,64974.9574058819,27867.2075170832,271103.279182353,9994.80960704128
2012-05-25,48848.9728399831,20924.661463157,283326.642164512,10003.876783657
2012-05-26,44896.9488781229,19208.3595914545,293381.279827294,10003.0417978349
2012-05-27,36891.7097494801,15764.7668456065,284442.404762483,9992.44302458378
2012-05-28,73304.0584244504,31288.6603592314,210876.874241184,10009.6810577637
2012-05-29,62234.9400428936,26534.3377029183,209183.750441333,9999.3969888002
2012-05-30,55399.3378494567,23594.3714183101,224913.954198593,10007.0039675332
2012-05-31,46818.113605624,19918.7660672914,291090.519379276,9997.49321283136
2012-06-01,51819.3533335205,22024.1927858722,291619.549633906,9994.87654160224
2012-06-02,48964.3801174009,20790.386321329,290974.705126938,9993.14513913444
2012-06-03,37948.7489657143,16097.8855266899,296846.703429926,10008.1983627355
2012-06-04,50817.8945518221,21537.331169876,285840.708497893,9992.72155541166
2012-06-05,75142.2888159022,31818.3934621082,283486.406423928,10009.9015714879
2012-06-06,66520.273304352,28143.7015462331,356977.300661591,9992.9406451894
2012-06-07,76374.6329645057,32286.7576706463,355701.938073388,10006.1667790003
2012-06-08,65440.7627433044,27643.0837992292,372463.108328806,10014.1953544782
2012-06-09,86757.9529182431,36620.5614145028,361671.468490663,9991.78819605447
2012-06-10,59393.7729972318,25052.3745722597,385190.948032814,9984.76383979406
2012-06-11,96844.0389734118,40821.396956187,292217.516089483,9995.40452999589
2012-06-12,53100.6314750491,22368.4731853826,310117.877792673,10003.0899819825
2012-06-13,53162.3398796602,22380.8780965393,370571.680245491,10003.1927943439
2012-06-14,42145.7102950615,17732.8064947816,379844.446300375,10005.1449221195
2012-06-15,32820.9380076663,13801.9620100625,337918.16754009,13620.0939083092
2012-06-16,57454.8049667606,24148.8584996769,304486.189086191,9989.89367360417
2012-06-17,51109.0204101764,21471.5248551556,294630.948903108,10008.7861021844
2012-06-18,32686.2846884385,13725.8936396058,264637.793939316,13065.9593042504
2012-06-19,70925.0697273059,29771.3985161491,232096.230468022,9994.70053609512
2012-06-20,75379.7423639526,31629.5605769126,293107.240260024,9999.26789507587
2012-06-21,74271.9469841104,31154.2291067869,315322.843074283,10013.6439941743
2012-06-22,58152.1879522862,24385.2152342698,346592.344665296,9986.90843869545
2012-06-23,73876.5440901697,30970.6326193664,337135.736014668,10006.7731389377
2012-06-24,107946.507543134,45242.8243339832,322518.594517287,10007.3925065068
2012-06-25,78648.1845941381,32956.5737294773,334321.26541518,10001.3954989256
2012-06-26,45077.1815765478,18885.8691622145,344078.203395094,10002.9138489228
2012-06-27,71937.3004479604,30135.3234441785,390640.7887029,9988.63588992741
2012-06-28,31985.1423242207,13397.573048035,378982.902539273,15955.03027819
2012-06-29,40491.8596479785,16959.627911231,386149.733901581,9988.36019219974
2012-06-30,64677.3026236306,27088.5570562779,371482.92745538,10001.3210040491
2012-07-01,71733.8143761411,30044.0099504489,341229.669122411,9993.57077755317
2012-07-02,84779.4776397435,35509.072879797,253675.487497118,10005.7139528145
2012-07-03,66205.1430842771,27731.2582084571,265429.700982223,9985.88903751561
2012-07-04,34877.3084743409,14610.486704279,312317.337421539,10388.0020429463
2012-07-05,39879.1956716686,16708.0825687942,339737.811333166,9989.88357465103
2012-07-06,66518.9715720301,27873.9732180164,326661.055138748,9983.94965751215
2012-07-07,62513.0397673132,26200.6297484494,314901.510956138,9996.75159542561
2012-07-08,70753.2415137251,29661.2771555249,309565.901693595,10008.691540575
2012-07-09,50482.7408275923,21169.151910617,304141.100499355,9994.82264224066
2012-07-10,62295.4843075253,26130.5630085353,297566.473164282,9993.53027208884
2012-07-11,67200.3582634666,28197.4670624636,357181.310454582,9991.35845248893
2012-07-12,74383.1524298801,31222.9580089486,384629.423185354,9998.67460787393
2012-07-13,59649.9670418358,25048.7050157716,370853.548004975,10002.8491989715
2012-07-14,60275.498422594,25322.4744311462,360901.863198261,10015.9975192801
2012-07-15,62749.6209081658,26374.3252996217,372329.570387978,9986.76065540434
2012-07-16,79466.2651552366,33417.3987500887,329346.436727439,10000.3107684866
2012-07-17,82659.3625979656,34778.924632419,311517.501007988,9987.04147901767
2012-07-18,59431.6255085246,25020.1922751404,394167.705701972,9991.38803833856
2012-07-19,55692.4910245991,23460.2858291103,398077.26753017,10009.3574308449
2012-07-20,51526.6469234922,21719.3513424471,394581.84892134,9991.06838370292
2012-07-21,23230.7754502149,9798.77281428077,396649.499448781,37793.5801286749
2012-07-22,44169.8333467359,18644.1016683137,398031.900499956,9984.92143227436
2012-07-23,53082.0549542783,22422.5946004356,352677.582815293,9992.5318074575
2012-07-24,51718.8363047091,21863.7192738328,341862.106505974,9997.29990752041
2012-07-25,40148.7428443166,16986.31379485,422244.837814794,9999.6902518591
2012-07-26,31504.1685811662,13340.1849665244,423049.913595338,16979.629115329
2012-07-27,78580.1197430713,33303.3486963767,363381.249937129,10001.0311779911
2012-07-28,37974.6304734727,16108.8644801603,348727.156958348,10003.6054327024
2012-07-29,69967.9336767267,29708.5425723039,333892.881532785,9993.46521872373
2012-07-30,76703.4369670778,32600.3929888707,299937.49831278,10017.2401733169
2012-07-31,52522.037298681,22345.5003578853,318854.415007369,9999.80657893655
2012-08-01,76732.3110220928,32680.0051466374,374146.51633454,10000.13954402
2012-08-02,43718.5972634085,18639.7548207749,410771.719623435,9991.71054618571
2012-08-03,59641.7563041056,25457.1260628152,414663.374915803,9994.09466771283
2012-08-04,77517.7321177329,33125.3005494945,401431.954982648,10004.7918915648
2012-08-05,65220.8537438686,27903.5801513973,381039.797156705,10009.311701279
2012-08-06,63932.1522591475,27385.6043404604,324498.119752442,9998.35577030492
2012-08-07,52406.2457036409,22476.593791232,319980.68702114,9998.37119791403
2012-08-08,70634.9842093553,30333.7880852948,362397.010240559,9998.92286853745
2012-08-09,55403.664152161,23824.2671839169,388774.171387533,10006.8697751943
2012-08-10,47688.2871947048,20534.3986477345,401143.657586057,10018.3182447294
2012-08-11,57316.665802356,24714.6996070456,395828.119724253,9995.24853599623
2012-08-12,55376.3749961921,23912.1188302438,412469.252235434,10023.5862529467
2012-08-13,46914.1306476258,20287.6299466043,381318.134073377,10005.4520443386
2012-08-14,56040.4897398176,24270.4969905837,331819.339128897,9993.47948267212
2012-08-15,41004.4747848791,17785.7476642911,369389.672044214,9976.1783750723
2012-08-16,58090.8282448747,25236.4117435233,360515.23660801,10006.4181708704
2012-08-17,50357.2989220358,21911.7307334581,368139.472159977,10010.3703540399
2012-08-18,48268.1791268688,21037.0318915424,369247.308002741,9996.98541126009
2012-08-19,62923.0029816288,27469.9190602781,388127.248385378,10012.0254237371
2012-08-20,26943.0847411629,11782.4270529343,366195.711140176,23829.9593288813
2012-08-21,63591.1872321124,27857.2995788769,332002.133217133,10010.0316634806
2012-08-22,43045.6957895499,18890.4197472513,348239.008854671,9993.13636296998
2012-08-23,37857.0835349341,16643.4747259093,334299.249708235,10004.9344488309
2012-08-24,41570.8279881162,18309.8881871697,334608.644609127,9995.41641341993
2012-08-25,35348.8626336324,15598.6801507846,352163.804751118,9998.18840345067
2012-08-26,63977.7033326318,28286.009827702,336141.906548956,9988.14941982659
2012-08-27,56707.3339041922,25120.493766368,311673.011060725,9999.83218624516
2012-08-28,61737.3633355618,27403.0062359486,303502.889312538,9997.58877252228
2012-08-29,53494.023963126,23792.0521193953,348769.877941899,9999.59477883536
2012-08-30,45758.8655302313,20393.5918822505,353625.388463281,10000.9661894216
2012-08-31,80917.9783952738,36138.5482514567,328497.200762673,9998.25880642944
2012-09-01,47558.2318881231,21285.0154001374,347723.027750213,9994.46123927694
2012-09-02,39930.8169364116,17909.9538899331,339823.79224218,10006.2451195181
2012-09-03,45105.2145163607,20275.2616725493,281644.717421004,9998.27684223965
2012-09-04,65689.8996927644,29594.2421363843,243945.612237372,10009.9049379151
2012-09-05,58603.0465042463,26461.4244678977,256268.066637218,10003.8938824394
2012-09-06,29528.9600411041,13364.142563063,327302.882904793,15288.6390595997
2012-09-07,89421.1921455322,40564.7565031081,299912.147124626,10012.7879622903
2012-09-08,62318.7281982353,28337.2724886606,333049.670483383,10002.3260994266
2012-09-09,60517.7169546368,27584.7246170003,338176.463792947,9994.87996783677
2012-09-10,59210.2502219578,27054.8605813495,309769.169338827,9999.70638188349
2012-09-11,65698.4302638946,30094.0992169426,285135.14172034,9987.80410503789
2012-09-12,43413.3339306886,19936.234827603,353780.478299097,9993.01103796853
2012-09-13,94059.4145154946,43304.362014955,324258.382262738,10022.281295375
2012-09-14,41418.2425758519,19118.1634181118,359560.436857792,10023.5908506193
2012-09-15,57161.3331303135,26454.3910005911,351554.827704055,9995.3095510715
2012-09-16,58756.7499760133,27265.2775144809,333498.100732363,9973.39436694698
2012-09-17,80092.4084187085,37266.285003433,255192.139332964,9984.49087564136
2012-09-18,46044.380967686,21482.749455977,276271.602159012,10009.8787701956
2012-09-19,51451.7470263788,24072.3089018719,326281.743400724,10001.9890989909
2012-09-20,41813.7358544467,19618.1000341583,340123.288027207,10005.907124216
2012-09-21,22280.3466132497,10483.2575618464,328664.137874978,29111.6163114451
2012-09-22,33108.5390057175,15623.0813358453,350958.618351759,10003.2374696614
2012-09-23,102723.022721623,48614.1716757186,286459.774498713,10001.5654917712
2012-09-24,71394.5186110075,33887.8868188929,273945.890366829,10004.5347161383
2012-09-25,46822.8430057775,22291.4361114619,291032.089980886,10002.3982288112
2012-09-26,65379.6862540868,31220.5047666426,314976.571888256,9988.84430644024
2012-09-27,50918.928411325,24389.8634997997,310435.116161997,9998.49091043203
2012-09-28,42898.6208441648,20612.122532521,312447.839281879,10012.3605125577
2012-09-29,49475.8345238418,23847.2370072056,297648.271961483,10006.3922971708
2012-09-30,40346.5182554391,19508.9043428542,286954.393868272,9995.5346695484
2012-10-01,60959.3706351103,29570.9672301977,245704.014937527,10012.987986144
2012-10-02,31257.2559565025,15212.1481302578,269983.474612958,10001.0045111814
2012-10-03,42322.5260546319,20665.3308124876,331150.559359569,10011.1189445838
2012-10-04,51590.2846469843,25274.7153579359,331658.261388323,10011.9696119906
2012-10-05,61236.9259172195,30102.0327904999,322651.00887098,10003.9521855358
2012-10-06,64745.0813412481,31935.2181054781,318610.97973204,10002.6567073423
2012-10-07,35317.6464545057,17480.4308899342,307061.601731574,9984.87445965146
2012-10-08,46618.2235703283,23154.2131362309,262767.853445116,10002.8697606961
2012-10-09,38375.3819781978,19127.4750077076,250257.435834553,10004.3589249765
2012-10-10,61347.0915597111,30686.4237210415,282546.581377096,9980.26112913736
2012-10-11,33767.6849512731,16951.8750332478,303103.108249149,9997.12005785029
2012-10-12,38652.1131421939,19474.6959106119,302931.853276324,10002.200256535
2012-10-13,68827.9094644147,34806.462647888,281592.208662283,9998.06330220671
2012-10-14,28722.1412965575,14578.9724854565,296929.48159692,10468.6434141655
2012-10-15,49871.0568409447,25409.167625538,251997.757095965,9995.74712152092
2012-10-16,44192.7312111481,22601.720200402,243011.615662203,9995.57737715155
2012-10-17,30854.2323432533,15840.5862389401,297309.789495841,9985.44561928225
2012-10-18,33011.5123841798,17013.9399785529,303396.487315493,10005.6046983435
2012-10-19,39268.1208708027,20317.9426777133,303207.312063088,10005.1050141606
2012-10-20,63475.2724090885,32973.2334975022,290021.719415744,10008.4035243885
2012-10-21,47281.7909400079,24659.5702026765,300671.170075505,9987.54779653625
2012-10-22,31283.5517389663,16381.7229364658,274843.985504172,9994.02237590101
2012-10-23,54560.9485205804,28687.6346301786,253631.060402346,9988.85901581077
2012-10-24,53654.8354138562,28327.5115264766,315702.409966096,9997.44556886459
2012-10-25,41622.7020602468,22066.5293002108,343859.993838888,9995.88690738972
2012-10-26,38473.5536240316,20482.7277931703,334809.044427807,9988.63506825015
2012-10-27,67279.4901245828,35970.5845232931,321704.95336275,10006.6246980172
2012-10-28,32797.0315701891,17609.8756677113,331819.230942791,9998.95111257992
2012-10-29,38599.7586126103,20815.2187735544,307099.600702509,9997.06404305112
2012-10-30,43762.7127126251,23702.4375857828,271153.990387109,10003.6856644277
2012-10-31,31086.0824635007,16910.8314341222,320793.285584963,9978.93584959096
2012-11-01,31485.987695231,17204.5903303128,322963.811631471,9995.97103342242
2012-11-02,40180.1951718728,22053.8807629215,318878.584993264,9985.18298630472
2012-11-03,65237.6092487319,35969.5461692399,305313.009736006,10015.2412089224
2012-11-04,19872.6246380895,11007.1307517474,304843.284754473,25106.2555956961
2012-11-05,32236.4248186365,17937.6619037348,274395.671476609,9987.23941958814
2012-11-06,54765.5239195116,30615.7167233838,241570.018116631,10013.0787033402
2012-11-07,54734.9918822135,30742.4641858271,301006.627925002,9991.51444431705
2012-11-08,30227.2370601068,17057.9476632249,320021.428939854,9995.39575007396
2012-11-09,47001.6352671809,26651.0508035131,307387.833063371,10015.2487170829
2012-11-10,43908.3388844388,25017.2643741616,322461.659181743,9997.63140365134
2012-11-11,25716.9284169787,14723.8643926502,335795.020108662,10013.9176461482
2012-11-12,45972.8510955717,26450.4203106047,294338.49251436,10006.1391085566
2012-11-13,56301.56501461,32553.5698931743,260181.781690023,9995.31582569954
2012-11-14,28116.3834957411,16338.1650808737,315691.601958693,9992.37170092061
2012-11-15,32076.6825694238,18733.4451704652,316660.967856023,9987.69353967432
2012-11-16,67408.2373153654,39568.0226342545,311374.465195214,10001.4076043255
2012-11-17,53753.8282054364,31714.8597803924,374086.19002246,10005.0925994367
2012-11-18,46415.1245351963,27526.6812580978,388105.528116523,9981.97542417148
2012-11-19,37892.3408497078,22589.4518072339,336303.734308719,9977.92429710439
2012-11-20,32953.7745651336,19748.6948311344,298438.658919526,10009.9318992053
2012-11-21,46282.7395750187,27883.699174015,342565.64782612,9996.35614085768
2012-11-22,37524.5190081485,22728.1326325922,368989.266913593,9998.76328791132
2012-11-23,33752.0738497956,20553.4928245184,387065.051364486,10009.0720741378
2012-11-24,43160.656690046,26425.8582962139,308499.287684797,9982.43279052035
2012-11-25,51883.184627912,31940.5928220201,345308.078681953,10001.0704808708
2012-11-26,18497.9850656522,11450.7922741177,324917.421293634,23871.5216328656
2012-11-27,18486.7880453029,11507.6564323638,298975.722331752,22488.1343675639
2012-11-28,31753.2229212985,19876.8322661858,328544.431895244,10012.9984251253
2012-11-29,42751.4884494521,26913.131356877,332827.641097546,10007.7023710753
2012-11-30,29110.9975764115,18430.7700142428,376215.16404477,10007.8250813324
2012-12-01,59108.341446652,37638.1622874885,390646.389276634,9989.64495822019
2012-12-02,38980.0702541795,24965.221308769,406699.674113062,10004.3373433212
2012-12-03,26382.3013581594,16995.6837706695,380024.417518409,9972.24703594631
2012-12-04,38128.288290893,24707.3694387097,344961.323742842,9992.54332347909
2012-12-05,36905.4017148114,24057.0584440933,409065.531406637,9979.80621245979
2012-12-06,26027.769758799,17068.0205463495,421034.14022721,10013.8287442231
2012-12-07,39233.7412682651,25883.3118994539,430419.162298328,9988.09184380077
2012-12-08,62626.632133614,41567.4599022682,432288.339026433,9990.96300715023
2012-12-09,33282.1212170588,22225.9431936864,425510.113613375,10001.4359730092
2012-12-10,29757.4173505081,19994.9239470663,395250.961695526,10008.9319894351
2012-12-11,34238.8155334033,23149.3711361822,369706.743254613,9997.435634818
2012-12-12,36830.8079042383,25058.1130186491,415339.955354988,10006.3313805506
2012-12-13,38162.9291039102,26128.6072592236,432711.207422717,10004.1138717933
2012-12-14,26231.0294467674,18073.7474546886,436446.067173693,10000.7889590549
2012-12-15,27165.8275057645,18838.0125625977,419558.258203027,9994.54664359224
2012-12-16,40652.8279407991,28372.8663494725,410157.05036289,10007.850888826
2012-12-17,38956.0295643538,27365.826308683,387239.74092661,10015.1679840767
2012-12-18,32817.5665158991,23205.0703259272,369910.467130264,9997.9979265728
2012-12-19,15044.6992167941,10708.3843551629,416365.865451385,32646.0748603573
2012-12-20,42194.9974475193,30233.3804816686,468894.706075732,10004.4382570864
2012-12-21,30984.1262201859,22349.7033717755,446273.716675528,10006.4258396413
2012-12-22,22095.4866607288,16045.9116324752,425468.640927357,9991.93632933101
2012-12-23,32711.6123659122,23917.3316383089,382834.359358914,10000.7168194579
2012-12-24,32923.3187863518,24237.4013066698,320096.754871581,9987.18654191572
2012-12-25,72756.7939836127,53932.3671516074,252679.285416544,9997.42161823753
2012-12-26,24903.6191445581,18588.9035795865,338997.680188251,9993.80223015523
2012-12-27,46541.118779042,34983.6801693899,358560.124491211,9996.07701849838
2012-12-28,24789.9608532954,18765.6649133989,347870.777309311,9996.85577485096
2012-12-29,28173.4269907989,21478.7695569743,358516.779631628,10000.5570861383
2012-12-30,25120.5891214574,19288.7195815712,351702.172549123,10004.2333657792
2012-12-31,25968.0893602764,20083.5174068976,328245.058039351,9997.37025717557
2013-01-01,35062.94618029,26731.1797475329,317068.352077483,10013.5672087374
2013-01-02,23747.0450810957,17976.1917863609,330083.097575959,9997.59418662004
2013-01-03,34100.6339310056,25632.5095380593,360558.337580654,10004.486726233
2013-01-04,24001.7927646496,17915.7498695037,359055.135120336,9993.85762243327
2013-01-05,35593.0020429944,26383.9945262438,381779.333628148,9997.35973369606
2013-01-06,33357.162216311,24556.7870096853,407114.727421504,10014.3015021211
2013-01-07,28758.9082071568,21027.2834445491,379522.823468148,10000.8436219494
2013-01-08,31311.0182135115,22738.3012237421,339786.386834022,10001.5109413094
2013-01-09,55631.1906719749,40128.3096028474,345046.509460249,9991.91398547613
2013-01-10,44461.621138186,31857.4520682096,366320.899106249,9992.2667518683
2013-01-11,29345.4216927378,20887.2274561255,358497.793902664,10015.591797606
2013-01-12,46776.1586354899,33075.0925784641,363633.606854691,9997.98568020778
2013-01-13,38836.4878061618,27281.8506307738,355120.155603846,10008.0744913856
2013-01-14,31787.9577182112,22185.7991570699,366031.309682124,10019.6403464871
2013-01-15,30316.345083765,21022.723840046,353738.978623484,10012.0875909495
2013-01-16,19980.8264529192,13767.222212109,374308.065179153,14174.7669446337
2013-01-17,34548.3130291156,23653.8264698867,370063.416153291,9984.88192330176
2013-01-18,32076.4545993436,21823.4535250427,405335.046909976,10000.3218694244
2013-01-19,36795.2857937166,24877.8386060007,386292.267088807,10022.2603536345
2013-01-20,49037.2962154607,32949.6675349468,343729.545330323,9993.27022043688
2013-01-21,23910.2308750934,15967.3546560298,320134.264053321,10011.1614095772
2013-01-22,57479.3431523569,38151.0263332826,323519.502748795,9994.18972900367
2013-01-23,20124.4355647297,13276.5070493976,362905.049821085,16277.6796434006
2013-01-24,30486.7535542337,19992.0523685762,380568.552628379,9983.66980679932
2013-01-25,27780.7232606319,18109.0694599317,398556.464361721,9975.59732198821
2013-01-26,23207.5539300074,15038.6401913151,395030.000061265,9979.8140671106
2013-01-27,43638.5881650925,28112.3179734664,391784.256167719,10004.4876581607
2013-01-28,36834.0558065274,23590.7823899036,321446.211548127,9990.27988710811
2013-01-29,38238.3047547866,24348.8395162985,296793.549871725,9994.56578786463
2013-01-30,24332.5862898869,15405.4597608161,347317.192509274,9991.00690009126
2013-01-31,35514.9533521636,22357.5514997628,382957.25887643,9992.44788272247
2013-02-01,35216.7071421045,22044.8986411856,379010.764257193,10000.1006261172
2013-02-02,41729.9794036586,25976.0789559618,363790.068374486,9992.74067397136
2013-02-03,39405.0860683591,24392.8975783612,345221.781331789,10003.7293268609
2013-02-04,33062.1254693479,20353.8756346669,341827.186411307,9982.84772142391
2013-02-05,38097.5482277881,23325.8826002267,368474.145919779,10009.0268997227
2013-02-06,29634.9888521166,18046.3734891464,401887.646273191,10005.3148619246
2013-02-07,29987.7693699185,18163.2174804716,404365.020863295,10004.2218240566
2013-02-08,45496.3081201921,27409.9022832362,403049.848214442,10011.9842372936
2013-02-09,65645.8523468884,39340.5587686477,403260.04664954,9995.69337363461
2013-02-10,50156.041895968,29900.4354400899,397216.343504759,10013.2290196999
2013-02-11,39938.9282150695,23685.946289611,366550.077037313,9997.28013702101
2013-02-12,43326.6507050295,25562.8054361547,361581.797433564,10001.1632515639
2013-02-13,58647.5381594668,34425.5718552682,413194.313297028,9997.18054018995
2013-02-14,32930.9736213463,19232.3687903306,394107.267547644,9998.67466762139
2013-02-15,43959.6816334909,25544.5560962496,366928.270706357,10001.0100152596
2013-02-16,37252.8571695715,21539.6053249211,346083.258143145,10011.7562323846
2013-02-17,40130.4832710514,23089.0215527496,354702.085486094,9996.40229908784
2013-02-18,25865.8018303372,14809.0997642475,384855.302042365,10028.995529309
2013-02-19,29221.0896739892,16649.0408029157,393899.33793094,10014.1207391435
2013-02-20,34809.2808031495,19737.6943556316,408196.160187717,10007.1203552353
2013-02-21,91005.7310455073,51356.695093928,346456.883766009,10009.5050363766
2013-02-22,31072.3190959378,17452.0836512241,376971.450888689,10009.9978952823
2013-02-23,44878.9826278417,25088.8172089255,361871.786044452,9985.11726648559
2013-02-24,44828.9990959359,24944.6839651043,369152.871758366,10002.8909324426
2013-02-25,51137.8427070208,28324.4378278854,327839.141769863,9994.27564833448
2013-02-26,32378.9213603813,17852.5105409969,347171.843838533,9991.36044602839
2013-02-27,39995.3891487613,21952.445466738,399198.017957326,9996.58981584226
2013-02-28,47625.4656968373,26023.5325801311,361135.141720201,9997.88312502318
2013-03-01,48936.2816208113,26621.3412537245,346416.676924497,9984.01005254444
2013-03-02,47699.2287694731,25834.5043695668,341332.155191783,9998.24728877228
2013-03-03,33587.867757114,18112.5178143766,377010.104520776,10000.4344430964
2013-03-04,36319.7740750714,19501.3595780029,355109.294469323,9990.00565013341
2013-03-05,47312.3976832711,25295.2957389303,328745.209348168,10011.0797227841
2013-03-06,46628.5013558248,24824.2964506992,372593.178656219,9984.14174942933
2013-03-07,30755.4664294936,16305.1980653667,370977.909813398,10015.1158955741
2013-03-08,61512.6935638386,32476.1323469509,357319.42012835,9993.5409714773
2013-03-09,40073.8017685498,21070.4288424298,337550.691246615,10000.2836252637
2013-03-10,34328.6085484789,17976.275799116,319385.799608076,9990.7803617929
2013-03-11,65587.850224226,34206.9994577634,273390.7409684,10003.986551796
2013-03-12,36047.5604915022,18725.4750391815,267503.533793724,9987.84753685029
2013-03-13,30417.1120812416,15738.2916723108,310031.523441938,10004.7475416895
2013-03-14,34881.6658916584,17977.8061339906,339628.898681625,10011.7302363718
2013-03-15,27531.4568292444,14134.670775002,352559.511408454,12355.5386641521
2013-03-16,61469.8432078779,31437.8441628555,335672.619678587,10016.2079103101
2013-03-17,53911.0586770247,27467.5375571765,333964.009057563,10004.9658769118
2013-03-18,52622.1371321672,26710.2888135898,319315.138833543,10009.8226570476
2013-03-19,45786.2135739137,23154.2138203776,310667.947632579,10022.6882636262
2013-03-20,69283.9321796256,34908.4021803907,354007.747117588,10003.5633275818
2013-03-21,35323.1351477725,17732.7339339852,389899.541286764,10003.8520461128
2013-03-22,39456.5467946069,19736.5560897034,383740.664217191,10003.3249851509
2013-03-23,49332.9393459276,24589.0598543639,364962.933455764,10003.9705603617
2013-03-24,53391.8796837101,26518.5343254365,348186.936077604,9974.31693358106
2013-03-25,58874.7968742199,29140.0169953119,323176.225597692,9990.09112870561
2013-03-26,87706.6545667043,43260.910093337,274372.257668281,9982.46175660971
2013-03-27,36860.0352344053,18119.1654000556,350939.113572245,10018.5192624716
2013-03-28,51289.4516675113,25127.3335790121,336462.802243359,9984.23891552444
2013-03-29,34322.5421912696,16759.0820971454,328597.599757832,10003.2694341544
2013-03-30,59086.5537322982,28755.9921809187,314006.394761588,9993.62467189875
2013-03-31,51411.4001245699,24939.313062176,296487.928263434,9973.45758516273
2013-04-01,49608.2539568515,23987.2663840024,259803.045616505,10001.857091153
2013-04-02,33420.7360624592,16108.7169424634,246066.109835181,9980.84806119377
2013-04-03,47804.7661755142,22969.4493356246,300645.460666106,9999.15586985852
2013-04-04,43203.0671672193,20694.0119098578,324415.669887183,9994.65775204399
2013-04-05,61749.102241317,29486.8062438955,306861.789390054,9993.03398033642
2013-04-06,44450.306473421,21161.9180570668,315659.123328088,10009.9487906507
2013-04-07,42641.3926283429,20240.0228379222,299802.757465466,10003.1896152415
2013-04-08,32923.9202025696,15581.4058675325,277975.424859201,9989.39609680356
2013-04-09,34389.3617309886,16227.4691528449,275748.006065297,9999.78122059756
2013-04-10,61160.5093705474,28776.9927225404,303236.676535656,9985.92401147889
2013-04-11,102873.756983058,48266.1406387754,248715.961531715,9990.75976909528
2013-04-12,48586.2839961649,22731.6681035169,295623.076481536,10007.8237967585
2013-04-13,74333.9602055364,34681.7094638932,272659.572933124,9998.3885310059
2013-04-14,55236.2715213559,25700.9456661692,262101.846017425,9977.24462621854
2013-04-15,55756.4343055948,25873.0214857114,246735.884690176,9991.97220664709
2013-04-16,73718.1587677118,34116.9264096554,206815.302628764,10000.0146552912
2013-04-17,22571.4933018493,10418.730267111,281526.092654631,26673.920946857
2013-04-18,32649.5710890554,15031.6568878977,298182.558609391,9988.75475133422
2013-04-19,82534.8617457973,37901.5900473107,256840.832703498,10009.1007001064
2013-04-20,24532.8570883367,11237.6236742024,294607.348998424,23530.6251304523
2013-04-21,103436.451076825,47263.0794908427,230324.680913259,9993.41480475538
2013-04-22,49562.4827978846,22591.1932589802,256737.133543275,10007.5928664066
2013-04-23,73579.2670871615,33457.6105971283,216246.437404256,9995.59486892274
2013-04-24,30426.3691792843,13802.5251891367,294843.042271059,13181.9242573574
2013-04-25,47587.2182715926,21536.9037133683,302082.804872832,10003.376320055
2013-04-26,35157.3395721663,15874.8280349845,306305.035865964,9990.84701319121
2013-04-27,56479.2007780207,25444.69014737,293022.917985971,10019.1724844989
2013-04-28,50267.4672920705,22595.7478285213,287449.025712882,9992.55768051566
2013-04-29,65773.7052543594,29501.1251623416,238913.036252865,9987.38298522079
2013-04-30,58640.5683853915,26244.991699693,232346.811733145,10002.8457142302
2013-05-01,59270.9512603627,26470.831013216,283515.411637828,10004.4858857947
2013-05-02,38280.8489291227,17060.825283154,299008.252256452,9996.97607184556
2013-05-03,50919.7503993383,22647.1158019959,294947.500428174,9987.3840301041
2013-05-04,43778.5507758089,19431.7320192269,305205.888562643,9990.36001599978
2013-05-05,48788.6074701024,21612.6173713816,288917.596245264,10007.5051067698
2013-05-06,59249.0971854557,26195.3846101172,242607.583479133,10008.1470982337
2013-05-07,46026.6583695581,20310.5579310231,244027.58210978,10001.7840358376
2013-05-08,56514.4331130117,24891.8051754064,288672.602937509,9991.53239912151
2013-05-09,52324.7148840541,23004.0190208931,294845.766491471,9994.81014982576
2013-05-10,66408.783864698,29143.2111642899,288952.631408537,9998.69398232361
2013-05-11,43555.2316517499,19080.1774453657,300486.834560747,9987.14684208181
2013-05-12,96796.6527233493,42329.9525884893,252515.559939,10019.581895708
2013-05-13,45855.5363564507,20018.8772386644,260150.234819213,9964.97453507328
2013-05-14,41792.4206285141,18214.6602894618,246139.053710832,9985.02187258032
2013-05-15,46712.6788097627,20325.8646080824,299803.108715572,9990.82625222187
2013-05-16,35973.4955947523,15627.9738835207,308807.618809512,9994.20081761501
2013-05-17,95839.5070600359,41570.5187734395,252848.136831791,10000.936297217
2013-05-18,62223.5265742062,26948.2997288969,286751.605863979,9998.32270663489
2013-05-19,70997.1142747419,30702.1181422155,277753.24344729,9992.13802517783
2013-05-20,80568.2485671741,34790.2428393943,226469.09885022,9988.45192058427
2013-05-21,42568.8032465303,18355.484746745,247390.829498676,9999.31544670102
2013-05-22,35863.7291217386,15442.7880324861,296745.041081228,9985.13976475559
2013-05-23,39000.636365314,16770.760478191,301345.944175304,10014.5095635138
2013-05-24,44393.1110459452,19064.3664465676,301966.490172619,10020.5675834823
2013-05-25,51028.9679918704,21885.8910753717,311370.053920984,9997.39356506199
2013-05-26,51909.6653279836,22235.7218689516,303472.758302476,10006.7602041595
2013-05-27,30678.18708037,13125.1157100522,281341.543556181,15417.4618312066
2013-05-28,58727.3646798311,25095.6981370996,282831.961518361,10014.7437576476
2013-05-29,85919.5162540545,36673.3659784094,289044.929708212,10000.9995838093
2013-05-30,45605.5649898002,19444.2777921487,385691.660279487,9998.85263838864
2013-05-31,42472.2660815635,18088.7797545315,386958.155674793,10000.9023277828
2013-06-01,53695.1670220554,22844.6083895184,365670.882380599,10020.4412726035
2013-06-02,65271.2501989938,27741.5001400187,317565.983468282,9993.12381935936
2013-06-03,40492.1971083569,17193.0782920902,277118.597170151,9990.12962654163
2013-06-04,65322.2264385564,27709.7335805839,237686.018743471,10002.8378708946
2013-06-05,43972.4847916495,18636.1512154803,305412.202478696,9995.88437061145
2013-06-06,54898.473589492,23246.3139021384,319697.630787443,9995.6795235875
2013-06-07,65977.6167906107,27914.111945857,316569.374757626,10002.1058893112
2013-06-08,32573.983982893,13770.3879730846,330606.680857463,13677.4196240906
2013-06-09,50060.1909623501,21146.1174315125,319270.805660862,10007.9522415206
2013-06-10,31197.7101978377,13168.5640781358,269106.155684045,15041.6266922875
2013-06-11,69631.4205233853,29370.6282817171,226681.916611327,9990.82474994799
2013-06-12,57629.769490272,24291.9205125452,293071.224670827,9992.02433390798
2013-06-13,63842.5233731122,26893.4611979075,300154.858769811,10010.112076207
2013-06-14,27429.4909897774,11547.5747584091,317844.703613942,23124.1489761538
2013-06-15,61083.1702246879,25700.742260574,316553.003928163,10011.154428329
2013-06-16,70816.6821060334,29780.0494269189,326929.779033541,9994.49739891172
2013-06-17,55663.7355956876,23396.0532150681,328148.928772406,9989.90545891425
2013-06-18,92855.1110526335,39009.568348093,290712.10818256,9998.34426187307
2013-06-19,67316.8846478993,28268.2601474588,353244.001282122,9982.87925203283
2013-06-20,100649.334116824,42248.4101587477,310983.902788413,9998.1926151215
2013-06-21,67183.1052844836,28190.2276619727,346195.04679572,10000.853098677
2013-06-22,56019.33330252,23497.9587177045,383447.534585234,9992.5852085889
2013-06-23,52746.1415232616,22118.2737763424,342685.113274206,9996.2205812208
2013-06-24,62378.5361448217,26150.42094981,297775.937589256,9991.84092467836
2013-06-25,60915.4079440884,25531.0260940685,278416.84796629,10012.6734553631
2013-06-26,57961.7157052186,24288.1582961346,329735.509938807,10000.3013610118
2013-06-27,40241.8122645688,16860.0070966827,352041.460599161,10005.4677496804
2013-06-28,62208.7869297017,26059.9425266548,342471.3455627,9989.59671757538
2013-06-29,55240.9782585506,23138.7134051741,329383.270601499,10004.1744729443
2013-06-30,49835.8179155199,20873.2554110113,323558.399801642,9992.2649204175
2013-07-01,51002.7130653652,21361.2789472043,306060.295659014,10005.8453833394
2013-07-02,46872.5254144211,19631.4476262107,324115.161723506,9996.32455298123
2013-07-03,48889.5388120945,20476.9154643211,327785.625968734,9995.56877356489
2013-07-04,67689.5180351904,28353.0163245833,290985.539163667,10001.9344581941
2013-07-05,98704.2331218797,41348.2848524347,265900.046968791,9983.35415217698
2013-07-06,60052.3029056413,25159.9566765211,290221.924938999,10001.328321611
2013-07-07,63547.4245518369,26628.7822582125,288679.820961759,10001.3183101606
2013-07-08,102830.740543854,43098.6906056219,230802.631535954,10001.6071865711
2013-07-09,50778.4705456889,21287.4245217043,282328.091499686,10002.5792930847
2013-07-10,66249.3428601832,27780.6311621503,353426.328941646,9978.15420655027
2013-07-11,65319.0011054148,27398.8121773611,350382.854374019,9977.64111781937
2013-07-12,36587.0927078961,15352.0512122488,372044.296156527,10011.0224935671
2013-07-13,74243.9892125005,31164.5430702066,372032.237835458,10001.0810032865
2013-07-14,76007.5206919215,31917.7035497236,375526.589217406,10010.2965615606
2013-07-15,47172.9254610996,19817.9232041538,364521.218282442,9997.7837923871
2013-07-16,40297.8866409378,16937.6253716469,362320.187810876,10005.8859758046
2013-07-17,52353.3316528371,22015.7843875114,421910.834501392,9996.72915314765
2013-07-18,55397.3879460278,23308.449516827,414162.207567764,9984.55929562464
2013-07-19,100299.220626224,42225.0908273557,378606.178917026,10011.0039521418
2013-07-20,52277.3603397116,22021.6728215536,410121.4919552,9988.91878828712
2013-07-21,38470.1264273143,16215.8075860017,397358.618020464,9987.95771669841
2013-07-22,98108.0555491983,41382.1118299579,277997.854436367,10003.5979059666
2013-07-23,48644.6494440003,20532.9230638911,296987.524462224,10010.4703081902
2013-07-24,30452.2467234854,12863.4504361464,362109.456706295,18217.5693037753
2013-07-25,61094.9758247601,25827.4063361424,384234.592163225,9990.47507784406
2013-07-26,48893.0379955143,20685.8901907783,392542.466786966,10007.2613895056
2013-07-27,36763.2313335338,15567.0924846959,393856.023942891,9995.80085414832
2013-07-28,31566.8623991159,13378.475741264,385773.049002544,16171.9424808839
2013-07-29,41580.155627158,17638.330741092,358872.829861991,9994.65385429039
2013-07-30,96063.5196638698,40788.7872859781,331139.837136334,9996.06659787924
2013-07-31,55858.8946201862,23741.0732627744,440479.422889511,10013.2248243691
2013-08-01,38371.473259769,16325.1429982189,458463.299297683,9994.08947205553
2013-08-02,39643.1829528624,16883.8837990376,463577.949710168,9997.60599564259
2013-08-03,57278.1210229941,24420.9603988571,434755.466097906,10003.3107215465
2013-08-04,56307.5655031527,24033.9802536182,400031.996821585,10006.7335912916
2013-08-05,50046.999799464,21386.3572200469,349026.392698852,9987.76763764502
2013-08-06,49987.7340939337,21386.3613370431,346852.349046342,9998.42314174996
2013-08-07,68560.4442482688,29368.1525373742,406727.640669025,10001.7824201583
2013-08-08,50469.2166964546,21645.8184977189,391322.732095766,9995.18728056901
2013-08-09,37512.7749145691,16109.6456308005,373716.017878299,10014.0545672747
2013-08-10,36370.9683749661,15639.9704164546,383516.620724117,10010.1474618139
2013-08-11,46647.8863917971,20086.4059414101,354177.186326754,10009.1556785543
2013-08-12,38995.9274911417,16814.8760984294,298189.235969787,10002.9271809967
2013-08-13,48196.5198519438,20811.7795717602,293845.375396023,9997.53612336517
2013-08-14,97296.6183391892,42075.122370862,328884.228627117,10008.4549114921
2013-08-15,81022.6871242814,35090.0017674484,351352.33952643,10004.7012376862
2013-08-16,56179.7875228253,24368.0605581839,361461.264458521,9988.96752629249
2013-08-17,53893.5201143134,23412.9742165049,373333.892511707,10010.0905360093
2013-08-18,40821.7383802076,17762.5678621807,377374.294414202,10019.094452908
2013-08-19,72797.3143756455,31727.7231468341,334359.58909183,9991.01207807355
2013-08-20,67235.1366032964,29352.4414440063,297575.607396114,10000.4006635345
2013-08-21,140525.020233715,61452.7184218919,251680.52738286,10003.602685336
2013-08-22,135392.746339677,59311.3049112351,274427.858681087,10006.4361465806
2013-08-23,35669.4835956345,15653.4005300667,365624.785535548,10000.3923611774
2013-08-24,40586.1306559642,17843.2720304947,371482.192121562,10007.7017456729
2013-08-25,33185.3679754018,14616.508895454,378114.281446303,10412.6431549421
2013-08-26,71076.3799636289,31364.4523395053,339928.531998198,9992.661625598
2013-08-27,103906.090762709,45939.2655780596,287604.962584017,9989.22867701853
2013-08-28,64322.7586079416,28494.0120686389,371186.105822452,10002.5822211968
2013-08-29,53105.2410751593,23571.5160758396,378003.692809548,9991.90918336798
2013-08-30,91916.817334951,40881.0096280949,320619.152680101,10008.7686656052
2013-08-31,56625.5242167161,25236.5922453053,329951.1244753,9993.08683710795
2013-09-01,37612.6645109092,16798.0851505397,305281.428461616,10003.2289794394
2013-09-02,51601.4971777274,23094.6067272187,251558.385382162,10005.31441708
2013-09-03,46947.5194634439,21057.1176186054,243234.385356044,10007.3704434382
2013-09-04,54219.8316914511,24372.3766126199,246381.854780257,10006.1342476917
2013-09-05,67560.3173417125,30436.8921184672,290288.637635835,9992.91463980723
2013-09-06,53910.7017981606,24342.6587650186,315617.358612497,10028.8781609968
2013-09-07,107053.836930237,48450.1566146278,268407.028448991,10005.5542876971
2013-09-08,36614.890005328,16609.8668762651,330531.438040913,9998.0553615546
2013-09-09,61074.5929528047,27771.5452910457,288115.198423337,10005.0295944146
2013-09-10,85554.3359601029,38996.725521202,238752.428646592,10005.688046798
2013-09-11,38672.1208743721,17670.4005593483,323799.882994017,10008.4204166528
2013-09-12,45214.1660646175,20710.9910251188,325324.817683267,9992.43793369855
2013-09-13,45981.7103524105,21115.682495706,316842.754969589,10001.1858076064
2013-09-14,59533.6621075871,27408.9230648812,304790.281139167,9992.80042838309
2013-09-15,65453.1465733969,30212.3864895562,290699.169698005,9989.99121165486
2013-09-16,114853.392265,53154.4031661376,189755.686148545,10014.0079758303
2013-09-17,42088.6684462354,19530.6790431748,275853.858825094,9982.87129769713
2013-09-18,66114.7024594561,30762.582789254,315426.356276892,9999.26358618755
2013-09-19,38341.9580372455,17889.0596605869,317443.992603891,10002.8453070744
2013-09-20,52342.5771456585,24489.0943183009,292623.812213613,9998.56596959031
2013-09-21,57943.8130720176,27185.983217678,295302.207840847,10005.7828944329
2013-09-22,44718.4654196862,21040.7494507426,298474.575513522,9995.26869287887
2013-09-23,44507.1141160513,21001.7803485301,275721.426718199,9990.1427234058
2013-09-24,38979.8033766936,18447.3821255792,261917.268874589,10015.853799979
2013-09-25,52328.8112720763,24838.2210323065,291665.876006154,10007.3549666932
2013-09-26,67733.6130468904,32246.6431106487,284649.221399527,10013.6764310057
2013-09-27,57904.6441172643,27650.9772568814,295235.165145698,10001.3034915478
2013-09-28,63698.1262388505,30511.0231623224,286773.728512455,10009.8823566092
2013-09-29,60091.3110361013,28872.9437413704,279904.281650103,9995.7625446306
2013-09-30,35986.6547177097,17345.4837580587,267075.171860136,9997.88335459442
2013-10-01,55552.0553662742,26861.2951265871,236880.277516095,9989.37590356
2013-10-02,54251.4035896289,26316.9790144971,296809.424469611,10006.9415269175
2013-10-03,66427.1419096877,32328.4783541471,303166.697680838,10014.0793987886
2013-10-04,38755.553269495,18923.6419419122,332676.976811722,10003.8130551006
2013-10-05,27317.1812957529,13383.0233028506,312082.8059257,14970.1544664771
2013-10-06,42456.5025963362,20870.2023196348,301171.972214334,9989.51508768958
2013-10-07,46621.4604563938,22995.8241958733,269909.105081903,9991.6856216445
2013-10-08,35386.2174742007,17514.3700419208,260641.033378109,9991.72858255979
2013-10-09,49744.1220228166,24706.7759210814,298120.533588269,9994.18997287896
2013-10-10,51971.3329296261,25904.1166624332,296038.057574241,10003.165238826
2013-10-11,64338.7223126751,32182.8670986871,287971.704664959,10011.694729159
2013-10-12,33682.8627630601,16909.2930458623,314845.147631674,9995.98336828611
2013-10-13,41934.9531344884,21128.7402920391,328776.327625456,10013.5334773797
2013-10-14,43215.7000234778,21854.29806563,294492.183957162,10004.0503617014
2013-10-15,19768.0468318282,10033.9946063485,282808.797957045,28632.8576625084
2013-10-16,53275.5808606625,27143.7633406053,318967.144318671,9983.81997801707
2013-10-17,35064.5948825777,17933.26958431,325565.809296773,9996.77008793262
2013-10-18,57383.455413835,29460.7094436427,299104.778268558,10022.4123787771
2013-10-19,40713.9269134936,20983.7192775614,312702.906257153,10018.1709275621
2013-10-20,48749.421828828,25223.7167535628,310618.945884595,10002.8645756195
2013-10-21,34818.5066046885,18087.0235721325,288633.002051334,9995.98459594924
2013-10-22,63567.4210997356,33153.2552394422,265796.481361361,9983.57841102693
2013-10-23,47809.1280630972,25035.3890855728,351770.302655321,9998.96587924365
2013-10-24,46489.5311366842,24443.7591269962,364957.061264545,10017.3745405788
2013-10-25,22028.4562459487,11630.1046010934,347641.823543057,23917.1367739255
2013-10-26,52350.0475440291,27753.6969206295,355405.776769887,9975.02831229095
2013-10-27,26549.8638671805,14134.7388871692,342150.473064841,12318.9001790613
2013-10-28,40932.1215335281,21884.1185421158,300937.050162966,10021.1305538791
2013-10-29,80423.0693379535,43181.9644660883,233540.817582982,10004.9274860271
2013-10-30,39832.3060853922,21479.8795439034,326131.442495052,10003.1932239447
2013-10-31,53701.5126573531,29085.4170851212,309014.862407455,9996.27458937098
2013-11-01,54069.9359615328,29414.0496401519,314338.162486449,10000.800408375
2013-11-02,25723.7881584485,14056.0061603813,349480.187386122,12676.9450880629
2013-11-03,39058.5292946242,21438.2270706768,374107.843018215,10010.2247406424
2013-11-04,33652.3881609135,18554.6518886679,348454.273116313,10002.4025551078
2013-11-05,51270.5738944049,28397.9555217471,300549.931124638,10003.8295984004
2013-11-06,38252.1652956265,21285.0653265385,336283.728416461,9997.60162699779
2013-11-07,76482.1876660726,42756.0411073676,310437.121863532,9994.99187492246
2013-11-08,48512.2890524138,27247.4199315805,321669.362068769,10008.9055317394
2013-11-09,39141.0048725747,22088.1985103289,323334.298242672,9997.26268613584
2013-11-10,35575.2714106254,20172.0293416125,317963.250891844,10013.0300202594
2013-11-11,31219.5317975581,17787.6754270441,292746.478318106,10004.0418096155
2013-11-12,23169.3463227408,13265.2822215408,306906.394160296,15346.572405992
2013-11-13,28879.0177432065,16615.5054398791,353741.899239553,10000.8681178047
2013-11-14,41888.9052852072,24220.1687572396,353088.495740335,9994.49332658806
2013-11-15,52068.8257645917,30256.7032149781,352295.561503262,9993.65197660721
2013-11-16,46179.754062841,26969.9302242196,332427.923667471,10002.5578058706
2013-11-17,36766.7189489459,21581.7298522884,349531.182780006,9993.03643330564
2013-11-18,56282.1878407345,33206.5967223908,307180.69703276,10001.9310654916
2013-11-19,20341.9220044827,12063.8608385049,311499.46580767,20497.9976239464
2013-11-20,24043.6799139581,14333.5971466936,365462.388243632,11599.9998544044
2013-11-21,39686.0483739111,23783.243914621,377554.019997301,10002.551267399
2013-11-22,50058.795243386,30158.637980315,359488.304640599,9990.45460263617
2013-11-23,42707.0409334785,25867.1214538649,287299.079463555,9999.51155322989
2013-11-24,24904.1425010896,15165.5011326076,291237.075502387,10019.690788558
2013-11-25,44277.1578360388,27109.4554268936,289118.451711896,9996.74351274198
2013-11-26,31109.2397880338,19151.6301128828,292594.543914124,10005.1228927422
2013-11-27,37354.7082063882,23123.6538797881,339848.759210715,10017.1382775015
2013-11-28,17777.5595689595,11066.1758670104,334217.312451581,26256.2170419657
2013-11-29,35218.7848519577,22046.1992427136,332915.872477744,10008.5823295725
2013-11-30,32598.7298703067,20521.7158720508,331590.771669671,10000.7664060293
2013-12-01,35032.2224203702,22179.6189849854,339242.970879217,10017.8068094687
2013-12-02,32427.117767825,20648.4751760875,340377.713267811,10011.457903473
2013-12-03,28250.4927829124,18093.3435934885,349814.842094125,9993.66422738025
2013-12-04,51084.3867342703,32908.9593348051,423321.195937622,9977.39335376673
2013-12-05,43413.4042590109,28132.1576629926,419085.779440311,9999.68853042444
2013-12-06,38224.5137154126,24916.9313358177,404588.972154366,9991.33920561071
2013-12-07,19849.1773405118,13016.3348537175,405436.755604885,18380.4135995508
2013-12-08,27333.0606559138,18032.1863593457,451446.296014277,9986.8278449127
2013-12-09,35137.5382503778,23321.9983659803,406902.356366853,10027.7168022183
2013-12-10,46528.5423907627,31071.9600267567,355089.12484182,9994.3502118524
2013-12-11,49233.2353672754,33081.3250774223,374612.826814805,9979.73648832906
2013-12-12,27471.6531269685,18573.9922381433,379514.039260134,9987.79297444141
2013-12-13,26688.9460998498,18158.0222040611,355136.850414704,9990.12044826147
2013-12-14,47783.9373282839,32715.7207548349,363396.623082413,10018.524651526
2013-12-15,13936.5258474839,9602.56817500563,339423.650902956,35026.7491466436
2013-12-16,48860.6400619874,33882.1760945427,330937.272477238,10008.3663698051
2013-12-17,24783.4826637506,17297.1593099765,312715.697032383,9997.21383469531
2013-12-18,16383.4980978094,11509.0774980709,339489.803222684,24195.7745938271
2013-12-19,21921.6151146281,15500.6197716216,365628.41697271,10019.7811814128
2013-12-20,38910.3435971651,27695.2638684048,393501.023925446,10004.3680940467
2013-12-21,33572.7524972696,24055.4061255552,374353.808571919,9998.69085659794
2013-12-22,27310.0793452974,19699.5121982622,342234.393263574,9993.8762995813
2013-12-23,33422.8349560596,24271.9187156408,312510.574361703,9998.42688334081
2013-12-24,25283.4798879283,18486.1989279455,300447.340240233,9995.21138778445
2013-12-25,28289.3441570838,20825.9741822252,296833.93122694,9992.04482853579
2013-12-26,29424.2745630584,21811.3071235931,333571.785738845,10016.5523742186
2013-12-27,28073.4345130482,20954.9609750165,364930.455093857,9991.32307843938
2013-12-28,56641.7795927562,42576.069365792,349575.755335594,10002.0838073199
2013-12-29,41950.3544165967,31755.8506299749,340733.766192044,10001.0359954311
2013-12-30,33306.6759485422,25392.2399160454,325254.007381388,10007.9195994192
2013-12-31,36494.4482100003,28022.0807881288,296781.535692626,10007.3749183891
2014-01-01,27170.7465253952,20714.3491454028,300504.416348848,9984.25822610351
2014-01-02,30461.7217557236,23059.1111674593,364738.496470825,10018.2752132286
2014-01-03,30960.6817117561,23272.2937317548,387957.640394026,10003.7221262973
2014-01-04,26166.3112752401,19531.4196906666,372143.706490684,10006.2146334921
2014-01-05,29254.5293916488,21685.4802639223,339713.277743666,10006.3911146662
2014-01-06,37150.1265741291,27349.0814280852,303217.164994378,10003.4963726938
2014-01-07,34973.0641525919,25570.8084452923,323389.710989443,10004.3136995826
2014-01-08,21183.3632261483,15383.5206087372,366687.157128192,10002.3188547022
2014-01-09,47781.996979145,34466.4700694134,405409.432399422,10010.3655395056
2014-01-10,27774.7892597131,19901.0741150414,420008.482560707,10016.0630272426
2014-01-11,34106.2561599285,24275.8525520049,418354.659686738,10003.0486081547
2014-01-12,44244.9360764822,31285.2829207648,370308.440755267,10008.3249445956
2014-01-13,39232.3971137111,27559.9689468739,320917.311957902,10009.2028960081
2014-01-14,25576.5096796985,17850.6373993182,308375.51808802,9996.41555277159
2014-01-15,24551.9440013269,17025.4276051429,346962.572734262,10002.4358457457
2014-01-16,36869.1260278399,25403.6264209365,397176.885717852,10004.7998459606
2014-01-17,29821.7857254887,20417.7652315,424114.470352704,10013.2415744965
2014-01-18,46664.6226643969,31748.621744529,420484.84596012,9986.15371416535
2014-01-19,60315.2887512458,40780.0615394068,393306.105400808,9990.19378901506
2014-01-20,29394.9170945322,19751.3488758948,384224.276484611,9995.91801749262
2014-01-21,34560.3603309422,23079.5567523847,384079.97795326,9985.13520541055
2014-01-22,39662.5035371532,26325.3741936298,403953.538540056,10001.7085684062
2014-01-23,30471.6204040747,20102.7592450988,412582.430156904,10001.3897599269
2014-01-24,50203.2588901943,32921.3859724521,414876.707248455,9998.63502911803
2014-01-25,34431.1898667533,22444.2251929675,431166.553368509,10009.5042582966
2014-01-26,72711.8632190129,47117.7424337243,414939.296629251,10006.4686305268
2014-01-27,29893.3414388423,19257.5231040671,362294.238215266,10009.5529689181
2014-01-28,26882.7129223205,17217.3337069313,377269.562905742,10007.3886898987
2014-01-29,40250.2725854223,25629.991547861,466474.847108724,10006.5757218183
2014-01-30,42384.8598563254,26834.7246447795,447516.52164892,10008.8017351947
2014-01-31,36489.5332520658,22971.0739247153,459492.587008785,10004.637364486
2014-02-01,36879.8199552228,23085.9713697093,435989.738930722,10001.6899096426
2014-02-02,26555.3598571492,16530.1812800034,421908.319951021,10005.0880587986
2014-02-03,15399.9632113359,9533.02638834437,407091.838078121,40536.5235397362
2014-02-04,36744.3231619797,22620.7291062493,436426.996286313,10002.4941871994
2014-02-05,27227.0332351705,16670.2218473162,492655.056359511,9992.46437775415
2014-02-06,35397.309498063,21555.3672350151,517632.836474088,10006.8815195255
2014-02-07,68586.3979711035,41541.924882248,459520.075303981,10013.3997919362
2014-02-08,38574.4747722632,23239.7446698677,481205.099707213,9998.89276193367
2014-02-09,36901.4056974693,22114.450000828,475581.381206293,9994.34379825426
2014-02-10,42833.9881223363,25535.4060663319,442194.693541254,10012.306768341
2014-02-11,32779.6924357853,19440.1319495356,425339.229969335,10010.7430987465
2014-02-12,34241.0570969819,20202.2881126328,431829.815603427,10008.10808708
2014-02-13,69742.8960692138,40938.4461031749,416638.374671673,9993.73604319143
2014-02-14,30410.9519056638,17760.6240568488,444025.897248475,9991.6242346746
2014-02-15,40316.6316886942,23427.6141572207,481853.400807139,9982.44741103051
2014-02-16,39552.2228898431,22869.0987886535,479982.949763411,9994.38918146429
2014-02-17,51555.0054009851,29662.1055574016,440336.973058456,9983.80435928778
2014-02-18,77288.5967772462,44250.4952222475,387601.849933812,9998.36873494703
2014-02-19,33648.4673323636,19171.5884596448,438655.797549615,9998.50399985663
2014-02-20,36493.9747992028,20692.9561251841,388307.706061635,10011.6997851941
2014-02-21,25507.889961849,14394.7080278393,367466.86368701,11348.8890623361
2014-02-22,40242.853829957,22602.8076383977,384220.140753505,9996.94398665287
2014-02-23,33183.2265233444,18550.5075181913,395836.916065927,9996.13951607054
2014-02-24,34366.3331340858,19122.8297833439,378678.367864329,9996.20755242327
2014-02-25,34489.851364018,19103.3801767906,341521.567762195,9996.49301757318
2014-02-26,45752.8677294634,25226.3978879952,378732.444439325,9999.37805438367
2014-02-27,36346.9379628608,19949.9039888033,383351.933005994,10004.2865548254
2014-02-28,38260.8824911636,20906.5319883997,384636.872925822,10001.4044103454
2014-03-01,27364.9340984244,14886.5264154036,373900.718555284,9986.52387304915
2014-03-02,25571.0234863408,13849.5890821395,351908.286080228,13577.3724292089
2014-03-03,37273.2502809355,20099.8888823531,346046.227488286,10014.7096904572
2014-03-04,33177.1194971939,17813.9581964312,371451.975336669,9986.73828295726
2014-03-05,47344.3654984559,25312.3871436957,403466.999288839,9992.08031751742
2014-03-06,34324.5845013182,18273.8804900783,409055.870025779,10016.7139690573
2014-03-07,56676.6488882855,30047.4710056269,386442.677155265,10010.7296643619
2014-03-08,35536.9400860048,18762.0197161585,388409.998915688,9991.23812407439
2014-03-09,60533.5329446405,31827.9634624514,351582.645591914,10008.92270374
2014-03-10,29259.932153564,15322.048649688,310235.662369877,9998.19057110164
2014-03-11,68961.1694635133,35966.336423294,260010.824645807,9987.05372653704
2014-03-12,42573.0311069027,22115.2338872567,355125.452423238,9987.98478253221
2014-03-13,41152.9094797777,21293.1619158011,330445.273471435,9992.4836504468
2014-03-14,64185.0527039287,33080.5999287764,303611.038030906,10000.8400461744
2014-03-15,45803.4136531062,23515.5072386213,343447.119064198,9992.89557351482
2014-03-16,51451.0490842824,26313.879761447,376446.429645448,9992.88874143175
2014-03-17,49630.7675228215,25286.7408724356,367701.338306082,9999.40050908416
2014-03-18,49046.7391182945,24895.4648862716,343642.873199031,10002.5903839797
2014-03-19,56710.9561459056,28678.8861114404,381812.581365376,9986.38372162834
2014-03-20,56475.8375100089,28455.1004432387,335204.416070274,9989.04374210934
2014-03-21,33606.4761558568,16870.9458443472,341584.583810799,9989.66217721752
2014-03-22,42043.8024486747,21030.7270317457,325614.878127228,10012.7792630372
2014-03-23,50766.2050433402,25303.4437221841,316743.764026907,9989.91835404265
2014-03-24,30919.7021516959,15357.1139974715,285560.464346331,9982.78082675121
2014-03-25,38981.5687001847,19293.8852401323,269582.416348231,9997.50124550366
2014-03-26,73325.5299741874,36167.485528103,288182.396889347,10007.6930395969
2014-03-27,57917.0633657885,28470.098955052,309974.813681839,9992.72383840661
2014-03-28,50716.2221160012,24846.5013671273,311832.891631052,10000.1425007897
2014-03-29,49690.11237911,24262.7911457477,314853.753754991,10000.8636020595
2014-03-30,58477.8852637493,28459.7680044052,305856.847306392,10005.7125114685
2014-03-31,57249.150009427,27771.164978373,265800.234887107,9995.63266159349
2014-04-01,45830.0389043247,22160.3717910213,257917.957220332,10020.6406271769
2014-04-02,49111.5417871958,23671.6487566099,297661.689880333,10006.4852213731
2014-04-03,61570.7235152086,29583.7785117066,298858.421013655,9984.41390140089
2014-04-04,37165.6977976323,17802.1479328196,320772.603462957,10006.511000226
2014-04-05,60754.083536189,29011.6588700519,358890.07229227,9994.99974154276
2014-04-06,33161.4036139438,15787.4930818579,346194.605750129,9999.49616739332
2014-04-07,38360.962389662,18208.2879332454,351405.417633306,10002.5766319967
2014-04-08,53861.6279126537,25490.2781937728,324305.728641368,10002.7917756703
2014-04-09,71306.5385175829,33647.7502328148,344064.596608929,10003.2438404448
2014-04-10,45767.4059965935,21534.292680822,353975.912866073,9985.06434130283
2014-04-11,46104.9604741853,21631.4497657423,353444.29772008,10004.1389844212
2014-04-12,59666.8619782917,27915.8476778331,340774.193686807,9990.40059353805
2014-04-13,64950.9070521636,30303.8944995117,327026.248496577,9998.41649312835
2014-04-14,38401.4284341184,17867.8429681297,317552.407566931,10004.6226884045
2014-04-15,43937.0079261117,20388.3760546734,307983.259254347,9990.97371957449
2014-04-16,33287.4186145206,15405.4907260707,349272.307747428,10010.6382215297
2014-04-17,45049.5565111236,20794.3343254083,330195.443579922,10012.5424618205
2014-04-18,69988.2301914572,32222.1403631807,302036.507225181,10012.0614598006
2014-04-19,49245.4319528063,22614.4459940656,320233.846324077,9994.12748718204
2014-04-20,39869.1210623296,18262.6172364033,313476.637051084,9998.80473419203
2014-04-21,62353.6411204668,28491.1659878128,261425.451344435,9976.90060358959
2014-04-22,51379.8444539182,23419.5692013304,253190.504542443,10007.89410728
2014-04-23,58344.4267833552,26530.097255763,293157.537492552,9996.91796102446
2014-04-24,54736.2400069532,24830.3807464803,298113.577951006,10008.9102301592
2014-04-25,60448.6017409911,27357.6763380731,302251.615244791,10004.7600420113
2014-04-26,50478.3813467153,22792.8402181456,305337.052150879,10002.8015827139
2014-04-27,49826.9385122958,22447.7505696364,295896.334021517,10002.1004842412
2014-04-28,44429.1372008395,19971.3579082053,266719.196462255,9998.12138485407
2014-04-29,67991.563166169,30495.8890059712,235025.612554434,10003.7073249072
2014-04-30,55333.0055343867,24764.669084122,305770.006335567,9996.24709458085
2014-05-01,59203.0537686783,26440.5075075124,320884.435511,9995.53210500779
2014-05-02,36306.1729722584,16180.7611666742,318986.956848262,9999.84843675123
2014-05-03,48582.5592387679,21607.624475944,303500.519673943,9986.74723109113
2014-05-04,57175.6225934264,25378.2127681085,297402.588146749,10000.8534846693
2014-05-05,70386.6022111247,31180.2033413824,247038.770805713,10004.0270124094
2014-05-06,40981.4679407418,18118.8467941491,254042.225097596,9989.20928783067
2014-05-07,29676.7318536393,13095.6928629743,307631.996041459,16042.462308356
2014-05-08,45864.917185952,20201.2215303637,317493.980326961,9993.15784198224
2014-05-09,59131.1049223674,25996.3779138546,321689.526507226,9998.847997674
2014-05-10,48311.195082649,21201.161622857,341401.517783643,9982.48358218364
2014-05-11,36962.1925977594,16191.9743459038,340549.743603499,10007.576155652
2014-05-12,43626.7762097515,19078.3391428364,294198.204663184,10007.861429159
2014-05-13,70018.8248457837,30567.6995703945,233200.803374398,9993.370763464
2014-05-14,81554.0311452687,35544.2195069635,279665.263316287,9990.45015536649
2014-05-15,48790.2051572548,21229.8487154983,334077.241049863,10002.8591448001
2014-05-16,85412.4924553355,37105.7685484731,280834.155097001,9990.18077100457
2014-05-17,61553.3146824105,26698.835397491,291447.985710564,10016.5534623671
2014-05-18,64604.4916433491,27979.468546543,286685.151388591,10006.6201878183
2014-05-19,60809.6516922271,26296.6337366466,259830.701579688,9998.80960331483
2014-05-20,75946.1768134564,32794.3821673223,233850.219562226,10005.4546325688
2014-05-21,32702.6103358127,14101.2248270494,316071.083809483,12258.7212937564
2014-05-22,27811.9024924013,11975.701509244,336811.412280992,21763.719193187
2014-05-23,53162.4744601618,22860.5276398069,351716.372198582,9992.78632793602
2014-05-24,81738.5227413793,35102.1389046147,339589.280701173,10005.0533099842
2014-05-25,54485.6316303844,23368.4247587644,345965.456871749,10000.6200819737
2014-05-26,59597.2289427464,25528.7218393365,290077.405354166,10002.6621874544
2014-05-27,72375.7867428049,30964.6907464493,265716.984534296,10013.8853821622
2014-05-28,57680.8872935749,24648.5117064473,284815.437506613,10012.5607461789
2014-05-29,52195.1496975111,22278.6615964491,358342.681578976,9996.41088216536
2014-05-30,39551.6470910732,16863.1440778743,382530.431068418,9997.78166832721
2014-05-31,42403.3991863361,18059.4496006435,382546.214927344,9996.85157928473
2014-06-01,57319.5552135448,24386.6043172368,374101.625717114,10001.2139647728
2014-06-02,72801.2595841419,30941.8947360403,321034.958670039,9996.75171076134
2014-06-03,37121.181364296,15761.7373980308,298174.170843808,10007.0605915734
2014-06-04,72713.3929913923,30845.0715382001,320769.669764027,10002.6244795155
2014-06-05,86979.1943497008,36862.9934419694,288597.402919476,10003.9513444342
2014-06-06,69547.9490765425,29449.5156199152,305679.491667428,9993.77726657468
2014-06-07,41488.8046600545,17553.2732783607,372103.712229558,9999.1313453786
2014-06-08,47100.968873238,19911.5532086372,400299.251115659,9993.52863605197
2014-06-09,43634.1985971123,18431.6893289205,314508.576352336,9995.91273775445
2014-06-10,56414.0415057648,23812.3860938604,280044.051414448,9998.94348923957
2014-06-11,45193.7012487492,19062.7649138107,345983.697082027,9987.29109696269
2014-06-12,33493.5530090548,14118.0978958456,359836.101323136,12480.79420868
2014-06-13,54868.924753051,23113.3611400854,373445.700477329,10012.1222190723
2014-06-14,58871.5574415707,24784.4085387466,369486.997884451,9995.64914909495
2014-06-15,56014.1555934186,23567.9544881954,353977.815726463,9993.14056593268
2014-06-16,84119.2531174694,35374.0875891771,299495.833580077,10015.9402289094
2014-06-17,73699.4164265526,30976.6394616295,318191.359641544,10021.7250993225
2014-06-18,67570.7532780126,28387.3002621971,410404.520895115,9997.01881724852
2014-06-19,54743.589798771,22988.3787096157,400181.364271386,9998.93368655065
2014-06-20,38790.08363998,16282.4660301461,365080.629172937,10003.3116259734
2014-06-21,36641.1854929155,15374.7487032044,367087.414113847,10014.0911966638
2014-06-22,55357.0527847868,23220.1574775292,340689.126359594,10004.6727481378
2014-06-23,78186.9311674072,32786.473083156,272903.141873506,10005.0509509209
2014-06-24,62915.6866999949,26375.6059893979,278187.713332974,9982.1017677314
2014-06-25,49757.4633514355,20854.4789910323,382934.488726177,10000.3880381742
2014-06-26,55510.2770367453,23260.9124717363,420164.26485458,9999.42163482599
2014-06-27,57219.6480953724,23973.166680842,421724.516372667,10008.5602100986
2014-06-28,43638.9578661647,18280.8376443745,392047.658259301,10014.8846148584
2014-06-29,64693.9236975476,27098.2558000238,342492.850508609,10004.9810884547
2014-06-30,79373.464632852,33244.8160667678,280513.745516848,10010.4879497983
2014-07-01,59692.30354714,25000.7082061982,279946.476387106,9986.58664454388
2014-07-02,51796.1546675308,21693.5931786149,311976.141799379,9995.83606208168
2014-07-03,84198.413030357,35265.6995288753,301834.715745842,10005.9452588913
2014-07-04,93874.1125870149,39320.9218191166,260650.990075134,10002.6774652597
2014-07-05,60926.0308271007,25522.5819388768,341196.572945395,10011.6642627717
2014-07-06,60662.9267944937,25415.7881741627,352172.27572757,10015.4524406601
2014-07-07,64835.4849130546,27168.5284263097,332074.488551092,9982.38040402905
2014-07-08,24437.4343470259,10242.2817977131,348056.069858954,31677.4397084557
2014-07-09,63844.9513352256,26765.1736658281,423189.535845643,9978.99670463675
2014-07-10,34729.9393594075,14563.4597110459,413144.397130965,10718.4977027777
2014-07-11,70158.4883149488,29428.7911856863,371477.267282536,9994.33718174702
2014-07-12,45631.2804079556,19147.0188488694,353851.006706947,9990.50060983368
2014-07-13,37640.8420270241,15800.0621328754,335047.709907606,10002.7188174679
2014-07-14,50810.1246903782,21336.6056730798,315160.495808966,9989.02318165779
2014-07-15,84674.3271394746,35572.7209243636,295850.884995345,10017.0316595678
2014-07-16,40482.7567985016,17015.3282422493,372969.077401501,10010.4080736766
2014-07-17,46306.6802450196,19473.0279008048,380604.425017788,10002.958939375
2014-07-18,30547.8411843962,12853.0033724379,388463.849817296,18859.0016131413
2014-07-19,67884.3904708889,28578.7320728545,378089.12434033,10000.8984089307
2014-07-20,47927.390023082,20189.2615736674,343800.241552497,10001.00931864
2014-07-21,44926.050106294,18937.0883794518,295549.642927156,10001.6587456452
2014-07-22,39063.2952202351,16476.9512778672,287584.44915376,10003.8014742309
2014-07-23,62852.7895598714,26530.1838359316,329104.205088546,9998.16528510782
2014-07-24,31602.2717411842,13349.2369184977,338150.92911564,15546.3818863053
2014-07-25,43395.2291476773,18344.9817455014,340673.872293356,9987.6321396467
2014-07-26,57864.3409239754,24481.5100756253,351844.257456763,10000.2732027101
2014-07-27,47340.099782808,20045.7817450202,369933.209158783,9975.31494446258
2014-07-28,69305.8291245332,29372.7752206606,322583.049013009,10002.2913466156
2014-07-29,67846.652919507,28780.5970377061,326841.287135196,9995.43519813104
2014-07-30,53707.7754109774,22804.4426698783,396526.020414231,10010.7311073062
2014-07-31,52551.3453064411,22335.3030427979,408732.30404376,9997.35079208795
2014-08-01,49775.1337869652,21176.8302803126,424925.522590065,10007.6063450853
2014-08-02,37677.1622981527,16046.5629330493,429751.493172901,10006.5551022097
2014-08-03,81722.2387161969,34842.8949789223,413114.036576296,10010.068980145
2014-08-04,75782.542656074,32346.5615586432,365408.470475618,10015.2171389591
2014-08-05,38293.8292624042,16363.9282116974,340712.591742065,10003.7099122994
2014-08-06,100521.650554452,43006.3970676034,394710.281718826,9991.20586529959
2014-08-07,58893.5159668088,25227.2834480532,454530.077228952,10002.4019203961
2014-08-08,51341.9812818575,22020.1398175938,469679.043186995,9993.18790942099
2014-08-09,36732.7747236897,15774.6790308718,458241.560510439,9997.73044766069
2014-08-10,42447.252050375,18252.8482465316,437296.274947713,9980.68427170467
2014-08-11,61134.2216216575,26324.1678752819,373408.607792271,10013.9360515911
2014-08-12,48408.0730349337,20873.3527476948,362540.337564391,9993.50467747688
2014-08-13,40053.4090857899,17295.4960970565,407845.110722196,9993.25337216272
2014-08-14,66406.28072413,28716.8499312189,360624.513954652,10005.3165621753
2014-08-15,95966.2905639398,41561.9059923148,360855.703461205,9983.08765361724
2014-08-16,85149.0701616454,36933.5269794142,403069.847370238,9981.94625450842
2014-08-17,61122.3721846817,26553.4060676712,391437.716868704,9998.92164986438
2014-08-18,47159.7576793125,20520.3998992099,311460.559617168,9987.80435787291
2014-08-19,51798.3653603776,22575.6157312644,305486.141631924,10003.7434115267
2014-08-20,58534.8992303187,25554.23085144,381544.933080423,10007.0151909974
2014-08-21,49856.5363290969,21802.6632084964,387762.049069444,9995.91347592273
2014-08-22,41061.211889374,17987.6258088858,418243.178006455,10007.9927519585
2014-08-23,33751.7825643026,14811.8256230491,444057.380783018,9978.38949096946
2014-08-24,62022.3526384848,27267.4850303111,442105.836713387,10006.0523006641
2014-08-25,45345.8720266932,19972.6078777119,386321.758695251,9999.12345490613
2014-08-26,46083.1902106706,20335.5041963949,338647.908529745,9998.66269452936
2014-08-27,35210.5037505306,15567.3711816075,386961.312277436,10004.3294889358
2014-08-28,61980.9526987423,27456.627365569,410369.218449767,9999.95710817743
2014-08-29,72702.0486592173,32269.8376661511,425331.23525737,10015.1547503913
2014-08-30,40198.1497074647,17878.5666526509,399975.962946459,10007.1321103937
2014-08-31,87307.7514529794,38910.9002300921,326875.020931973,10001.5706270025
2014-09-01,43164.1156458725,19277.4029571027,305848.421060223,9993.23211224843
2014-09-02,45105.4023914446,20187.2346051421,301319.617731027,10008.6227964956
2014-09-03,46936.520999409,21052.1845368696,324627.650464275,10012.9182012446
2014-09-04,57859.5547897602,26008.4698897525,386027.39425541,9993.72963657463
2014-09-05,82638.4678976839,37229.8152407325,389807.489531999,9990.16248532425
2014-09-06,49304.0713045385,22262.5961722033,415696.316272495,10001.1750080136
2014-09-07,48255.0983371316,21839.1711958149,411334.238876042,10000.1426028038
2014-09-08,33221.1638363468,15070.3473017677,368169.523735265,10016.8573408074
2014-09-09,47235.714750405,21478.7971253363,335731.909987924,9992.96012524796
2014-09-10,41267.1078092729,18810.0586397226,376175.317845651,10008.6735453953
2014-09-11,59628.1233024229,27245.7987700973,349447.488235188,9999.17261820882
2014-09-12,66573.2654931117,30494.8299205649,317487.522926765,9992.15872703632
2014-09-13,38352.22131123,17612.0749316696,335279.617350416,10000.2718845986
2014-09-14,48595.7971269768,22373.198919341,328592.056326254,9987.40381508679
2014-09-15,41206.3904987829,19020.3750432803,278197.847283148,10006.251170046
2014-09-16,36777.9587304087,17020.9203875595,263916.388234244,10007.4505057444
2014-09-17,63588.1747291989,29507.2350213157,301027.044563741,10017.7915682456
2014-09-18,80524.3576392538,37467.2671324221,303055.452546834,10002.6795238572
2014-09-19,45506.2870625514,21231.6930555031,347654.512245383,10014.3769119379
2014-09-20,64894.2458218247,30361.5410877316,348469.287561101,9986.11589972041
2014-09-21,32279.5729625878,15144.8771199097,360193.883601883,9988.64025807634
2014-09-22,74891.8089075594,35237.7876196788,307584.531212319,10015.7373391016
2014-09-23,52196.0217700681,24629.9812075824,305630.235550813,9994.0750913437
2014-09-24,50801.8945816865,24042.2444668384,373676.130067868,10001.5738320994
2014-09-25,40155.1114092742,19059.8927916535,401351.949921944,9998.51349374473
2014-09-26,54498.9774133552,25945.8929693763,377240.096751586,9985.32170818815
2014-09-27,37114.2801705781,17723.0364256086,349623.701864156,9998.91889532364
2014-09-28,62507.7916753407,29940.8599945398,311206.239676744,9984.1764652929
2014-09-29,25712.8317561101,12354.6171971431,278874.38382231,18265.7898532683
2014-09-30,39823.2500913188,19194.7137923922,270883.865853141,9995.42772854212
2014-10-01,31095.5564863315,15035.7518618817,323307.812698128,10000.062003931
2014-10-02,38102.7008180146,18483.3554797657,336772.623999103,9990.01312919743
2014-10-03,38184.9779865044,18583.70236625,342662.093371526,9997.43592849696
2014-10-04,37123.6322997578,18126.8041856799,358590.969441445,10001.4918338488
2014-10-05,51980.9686474905,25466.1162578391,370973.134575659,10002.9376229193
2014-10-06,46101.3524439915,22661.8890835799,346105.883008763,10003.5159080389
2014-10-07,43396.4199299837,21405.0875642043,337461.993848927,9973.42795273354
2014-10-08,38419.0667528773,19015.4755100834,389342.675243684,10003.2011959135
2014-10-09,30244.9428118564,15021.9763544265,353228.422542649,10021.0028324444
2014-10-10,35384.637950673,17636.7958615448,319427.340100117,10005.051189727
2014-10-11,46119.2612174603,23069.3119337677,312907.015528542,10010.3347166242
2014-10-12,22929.9807443836,11511.1879494989,308381.883996053,22885.6661495676
2014-10-13,43688.0060714518,22012.0082452548,278793.436342068,9994.88772886971
2014-10-14,59737.7541487811,30209.5461656188,251985.043229384,9998.49003427185
2014-10-15,55732.301363921,28288.9663325052,307751.735290208,9986.83323403496
2014-10-16,43639.2198316107,22234.0636430774,320159.496674944,10005.2104870907
2014-10-17,26050.3409911719,13323.0624600772,319601.578335372,15329.0452794002
2014-10-18,46517.1879738723,23881.9595151664,332016.251410652,10000.124624494
2014-10-19,80059.5684855546,41262.2323106545,288990.612396651,9995.3417328967
2014-10-20,83485.4026071561,43196.6589432407,232539.324400469,10002.5579031421
2014-10-21,37957.2740865654,19717.5059496997,271318.798250902,10001.7850904488
2014-10-22,39780.6989426753,20747.414993927,320952.576237306,9992.56095556615
2014-10-23,29435.7691967377,15414.1262292184,329153.885890672,10008.2436889677
2014-10-24,49947.3511060351,26261.8484122339,322747.15398872,10005.8588261701
2014-10-25,29520.3885633884,15585.5318695004,326368.785323554,10012.6585122336
2014-10-26,33833.865233117,17937.2299622764,316457.591580409,9996.83245738042
2014-10-27,60807.6055681913,32373.0332991584,266145.196730313,9993.54142282387
2014-10-28,56241.7397299992,30069.3160567786,260890.796377285,9986.67690773577
2014-10-29,57557.11175276,30904.4304692488,331390.897444063,9991.4334336935
2014-10-30,64909.7659980955,35003.094018033,329681.347521666,10003.5231251687
2014-10-31,38788.1434599653,21008.1480886578,339945.684427822,10006.6576487462
2014-11-01,31651.6194370044,17218.4835945356,328885.605321811,9990.34118593855
2014-11-02,46737.3017500699,25538.2215586635,336310.550505475,9996.60718295672
2014-11-03,43929.9099016015,24112.0032083371,312968.681693209,10002.5793645708
2014-11-04,21741.8979848823,11987.6588425001,289539.932974431,20050.2623604901
2014-11-05,42680.8329858501,23640.2346355549,345035.563069368,10006.5890137751
2014-11-06,41284.7219636087,22972.503574428,356272.108681669,9997.31917118619
2014-11-07,95182.7741595658,53210.2797902179,319166.306993734,9996.75097648724
2014-11-08,44001.5790022723,24713.9338123621,374015.506642418,9983.3615538212
2014-11-09,41656.3499059368,23507.6674432229,354427.98504826,9991.93255562252
2014-11-10,40720.7210290267,23089.6222808243,328648.321491605,10002.2406675829
2014-11-11,49828.1882512698,28390.1643842258,324882.941158346,10000.9791986641
2014-11-12,18620.2457246229,10660.7588807599,330500.23437567,28216.0413272102
2014-11-13,40217.5301500387,23139.1038617879,337740.385678684,10000.1209990429
2014-11-14,60525.464222921,34995.8287906631,322046.604821339,10005.7171980739
2014-11-15,47425.6426229006,27558.593314707,367156.778419133,9991.99453471246
2014-11-16,36075.1422235522,21068.6281974137,382551.106780258,9992.84981091564
2014-11-17,37726.5842190559,22145.1620416788,345569.536019979,9995.81230789424
2014-11-18,58962.4305695261,34787.9449753222,308831.239635241,10003.9455299942
2014-11-19,40160.3621403341,23817.2685933111,357115.706180963,10001.6854259229
2014-11-20,41208.2326041721,24566.2147969517,332816.017782893,9994.63751307901
2014-11-21,39382.1917377661,23601.1472638176,328174.871424235,9995.65525665745
2014-11-22,55674.9492468797,33542.1703767611,268493.918279486,10005.8138013938
2014-11-23,43865.8584220898,26569.0027377371,324980.281884687,10004.1363198533
2014-11-24,27727.8341802513,16885.0021897745,349366.812411307,9996.67780812908
2014-11-25,47387.2083910817,29013.6376512706,329983.383954701,10000.9847809491
2014-11-26,25854.0697369301,15916.4153122385,363954.090626795,10013.3728278256
2014-11-27,56363.9946792168,34890.9566377375,368374.935703965,10013.1076524201
2014-11-28,49466.5674790785,30791.9505563978,397547.740175617,9989.76294881295
2014-11-29,43119.7016560801,26992.002648367,393470.610984313,10000.5475761601
2014-11-30,41975.6256915777,26424.7063435054,404054.533341317,9999.37655290782
2014-12-01,47582.3114465583,30125.3379145,375640.283611213,10009.3447757154
2014-12-02,44882.0477690849,28579.3469480493,346695.346117874,9978.66256724929
2014-12-03,36083.9670411899,23110.3796634395,414687.77695969,10006.6458996899
2014-12-04,43769.04280961,28196.35787031,440151.48729289,9984.54489328689
2014-12-05,34012.8007135834,22040.5077317997,443697.94642105,10009.1985281735
2014-12-06,32040.1844494241,20885.6306677181,450641.398665383,10005.5023372464
2014-12-07,26998.0706251272,17704.3069157197,429232.389781392,9989.38115260711
2014-12-08,38819.9882839591,25610.3504842043,369581.688656971,10006.3420774515
2014-12-09,33984.9399593344,22556.9790504892,351508.226734632,10003.7760781412
2014-12-10,44718.7823015896,29863.3944826968,377101.793642827,10020.9574941676
2014-12-11,34065.8753518474,22889.9093905675,372310.334348063,10013.1901199196
2014-12-12,50766.8312786786,34324.2077849198,365589.213083081,9997.10532916677
2014-12-13,30098.1452427808,20477.4960980024,392745.199636452,9986.36232404064
2014-12-14,20130.1251486228,13782.2789402582,388480.960253218,14268.5673212177
2014-12-15,29967.687038649,20648.3854717503,396954.279141811,9983.83956536154
2014-12-16,64763.0364441089,44909.6164608723,376639.095899002,9986.70069262327
2014-12-17,45133.2018694655,31499.8579294638,466239.304364838,9998.9165851347
2014-12-18,25672.1304820188,18034.154702142,449275.87716229,9995.39445426919
2014-12-19,22533.0511915219,15932.9619185403,412423.375431141,10001.8040659007
2014-12-20,18387.1772293238,13087.4641055174,410976.9603513,18106.5290005804
2014-12-21,17933.8741710039,12849.9034037554,388196.063801798,18869.6639851244
2014-12-22,14908.8892246021,10754.1923049434,339644.275470034,28225.2883465606
2014-12-23,43141.4387477304,31329.6432195936,338241.151429199,10020.473631958
2014-12-24,41485.429900771,30332.3716971078,360806.901698507,10007.8483037014
2014-12-25,21960.9915957715,16167.1844157998,326265.990029921,9995.1382809399
2014-12-26,30954.0594296433,22945.2894580293,364500.792005689,10009.1619325901
2014-12-27,30196.8630748759,22539.9598687447,374955.452614325,9979.55455324344
2014-12-28,47810.6251603755,35937.9332338343,376684.328326864,10001.7437756758
2014-12-29,19442.1770257885,14717.4649210642,341529.93604976,9995.67899766975
2014-12-30,22828.3006450356,17403.7687744619,356112.339233196,9993.38835395197
2014-12-31,33869.3086535533,26006.3804189227,360659.278717097,9992.60718925241
2015-01-01,32198.5191423832,24547.4067801882,372001.694469618,9994.50302039199
2015-01-02,18303.4111922302,13855.4345946007,461974.068599101,14667.7743090692
2015-01-03,51953.9536279869,39052.3593961232,488305.504647787,10012.7232557052
2015-01-04,22753.2511327446,16983.7961692861,456200.146746016,9994.79589821759
2015-01-05,47128.2817315781,34934.741546533,392921.45530013,10016.9243489336
2015-01-06,22777.6174973867,16768.3659012785,332289.382739131,10006.6242570181
2015-01-07,17958.1283226479,13130.215224232,342669.479989978,16585.9499803139
2015-01-08,23494.8283280021,17062.1242681813,350760.98938422,9993.52845633057
2015-01-09,33933.468404715,24477.1450978276,355164.869368784,9999.50417849519
2015-01-10,34816.5262171881,24946.589592367,397177.673537914,9997.0204151325
2015-01-11,29121.4911656392,20727.8401451217,378473.573675145,10007.2100766936
2015-01-12,38777.6706963151,27419.4180469686,353846.391275463,9993.0393621117
2015-01-13,36874.1931013952,25903.3781155402,358750.729231778,10021.2370036185
2015-01-14,28483.7824308734,19879.7129984542,426664.792068067,9998.67424717612
2015-01-15,40353.7988452475,27983.1479248702,451432.896349279,10001.4729884648
2015-01-16,35397.5938931114,24389.7089066233,451296.777291454,10016.728555487
2015-01-17,14440.1328378591,9886.5723504641,404228.475753593,37704.8830488691
2015-01-18,44367.0907440581,30185.4788812638,416263.323706714,9999.63529243823
2015-01-19,59141.2334908267,39986.26536,405888.911946484,9992.46957225532
2015-01-20,52325.7512051889,35159.2815833865,456602.816120065,9995.53837248483
2015-01-21,33815.4555650681,22582.1061571222,485614.972809766,10005.9887177695
2015-01-22,31798.574766357,21105.812918852,455019.568413421,9988.17732675247
2015-01-23,39034.0810236888,25751.5918998507,450716.628892318,10003.2165482824
2015-01-24,27001.3199442008,17706.4376954686,470304.362226355,10020.3009459873
2015-01-25,26796.1536309022,17467.2704813508,481627.792226036,9988.17269273639
2015-01-26,64285.0150448448,41657.0920773636,401867.255060205,9999.43173934997
2015-01-27,42149.655001443,27153.1356465909,379576.67110423,10004.6750963138
2015-01-28,43726.706758858,28005.257666807,423206.897356063,10004.2243387436
2015-01-29,40499.5465794214,25788.7206681605,395934.665798426,9990.55089899457
2015-01-30,24627.5215867179,15592.1893502335,428343.199239774,10001.6084228353
2015-01-31,25400.1772239285,15990.0469178706,450676.401055108,10011.8253566887
2015-02-01,59071.8825119257,36977.723591951,414562.811866418,10015.3173324232
2015-02-02,25209.017822225,15692.1102456847,374529.27898617,9992.14495538387
2015-02-03,29473.6066900702,18245.0221783191,357287.959080283,9973.90066119255
2015-02-04,37470.8372698769,23067.989455941,380937.466526285,10009.0088558196
2015-02-05,41654.9921948489,25503.98917644,357688.696685184,9989.7811075024
2015-02-06,52227.4468657192,31804.1628841712,351536.410710818,10026.4399514979
2015-02-07,42723.828962107,25877.2897531902,397486.096877224,9997.32928012368
2015-02-08,30315.9352667514,18264.2692917269,389413.970848443,9997.57956513643
2015-02-09,38009.6836332036,22778.6240758687,352652.226439444,9999.14389130835
2015-02-10,31741.4593677872,18922.6147184683,387844.143218222,10013.0141536742
2015-02-11,25926.8160353952,15376.0053041005,462005.993426896,9999.14150387335
2015-02-12,30683.226295451,18103.1612455811,447453.280941164,10001.3761911265
2015-02-13,38036.6002577012,22327.1386386444,439478.644915327,9988.8728170376
2015-02-14,28817.6297709874,16830.0910198289,437872.564507116,10007.0795920092
2015-02-15,29722.5696310363,17271.504684562,400963.871334908,10008.1376496294
2015-02-16,34694.7511801967,20060.5082146072,358307.777102667,9995.59283930617
2015-02-17,44644.2713047387,25686.0236493959,329927.840706697,10009.3254595899
2015-02-18,40258.1763296687,23049.25064776,385486.793173764,9985.04357754757
2015-02-19,51476.2755757964,29329.1804653829,440897.786661826,9991.75003635573
2015-02-20,45415.7746991896,25751.8299503541,442515.0197855,9992.58798826503
2015-02-21,39086.4782185395,22057.4278246413,456714.431382228,10008.633849075
2015-02-22,73511.2435039829,41288.3366373749,401897.464351332,10004.011560415
2015-02-23,43066.5784218268,24075.62405768,374681.899549484,9992.82258963465
2015-02-24,26915.8749524066,14977.0908981307,372909.36166156,9994.91292543672
2015-02-25,58776.5155381685,32555.3772308825,399979.300661717,10002.9389888639
2015-02-26,41253.1485380137,22745.4232007044,409999.583858538,9984.04341232172
2015-02-27,28094.7997250464,15420.516514267,442820.463564942,10009.4087985895
2015-02-28,32744.4019996975,17892.2137513634,926622.599989368,10004.3100012895
2015-03-01,33851.4283214627,18415.1798098286,358520.098652541,9992.32274833527
2015-03-02,42804.1362261708,23183.2604613988,335373.456498983,9995.62074813351
2015-03-03,54117.7810145054,29183.4325354621,340946.766861739,10006.4495264001
2015-03-04,94104.8640246643,50528.1995309449,322390.110095355,9982.11236639616
2015-03-05,62904.2432968564,33631.3844857248,383356.271213899,9999.0585812322
2015-03-06,41392.7165979638,22036.8452309109,387205.56446783,10005.4348137037
2015-03-07,53017.8473468769,28107.7350581556,395185.792101455,9996.494447488
2015-03-08,22081.243487531,11657.9740593228,382722.588218786,25173.9343808057
2015-03-09,26541.06220604,13955.0413969896,355473.232461862,13176.152174885
2015-03-10,20738.8353139687,10859.9514841934,376660.899320328,29571.4074713905
2015-03-11,57810.5896399545,30150.8099702355,373305.401705634,10004.0274030606
2015-03-12,58743.1730233241,30515.0696794001,363431.831768959,10010.1793187552
2015-03-13,41383.2060820537,21412.3209959951,356250.235734386,9981.74842891983
2015-03-14,47796.9158181532,24634.2502405229,340721.617857294,9997.09221085071
2015-03-15,48858.3664912401,25083.9223380472,319033.277783777,10013.832146418
2015-03-16,52154.1970929067,26673.4944336985,315879.199242615,10025.868322864
2015-03-17,52360.2342886767,26677.3967553286,377875.026021448,9977.97766233525
2015-03-18,35853.9290802073,18198.9720111328,367140.176191528,9991.1359764399
2015-03-19,48122.4786500557,24335.6694790061,349836.459278039,9991.25701931951
2015-03-20,31747.3703983378,15995.7718791387,361994.024718126,10005.1406874001
2015-03-21,43954.441947473,22065.777032832,343783.164054098,10004.785063492
2015-03-22,44646.6904500626,22332.7174289801,317740.361643649,10005.5704396371
2015-03-23,39952.1506199264,19913.3851728425,318880.551079459,10001.3814901
2015-03-24,55259.3921276198,27446.0853526783,373484.303808642,10007.3674545045
2015-03-25,45258.3291768843,22400.5610450151,386030.073993109,9991.51624107925
2015-03-26,31809.27288667,15689.7797696534,341328.524871595,10013.4667245388
2015-03-27,49762.4768888191,24461.575897338,341701.507349303,10000.9380234287
2015-03-28,53219.1809196601,26072.7316883593,337622.77539957,10006.0321504159
2015-03-29,44510.2414763963,21733.5530366522,324949.032990176,10008.6383667477
2015-03-30,46049.8542818045,22411.3468465189,317099.770723978,10007.2054194447
2015-03-31,52498.8007342057,25466.8035440925,338390.977863391,10000.1334218248
2015-04-01,43124.5563904648,20852.179613694,326411.335646864,9991.38789673683
2015-04-02,77696.4038005745,37449.4856705648,307981.879918184,9983.0870811194
2015-04-03,30210.8449587215,14515.8428370516,352555.613039697,10821.6957289498
2015-04-04,48597.3044209249,23277.8194330765,335762.183328311,9991.48474826145
2015-04-05,48515.3421927003,23167.3407898591,293986.762314074,9983.66922352984
2015-04-06,48901.2955457273,23280.9465518954,278553.435484464,9997.38741689653
2015-04-07,62803.6921550231,29810.1934569229,307798.121191982,10010.233407724
2015-04-08,45873.0607697214,21709.6498181656,320972.760039521,10003.6615829092
2015-04-09,61267.3680797905,28910.5198685586,303444.559164324,9992.50243038966
2015-04-10,50568.3556660703,23793.2158834196,318906.902251912,10003.8389048535
2015-04-11,47095.3930277909,22096.1392874191,308164.435192551,9999.59486056213
2015-04-12,49982.0783858916,23384.7070313452,279296.262147769,9986.48573722711
2015-04-13,96686.4829878547,45110.6399120746,245185.071953897,10009.8376826436
2015-04-14,55870.2877677817,25995.9477843798,348386.394512146,9991.33622418828
2015-04-15,52881.687689278,24539.034083248,344731.768061564,10003.1236612949
2015-04-16,55404.2034322902,25641.1875022702,331601.079946366,10016.9857013209
2015-04-17,49391.5062564285,22798.5261892216,321292.711248805,9999.20724172531
2015-04-18,70649.4384656331,32526.5564880279,289836.278702273,10000.4085648302
2015-04-19,48036.0206184205,22059.0611345666,269331.867768106,10016.8457005667
2015-04-20,69413.3558347933,31795.7736445524,244466.601662929,9997.47480557176
2015-04-21,26594.1892949168,12151.647408191,309261.831703946,20036.7063193438
2015-04-22,54842.0963019355,24997.706457464,307026.377185271,10023.199911521
2015-04-23,35463.2476660353,16125.6774889343,313183.658544459,10002.8169861663
2015-04-24,46375.6045053878,21037.6875918165,313079.172461025,10011.5166617246
2015-04-25,91101.8741336722,41230.657361108,273439.215156316,10007.0555282022
2015-04-26,70609.0419448038,31882.5716686532,254297.291916823,10013.1568321291
2015-04-27,64896.6797178369,29236.8851589004,239750.558888753,10007.233000671
2015-04-28,67782.214532456,30468.8083434772,290335.043236893,9993.49488258843
2015-04-29,43501.105384286,19511.3161054125,329000.885380385,10017.5874255782
2015-04-30,49867.4433661006,22318.518958187,323365.611999904,10002.3917589885
2015-05-01,30804.8399913173,13757.6619990008,311367.184993695,13518.7052926898
2015-05-02,70775.7436348334,31542.9942182024,288239.013064692,9972.38022999644
2015-05-03,59716.9995095946,26559.788542465,260697.561590009,10002.3011608276
2015-05-04,77921.2728749631,34586.4645190591,225139.09676115,10000.2692211531
2015-05-05,51542.2029847693,22832.4186598385,301175.983379459,9993.55874881598
2015-05-06,37943.941529596,16775.8867089634,312135.56131154,9993.84051617441
2015-05-07,38548.7114695809,17010.70347499,317261.988637788,10004.0343135988
2015-05-08,64470.9676744508,28396.2640767049,304343.162179353,10008.0187063745
2015-05-09,38815.5322398176,17064.8467732591,307372.925289766,10001.1754365731
2015-05-10,59578.6286625181,26145.8267256958,259078.628729756,9985.37263518914
2015-05-11,51335.1235168765,22488.3034422437,256352.186111285,9990.52931468508
2015-05-12,62731.6829847384,27433.0681054591,304658.438362963,9996.20078182706
2015-05-13,33394.5006338596,14578.8374044761,315892.174531379,10482.9484961861
2015-05-14,39625.3225968278,17270.1599741535,310815.57908424,9994.82150327109
2015-05-15,61183.9523891451,26622.6806968992,301018.203321132,10005.6103746706
2015-05-16,103780.644646349,45085.449087819,249927.444143685,9981.79788323768
2015-05-17,122760.86701042,53247.6958954264,184873.869879887,9992.7464586621
2015-05-18,48178.8832409717,20865.7248739006,252568.128758337,9985.08357610994
2015-05-19,63753.6146262499,27569.7262944215,292885.654546436,9999.35368766994
2015-05-20,38123.2797486662,16462.0453327149,311013.545128499,10011.8402198556
2015-05-21,55218.1632693624,23809.8343466273,303259.936503134,9990.34343429338
2015-05-22,55272.5082061298,23800.1359354939,306991.623091681,9992.79099012201
2015-05-23,40724.5275007575,17512.0551855951,301012.098671359,9988.82029466719
2015-05-24,59026.8740759464,25348.7518911344,248980.631951131,9996.45772201911
2015-05-25,61225.4535432773,26259.0771481381,238226.662584292,10016.2075671905
2015-05-26,59622.3902981447,25539.4998109714,258144.822364259,9997.81337532995
2015-05-27,71355.8737220349,30528.3391336006,306613.646721044,9996.88734109368
2015-05-28,80482.0653343844,34392.0356054337,280162.33473097,10008.1220304157
2015-05-29,46477.2521713004,19838.0688446728,314745.414973443,9992.98760698096
2015-05-30,32152.3068152217,13708.3793504892,326867.288999364,13893.7330064611
2015-05-31,44376.8461373816,18899.9332985503,314033.206416935,10014.5937011639
2015-06-01,62760.6725815013,26701.5276588724,276939.978783756,9983.82259912561
2015-06-02,55344.5223723955,23522.4554526266,329639.468678778,9997.98547991577
2015-06-03,96486.0149361873,40968.1797322697,288485.757037615,10002.2859647587
2015-06-04,40152.0924505015,17032.5453550318,351627.174966523,9993.7985162334
2015-06-05,66134.0577576624,28028.5343597221,387236.525475353,10006.9114119884
2015-06-06,35610.0494190926,15078.7869450953,417557.458059249,9992.97771463652
2015-06-07,47776.1729498164,20213.3618178156,369529.957436681,10003.1778031843
2015-06-08,38721.7269387785,16369.29652863,374516.181376953,10006.5830233206
2015-06-09,72624.0978799195,30677.4239691062,424883.338893571,9998.02702279748
2015-06-10,66617.7106141491,28119.3582925818,388549.893911366,9995.12836144402
2015-06-11,56702.8238133692,23917.3285311169,376878.007042314,10009.901998007
2015-06-12,39113.1477501192,16486.851926446,399926.431876398,10006.6032056881
2015-06-13,49430.0092178833,20822.2351604795,403860.143532139,9997.99798821859
2015-06-14,49550.3737001692,20860.2720634903,335283.56217211,9992.31590618495
2015-06-15,69248.2942678793,29136.2179863388,304903.067959523,10002.3481313707
2015-06-16,31538.7050415758,13262.7534511268,356346.402354359,16224.1901003197
2015-06-17,58332.9312069909,24517.9441894194,325432.183161764,10004.4837786633
2015-06-18,61408.7286907566,25798.5583332478,310782.809656055,10007.0405030352
2015-06-19,34760.8081518089,14597.0446034582,328651.192224526,10432.2020611672
2015-06-20,57554.6884895861,24159.067789208,331664.0354054,10008.5354185829
2015-06-21,71120.0754371499,29842.1918638669,297515.736106573,9998.34736834937
2015-06-22,47622.1963118103,19975.6822691605,291347.887692944,10010.1946950602
2015-06-23,55624.1184976663,23325.1086424306,333275.528193888,10000.1469200846
2015-06-24,66659.8359083207,27945.2336842399,337774.449393829,10007.3728891516
2015-06-25,35976.0675359786,15078.3841071227,358921.750260544,10026.2616363725
2015-06-26,53517.3488545972,22425.7999397503,389550.027124651,10012.23676746
2015-06-27,38907.4036493364,16300.9334005285,384691.13307153,10007.7458277914
2015-06-28,36134.3991448079,15137.0957612951,346061.840837435,9988.22263958958
2015-06-29,93601.1014269222,39206.5660059332,265028.525023065,10005.9902591231
2015-06-30,52089.0227904098,21816.9887099538,313091.011609348,10000.6569491575
2015-07-01,60813.3002920421,25470.2111547192,311521.250105897,10029.6372258316
2015-07-02,49435.265403387,20704.7906011873,334947.89130568,10013.080516068
2015-07-03,89546.7830331235,37505.8131212634,297640.060026896,9993.3258480551
2015-07-04,81896.04023923,34303.6829515385,246708.338779215,9992.20196824639
2015-07-05,35604.5400376268,14915.1319751186,289809.745552469,10004.2874015218
2015-07-06,47727.1942636326,19996.1380640425,311129.096524693,10013.7311729043
2015-07-07,75201.7405128527,31512.3828806288,372488.832942521,10009.882002305
2015-07-08,81223.3628206422,34042.5495881958,374876.615005413,10002.1038756777
2015-07-09,36792.9636046118,15424.3998932237,378175.299105456,9995.93982532567
2015-07-10,75959.402528355,31852.3936062435,349120.560885618,10008.7515434283
2015-07-11,30173.3612241037,12656.5661285098,378446.453923844,19632.6852068701
2015-07-12,71634.2012827477,30057.9205738295,353910.826271798,10012.1538002468
2015-07-13,38229.8243974615,16047.2924695771,332755.336114588,10014.1853301586
2015-07-14,48109.7510346962,20202.6425463928,361825.790471358,9980.55073059603
2015-07-15,42202.9872856614,17729.991363432,372441.898710554,9995.57794075489
2015-07-16,41004.0106127876,17234.4166998795,396974.968654476,10011.1548531352
2015-07-17,48501.2443873417,20395.8927779116,415110.408005941,10018.6171950095
2015-07-18,58012.8499489447,24408.9050855546,406382.165444924,9995.68760958198
2015-07-19,64123.7173411639,26995.5217200402,366462.200302081,10011.3738014097
2015-07-20,75329.8446869141,31732.4589958977,356421.624051178,9988.68006531348
2015-07-21,36246.5467044758,15278.5312033568,416431.313124946,9996.9834545117
2015-07-22,43970.2510268151,18546.7119391691,407373.056351902,10003.3789131286
2015-07-23,62307.7886661652,26300.1387734607,363959.95813579,10001.1820940307
2015-07-24,51834.4392431896,21895.584458666,360699.39387648,9999.15452259524
2015-07-25,32980.3849266864,13942.1906813932,363575.416355664,13274.094635718
2015-07-26,39567.5374972033,16740.4147776978,360300.297068434,10013.8817247013
2015-07-27,65565.7397718102,27763.281350197,329334.555990836,10004.8572540011
2015-07-28,57251.5839768426,24264.0183144898,371654.538901859,9998.28836584012
2015-07-29,45214.681336939,19180.0990579535,410643.100959034,10026.3605686325
2015-07-30,66201.8410982933,28109.4511625937,412129.11428988,10007.0252531077
2015-07-31,35728.508244856,15185.2831599756,411174.711044107,10011.9907144685
2015-08-01,78147.1774958321,33247.7160543179,397024.817107335,10009.5411839222
2015-08-02,114179.946545772,48628.8134822928,306116.478537986,10018.7412074191
2015-08-03,33636.5417523749,14341.1941491497,333886.417831758,11447.3832134698
2015-08-04,41417.9019803445,17678.5664492307,386434.860338948,10000.2782796619
2015-08-05,58732.6597871168,25097.9608712572,390586.607918356,9989.65571620648
2015-08-06,40957.2438305835,17522.8269856012,405065.347572032,9981.15452668448
2015-08-07,90588.3418573159,38803.8944458945,354801.982946392,10000.7907596983
2015-08-08,78916.1007771463,33846.445532209,328534.460553137,9992.25189991325
2015-08-09,32761.8660900291,14069.3951358189,310544.290057065,12322.034162714
2015-08-10,43327.0556878845,18631.174793163,292653.64881107,9994.78358888961
2015-08-11,56636.7381118253,24387.5682459968,326688.468492074,9995.38680174406
2015-08-12,57369.6377399016,24737.5408785278,341015.99698857,9993.80267917016
2015-08-13,116080.835243862,50124.9626118729,286643.312448192,9995.15293232301
2015-08-14,35686.3821979288,15432.282473752,355741.960103024,9995.94923896025
2015-08-15,73231.3449160814,31715.6603137125,329853.69152892,10010.4686888215
2015-08-16,34478.9272570368,14955.2823965262,312660.076078197,10010.9130392542
2015-08-17,65853.313864639,28608.6701390788,292471.950155708,10016.1867523055
2015-08-18,50040.950914803,21774.0797374568,366863.804324633,9999.68658878654
2015-08-19,60405.5594016282,26326.9446361016,377814.52229243,9991.95062191726
2015-08-20,31434.8734693753,13723.3346940854,371101.974534362,14342.4063801467
2015-08-21,81624.7654843427,35695.1646135314,368106.358456455,10007.927207895
2015-08-22,37239.6241082513,16313.508367154,394725.825009309,9988.19558257226
2015-08-23,42380.0654904702,18598.3107334354,360339.069975089,9999.7807362827
2015-08-24,51585.9926678459,22679.2474487887,348491.929358578,10000.3409627906
2015-08-25,54113.0571824203,23834.1181647686,370720.561405815,9993.55991973711
2015-08-26,50883.5574897454,22453.8013130138,354407.719503134,10013.1917371175
2015-08-27,37012.8997451916,16364.2517847346,347787.379181802,9998.05840639433
2015-08-28,55335.739255639,24512.8980208657,338780.421265422,9993.0656021731
2015-08-29,47806.5852328767,21219.632366472,364951.875467171,10002.5964797795
2015-08-30,54071.9370982462,24049.0853057703,329629.552696251,10011.6960072542
2015-08-31,41997.9556569454,18717.4475947344,317524.302276085,10009.4493710789
2015-09-01,69178.7077838604,30895.7059827694,309838.118863682,9994.06593544977
2015-09-02,62194.14416546,27835.4191020877,387943.8251027,9992.26077297586
2015-09-03,56751.0227902951,25454.230074965,406128.959714194,10006.1262839111
2015-09-04,48792.7998258148,21932.8695099294,401600.218968992,10009.119176802
2015-09-05,78933.4765268165,35560.6634798761,354013.013762443,9990.16961553488
2015-09-06,46884.2868132103,21169.974740974,320636.652012212,9992.40900929491
2015-09-07,45705.4443074028,20685.2551793906,296896.257358083,9991.19868530636
2015-09-08,71535.1401794792,32450.9825151248,336008.105319189,9989.35659167601
2015-09-09,32810.4711266349,14919.4196941765,339822.667749353,10002.8666465112
2015-09-10,46015.7436025064,20974.5456239386,324743.320787825,9981.98438097535
2015-09-11,31964.3330111007,14605.4200066605,338913.840551906,10440.082415038
2015-09-12,55977.8121168319,25641.4319950214,353140.636066165,10010.3689203331
2015-09-13,65170.4023834484,29927.4975702194,344093.915954304,10003.0280875224
2015-09-14,74041.9240213174,34088.4354704838,315726.709753072,10004.1993076917
2015-09-15,56199.8878257173,25941.1933657959,303060.78469473,10008.527413328
2015-09-16,35731.9675039266,16536.8333417683,310075.53020399,9984.99894293156
2015-09-17,38779.5734826068,17995.1381471596,321684.762462286,10012.1530664605
2015-09-18,49575.4505522283,23067.0160372077,325509.908388731,9997.68074229967
2015-09-19,63422.2792393753,29590.6885094775,309226.783908602,10003.3080023517
2015-09-20,83934.0209992421,39269.525286169,259972.911768494,9994.866450575
2015-09-21,68998.7121822021,32372.7026575786,268322.060578683,9996.15076768569
2015-09-22,48192.4012426924,22675.2915257856,333995.213205347,10006.6723514048
2015-09-23,29187.8883874459,13773.0255696241,335585.550706943,13718.5026761559
2015-09-24,27622.909673255,13072.6767715707,330588.305947168,16612.2119553189
2015-09-25,36568.0754810811,17357.2821442982,331138.931645362,10014.2857940089
2015-09-26,45573.1131113861,21696.4642492456,314113.68653631,10002.9689988807
2015-09-27,40613.9292129073,19394.2100862314,286040.391411658,10010.8499874472
2015-09-28,37282.9199630009,17858.2966520031,279289.593690262,10008.2133212514
2015-09-29,38328.0184820141,18416.0189263395,323678.948298073,9999.49036317724
2015-09-30,45194.272639202,21783.5341509188,315164.417828235,10012.3420103338
2015-10-01,44975.7946617109,21747.3158462907,301205.553350449,9997.46241846688
2015-10-02,31006.0433927829,15040.8162609537,310894.258524736,9970.29197708095
2015-10-03,60167.3513951845,29281.9901818162,296565.116551879,9996.68892567359
2015-10-04,32325.0661279234,15783.7503415269,276612.586401828,10008.138357529
2015-10-05,32595.0383394521,15968.7104218918,269130.827524538,10018.2544866582
2015-10-06,59649.5695999303,29321.7413046432,300605.4856035,10009.0794353302
2015-10-07,75234.3013251836,37108.9783511063,288765.705811543,10019.1015086935
2015-10-08,85913.4298852166,42522.7591413906,278716.300882677,10002.2933303956
2015-10-09,49120.644369215,24397.1087271912,311646.134622128,9997.93427108191
2015-10-10,43211.1246549274,21537.7584348641,307281.67912544,10010.7218065039
2015-10-11,29292.2052481257,14652.2516245582,281968.377472294,10205.5370568441
2015-10-12,48964.4566968042,24580.8782033133,263624.122012122,10002.377446655
2015-10-13,32863.2319462579,16557.993774851,317518.783510436,9996.10512753365
2015-10-14,41723.8935509681,21099.8874396595,323223.047184082,10019.0392318419
2015-10-15,43431.2626139601,22045.1245650494,325599.337560693,9996.85337654876
2015-10-16,48346.5683728486,24632.4449033266,310081.082747171,9994.14856201816
2015-10-17,30345.4747364208,15519.7452283269,304776.993433798,9982.41012735048
2015-10-18,57050.6819820992,29289.8633119097,267551.173030294,10003.1000483111
2015-10-19,43042.5233764252,22183.8642449751,283431.405796704,9999.71387982226
2015-10-20,77815.2374422459,40262.8264032815,316758.030586351,10010.8868484367
2015-10-21,62758.7918551314,32601.0463495718,318424.671182516,10018.3679846293
2015-10-22,63695.4946526736,33220.0513295858,331314.583994413,9987.82336551181
2015-10-23,71066.1557590798,37213.9993412216,327810.000482189,9985.09523767115
2015-10-24,55670.2442931874,29270.89193571,325553.657590844,9995.99963159393
2015-10-25,54399.1459927906,28720.4764166196,285112.299108806,10001.2629854776
2015-10-26,42054.5208356681,22295.4606571041,284198.39619769,9991.67282812845
2015-10-27,34760.48953504,18505.9496209065,351383.763403069,9976.74495751941
2015-10-28,33589.1634635815,17958.2491067661,378033.937064704,10018.6022036994
2015-10-29,33432.045058704,17950.8366646276,372434.920543907,9998.32809447235
2015-10-30,32723.5230167409,17646.413219081,368276.307073244,10016.5424377929
2015-10-31,34536.1021675308,18705.1888546653,343997.55902527,10007.9915194342
2015-11-01,24263.9762823846,13199.6051067136,296506.245349572,15423.0259976
2015-11-02,54180.744413234,29605.4715019234,255401.058960276,10008.0972248102
2015-11-03,57923.6704677579,31792.8202285323,308177.020840876,9998.58573069408
2015-11-04,48391.4632632204,26681.2195003501,320495.883131407,10013.5580768006
2015-11-05,53651.7564947473,29716.8546960171,316068.459228808,9987.25578924197
2015-11-06,40004.752588795,22260.2763959579,320740.139107537,9998.22925333548
2015-11-07,29702.06095444,16604.4222569345,316417.8555754,10001.787768283
2015-11-08,58638.508217626,32934.9137873261,283539.1796496,10007.9458309252
2015-11-09,40745.301937241,22993.5414403137,313713.312149644,9995.11152923661
2015-11-10,54784.1335933919,31063.9134005498,358232.009436588,10014.1674731097
2015-11-11,50224.7547313716,28616.1125463903,377691.384569565,9993.92111331379
2015-11-12,51478.5668170934,29473.3268551017,349985.839284004,9987.07602890056
2015-11-13,31433.1881075579,18085.0440495585,340431.689268815,10005.4972674677
2015-11-14,31517.5627052895,18223.4575561603,324387.031477273,10005.7994783078
2015-11-15,30275.6614317104,17592.9011097338,311069.397732222,9991.75189170323
2015-11-16,63470.1031666551,37067.8512362653,321922.84963239,10005.3396210983
2015-11-17,31132.5331443169,18274.5139937847,393727.142238778,9996.1157683688
2015-11-18,52440.3781366713,30939.9217685316,414429.219422448,9995.46109593723
2015-11-19,62386.754009144,36998.722066012,422662.216365517,9980.95100508491
2015-11-20,19103.4498698839,11388.4877658852,387451.558143676,26911.6440799637
2015-11-21,31654.4469372743,18970.0275874917,418006.696627636,9998.46682883294
2015-11-22,36800.5139222925,22170.9965546683,408373.251617634,10001.1092329564
2015-11-23,38599.9519106063,23379.50891377,376785.860946539,9991.49542584497
2015-11-24,24289.9213384808,14791.4681083102,396352.267906812,10014.6812871668
2015-11-25,37466.9126289311,22939.7650512834,402116.569710149,10020.6658661312
2015-11-26,44625.1912763582,27472.3896457989,389007.845382695,9983.6628974612
2015-11-27,50509.8447522082,31267.0670888055,324633.761644395,10005.3448578883
2015-11-28,55772.6747001404,34717.3763874181,312554.228393271,9997.08910013491
2015-11-29,25423.5416127003,15914.5883710935,338819.70301134,10011.2500806321
2015-11-30,33061.5690273477,20813.0846987824,348259.5646779,9999.99016784869
2015-12-01,29535.6317124812,18699.6146006076,400409.196534715,9989.51053215198
2015-12-02,14291.1690089463,9100.1257229002,402074.046273601,43527.242387737
2015-12-03,31941.1808607651,20457.0859891387,422613.316643323,10012.6749524404
2015-12-04,39499.5653340162,25445.9272670015,408251.730544202,10004.5716277178
2015-12-05,53768.9276376431,34842.601622476,434504.373611488,10011.6762967867
2015-12-06,42269.8209698263,27553.8947211719,436779.381076062,9989.67364823474
2015-12-07,27205.2316712678,17840.1552432828,408083.475537032,10016.412641152
2015-12-08,44305.6442592394,29229.3513745459,442660.330107551,9992.29182729465
2015-12-09,37007.3318177271,24563.044970091,403819.489783108,10018.4332275176
2015-12-10,30825.6424844091,20585.4961677202,381687.850841262,9995.74890210641
2015-12-11,18578.6814295706,12483.5874647802,395223.614078009,20988.9590978665
2015-12-12,47093.5889913978,31840.6741796633,421960.383099833,9997.24131879686
2015-12-13,41687.7032942403,28362.5377795412,409062.846453701,10000.0365811454
2015-12-14,24271.1074088399,16617.4412741037,359205.136811907,9998.42483507947
2015-12-15,40371.3516821865,27816.7357552251,375431.516378604,9992.70002266395
2015-12-16,27744.3044057754,19239.154589553,422934.649243742,10002.8801201481
2015-12-17,34611.1627916833,24156.2013230257,407801.67926573,9985.63779059259
2015-12-18,30303.420684855,21287.5428090216,403127.078366066,9997.22856486997
2015-12-19,36249.6532067566,25631.8746713207,377405.828896964,10011.5672901843
2015-12-20,22726.587963041,16176.1319041858,358219.918795271,9993.44789006111
2015-12-21,33855.2550302586,24257.8236414589,388579.220601748,10008.4628715063
2015-12-22,24209.1243604912,17462.7079848036,482450.127422273,9998.04882341229
2015-12-23,31516.501646904,22887.5248667774,451282.360153233,9985.19497761358
2015-12-24,31479.4644059439,23016.4377582892,344727.444540014,9995.0148832871
2015-12-25,23506.2878400139,17304.7964971469,322879.477209953,10012.2976803461
2015-12-26,24933.4753791464,18482.4162100458,354370.900013564,10000.4452703168
2015-12-27,44211.1175066756,33000.6733441773,286397.125001567,9997.61561649923
2015-12-28,45771.9278659708,34405.5004952003,279888.76598027,10000.9970973495
2015-12-29,37937.6944385153,28718.3213250397,354834.873373974,9991.69972627129
2015-12-30,31044.1022670663,23667.3060368277,357901.633301607,10002.8313056744
2015-12-31,49166.9471175294,37752.59612928,370636.654661231,9982.33307939176
2016-01-01,30264.609829256,28841.2987736026,373890.375956791,10009.0617032777
2016-01-02,38849.368838521,36760.5581365719,352866.197058977,10005.3175220643
2016-01-03,21816.4333333448,20498.5168543648,348600.244971268,10002.3625583186
2016-01-04,44228.6157791516,41267.1683081896,313091.944694856,10006.4277544522
2016-01-05,32150.367922035,29790.0950532021,367636.26197884,9996.52080043466
2016-01-06,31553.6595094989,29036.3614763671,395544.011392615,10001.1542243714
2016-01-07,54987.6088900081,50255.7342293541,384413.6222348,10010.114922106
2016-01-08,27826.7955345339,25260.040037706,427050.680745663,9990.16968420001
2016-01-09,28978.3440398937,26128.5968214161,417592.090602164,9999.93208940509
2016-01-10,57184.1515115764,51216.6819159422,355768.59066206,10006.6086928901
2016-01-11,24904.1563516869,22157.5780954499,364811.779292904,10002.6896705126
2016-01-12,103987.497244007,91911.0343463191,328000.895406956,10001.1053779001
2016-01-13,30124.1827024676,26452.0396696527,429298.290096392,10009.1270854576
2016-01-14,19925.1257828235,17382.9521668132,446122.304724694,14243.2422617168
2016-01-15,32088.7395119789,27814.7278007781,482537.252007017,10001.8787053718
2016-01-16,44309.8903169839,38163.0927295159,526131.378126794,10004.3553908683
2016-01-17,27383.5308864358,23435.4889909771,477541.645893145,9998.65382914885
2016-01-18,21260.8728160715,18081.2404144594,386346.417841755,11124.0923861582
2016-01-19,65502.4700807555,55358.9897391727,418076.232224887,9999.88595816928
2016-01-20,36211.5792636912,30414.5923036692,479095.970091782,9994.00414187639
2016-01-21,25940.5102193969,21653.9798797457,475550.109504424,10010.852451245
2016-01-22,34582.8061578513,28692.2543832361,436452.275491609,9986.56825164948
2016-01-23,46863.0031016472,38645.6174779253,383538.704831108,9992.43178297262
2016-01-24,14745.9560229224,12087.2957377437,358763.256383197,35997.7694541683
2016-01-25,27603.3014035518,22491.7696414296,409779.716186902,10001.9895218907
2016-01-26,27264.3425357852,22084.3307466307,432409.907169117,9987.45426762945
2016-01-27,29562.8671606301,23805.7862539817,435579.738339327,10003.0844330253
2016-01-28,29782.3431513939,23843.0428363751,406290.392802825,9994.63423859247
2016-01-29,56152.7766645505,44695.2001457563,406220.859789633,9999.63747871492
2016-01-30,32920.6971470767,26053.46124921,422168.732495271,9991.01438198979
2016-01-31,44100.4513161336,34702.9215302056,407126.858518103,10007.8525378111
2016-02-01,52716.1376390517,41248.9555851415,332144.757488845,9995.51427329121
2016-02-02,24824.8513958954,19316.2178949356,386737.771972717,10005.3626411339
2016-02-03,34056.5102266371,26352.4664174577,428156.039217781,10005.3067223559
2016-02-04,31559.7027040253,24286.1830109928,470780.374601597,9989.03106435929
2016-02-05,59967.6752984159,45895.3075357974,468869.258620331,10019.634880226
2016-02-06,37062.1722163713,28211.492058986,419328.659352507,10002.4942527372
2016-02-07,50206.8528476536,38012.0798596618,322870.982354592,10005.358633919
2016-02-08,42441.372129071,31961.7654401501,292372.325078544,10007.7083282951
2016-02-09,34462.2411142439,25815.8698033586,360627.240796395,10000.8187232281
2016-02-10,32565.9551575128,24267.670526907,341612.484493618,9998.95282720535
2016-02-11,43274.1122121591,32079.8636629745,315882.599537089,10039.276215996
2016-02-12,44052.7694089889,32489.0210471267,329631.913420547,10013.9051649374
2016-02-13,24428.0301903333,17923.7896208316,341560.641198412,11466.0414823506
2016-02-14,41056.8726457589,29972.5770782035,323414.714852993,10006.220613774
2016-02-15,46371.783338394,33682.7570387898,315863.417181561,10019.0227038025
2016-02-16,31493.7759471078,22762.1300630831,380834.653249409,9994.38842061517
2016-02-17,35139.4811825965,25271.8187100265,391511.341575687,9993.38389034696
2016-02-18,45134.1582857214,32301.1566204688,358415.589986045,9999.79077153319
2016-02-19,47412.6433025221,33767.3509836814,391595.838100068,9992.16077389781
2016-02-20,53413.357087346,37858.3129403113,403775.7537207,10000.3340402867
2016-02-21,53282.9632962306,37586.0518380035,360400.585974194,10004.815256086
2016-02-22,40396.0861432658,28361.0901546167,367042.297126269,9988.16593977287
2016-02-23,65379.6234039928,45686.6812905861,409531.043514694,9992.80495909139
2016-02-24,30888.484801028,21484.5163583081,410980.866976623,9997.36486928669
2016-02-25,48544.5340687231,33610.0567683029,363576.781713862,10012.0648684727
2016-02-26,34018.6709349352,23445.7579167441,331118.215332128,10005.3721586482
2016-02-27,37814.889893607,25944.5315412633,317056.219875157,10005.3628895732
2016-02-28,22978.7273839835,15695.0607195521,334097.463593769,18961.1837372137
2016-03-01,44664.6844258738,30238.696063154,353402.811313093,10002.2650643951
2016-03-02,18894.936334355,12736.5509412632,409888.449817173,35900.7516583718
2016-03-03,37104.2682906978,24903.2275200822,432202.072484852,10009.2219396616
2016-03-04,27853.8910732402,18614.8992303841,392961.625470028,10008.08064139
2016-03-05,43059.7082059241,28655.4073823706,351679.391395898,9999.73243964157
2016-03-06,68700.54724005,45527.5175437546,272549.629821539,9997.97284444294
2016-03-07,50995.2829623571,33654.2236773653,248409.782976893,10006.3773242741
2016-03-08,39615.8373960572,26037.0443422087,239203.155245458,10005.234562858
2016-03-09,52791.9491123839,34555.8222916655,289416.477039901,10004.2571850607
2016-03-10,37444.0040098759,24410.905001526,311614.154074849,9994.1544265207
2016-03-11,33253.1704747552,21592.356223574,311794.205755544,9986.64135191246
2016-03-12,37654.1399339774,24353.5544797993,358327.105911713,10015.5208222917
2016-03-13,44579.5928161848,28720.0760304451,350615.390248383,9998.47834544324
2016-03-14,52444.6047237652,33656.3747013619,308508.166330518,10000.0197200137
2016-03-15,32430.5879296136,20732.6819997141,286064.943828014,9997.12099277354
2016-03-16,43661.5950456111,27806.8296920834,307800.402451574,9997.73413928721
2016-03-17,63428.3438783696,40244.2174598441,285684.287930997,10000.8199096728
2016-03-18,43821.7950391577,27701.0024723772,292721.864251531,9990.99292940781
2016-03-19,52373.9787229468,32985.496339682,289437.260934394,10011.689168657
2016-03-20,79316.7228840507,49772.7034114639,281380.382089106,10002.6511520357
2016-03-21,37201.9759865762,23260.9967595802,294804.033743589,10011.3622602988
2016-03-22,36026.2668757243,22445.7544057123,271827.648510425,9995.83157011931
2016-03-23,66156.5814739778,41073.0898374439,281204.333285388,10000.2432321882
2016-03-24,49672.3692866397,30731.6067752732,300965.965811584,9985.63143622868
2016-03-25,64592.2708698939,39824.8062908066,285846.138470257,9980.36591001012
2016-03-26,54054.2522156527,33214.0870947114,292616.664599398,9990.03468240524
2016-03-27,33459.1332000098,20490.0514103614,293842.88873119,10002.8945390438
2016-03-28,43814.6865291551,26742.4075302608,252470.516546203,10011.9327319146
2016-03-29,80854.0127433327,49187.1079665848,217205.089582124,10016.19512769
2016-03-30,31419.9785013876,19052.0166333318,312422.956475327,9991.92648201059
2016-03-31,52166.3257504517,31530.2256238225,302970.425061583,9999.70968062255
2016-04-01,36241.7637717772,21835.5571599365,288462.266027508,9991.54777007515
2016-04-02,47014.125118235,28236.9481998203,287907.556421557,9990.69231242604
2016-04-03,44990.9691378868,26938.0078841345,285084.510873493,9997.4125209325
2016-04-04,29237.3064165059,17451.9701118032,269256.600810788,12360.116917695
2016-04-05,42370.3559832884,25214.6180899574,252781.43416348,10000.4189703969
2016-04-06,44090.5599182504,26159.8497573755,306683.073584807,9991.99793917192
2016-04-07,42438.4073355302,25105.2291539905,354098.674211876,10013.2311244421
2016-04-08,88547.0173843886,52228.8696582142,284598.663691679,9994.41657623636
2016-04-09,75378.0823826758,44333.233782915,269642.394222213,10002.8903348746
2016-04-10,54916.3178873219,32206.9349881633,254047.911860965,10021.0810731338
2016-04-11,41355.5893478063,24185.8775244541,246889.335979083,10003.6505150813
2016-04-12,61874.0424218538,36085.4170270534,223963.052821031,10002.3645397249
2016-04-13,69983.6650992567,40703.470851123,272349.087248141,9983.42573356903
2016-04-14,37066.6992636481,21500.3774541169,304476.801454497,10000.9149619029
2016-04-15,62125.1061099154,35939.5450994422,292660.624656592,10003.9289911729
2016-04-16,69748.8980190467,40244.0672162538,265827.75205811,10005.1805977389
2016-04-17,38869.0557298693,22368.8355543139,276585.898263417,10007.4353058975
2016-04-18,69404.2111836295,39839.6796244233,207801.44047832,9996.30157103522
2016-04-19,35000.6999823538,20040.7097570765,231539.68130783,10016.4293055175
2016-04-20,32102.1415063141,18335.485822985,284565.564386459,10140.6764381659
2016-04-21,45666.5121175341,26019.2019868607,295349.371597758,10001.4265330329
2016-04-22,57950.6328509026,32938.791464956,291956.387324088,9997.80809731695
2016-04-23,30997.0337579949,17576.7496571911,293256.729730369,12212.424913309
2016-04-24,100790.637838604,57019.467127447,204590.209301315,9996.05149551455
2016-04-25,37548.4726237449,21193.1403631498,251744.891048431,10004.9827113478
2016-04-26,49708.3568773505,27992.9098025428,246286.262721052,10009.0262422167
2016-04-27,30232.3052963975,16987.1684300083,301940.956114819,14015.843096716
2016-04-28,44441.091946239,24916.1540084104,290621.810258448,10001.4306614354
2016-04-29,57608.2891266642,32228.7349780248,266906.593852749,10006.30059239
2016-04-30,52454.9260108855,29283.4316962758,271218.784843454,9990.44828055552
2016-05-01,49452.7318815248,27549.8206677536,265058.647050739,9994.55321738674
2016-05-02,35732.8280882989,19865.7075423093,234685.722270948,9992.71046586578
2016-05-03,41803.7846495298,23194.005006557,223058.858668334,9994.14988233763
2016-05-04,72649.7885181185,40228.450932835,237571.508939306,9997.38482081051
2016-05-05,40893.6179194813,22600.0078563846,269457.071637375,9991.39539793908
2016-05-06,29551.7356679877,16300.6684742273,274373.099418884,15584.5182766366
2016-05-07,36348.5718124623,20012.1791487936,273181.848071766,9997.24425179811
2016-05-08,40395.7144403725,22199.4468915894,264968.916700969,10006.0810976521
2016-05-09,61913.1727329282,33962.9142750731,214565.843393984,10011.936111377
2016-05-10,74246.9628790148,40656.5747898555,180963.813813974,9998.15017596241
2016-05-11,68146.4379666249,37251.229859752,237996.862357502,10006.7239485319
2016-05-12,39430.8977485224,21517.6389853457,271262.296787687,10005.4221233696
2016-05-13,34823.3791967837,18971.6225053903,277549.039046169,10009.6352526452
2016-05-14,61928.14575766,33683.122499408,262263.803870511,10001.9237805043
2016-05-15,83743.210459733,45475.7274887195,234215.657180621,9995.47720222949
2016-05-16,39085.5776129816,21191.7792016783,252360.875497271,9987.67534606888
2016-05-17,42384.675086831,22945.3992532406,220905.912334369,10016.7026870555
2016-05-18,68528.2131892241,37043.0777170157,245323.316986104,9997.90569614588
2016-05-19,54113.9678179432,29208.7471626579,268513.961889061,9993.05288777399
2016-05-20,53315.2355925423,28736.625153063,271457.634867657,9997.10050166151
2016-05-21,66662.2136902406,35880.6258093041,272703.866628307,9989.90059489513
2016-05-22,55152.488821125,29645.3233202181,284225.024751955,9999.71594809775
2016-05-23,58826.5796183276,31578.4207340548,246287.430987318,9987.65492421272
2016-05-24,38746.873793494,20772.7564540077,254486.466571967,10008.8908360532
2016-05-25,53589.8821792067,28694.3122152136,235094.179299743,10000.6569101531
2016-05-26,35363.6517557293,18912.1353556504,298330.487270768,9998.57717735314
2016-05-27,45336.416062001,24216.7560708856,309672.021454435,10003.8019361837
2016-05-28,62137.1818736696,33152.8230003933,292653.870902618,10009.7335197946
2016-05-29,86194.0453914866,45936.8544988967,237717.496460801,10012.5431692193
2016-05-30,81004.8959211946,43124.603904561,202553.69162843,9973.48252871718
2016-05-31,52757.7904233891,28057.2519036853,225874.509264958,10010.3816423365
2016-06-01,43970.2237283775,23360.2076718044,279768.569120079,10015.0043274903
2016-06-02,39192.7793060195,20801.678200179,309874.942613201,10007.215926819
2016-06-03,44604.2581478608,23651.4463993239,287622.092825026,9999.13592764434
2016-06-04,75732.2064650668,40120.4542525926,241944.619197655,10000.6255080803
2016-06-05,55066.3071373122,29146.7270729032,254003.042698366,10008.027186747
2016-06-06,63906.4679825536,33797.3010413282,223415.497898162,10010.4533965455
2016-06-07,78888.9631833468,41687.088014763,215248.467632366,10008.4141131761
2016-06-08,96414.0327758331,50908.2771142646,262152.605842882,10001.7987593774
2016-06-09,42446.0881041277,22395.6352694174,330582.726323265,9995.36395278719
2016-06-10,67079.5897762929,35367.8282340208,285111.040990531,9999.17064027829
2016-06-11,53675.0517917924,28281.1753188832,290452.356727936,9988.16996889291
2016-06-12,86904.2164349431,45760.1581427311,245039.708584712,10010.1104449192
2016-06-13,32255.7229588073,16974.2200280064,264374.282506369,13578.9904062991
2016-06-14,42866.8232583396,22545.268443821,255171.068964418,10004.4878235145
2016-06-15,91503.065881526,48098.9391134278,259500.182039029,9995.43374058405
2016-06-16,67607.1425071378,35519.9908631857,290131.694156688,9995.46849888715
2016-06-17,76359.1062725794,40099.243614213,287782.159619167,9988.58086970812
2016-06-18,47667.5556834045,25021.1902946032,314730.965712107,10006.0354540647
2016-06-19,57834.6837708037,30345.7477239033,324903.07800389,10003.6838344792
2016-06-20,51890.9174827721,27216.9761138934,315812.827425727,9993.32678098515
2016-06-21,58710.634486454,30783.5702453567,289887.452840448,10012.3538082873
2016-06-22,47997.0897457316,25158.5410042644,340336.762286637,10022.1600081175
2016-06-23,53884.7766936947,28237.0683975165,347551.512838039,10003.8236822465
2016-06-24,64001.2265339576,33530.4531283499,350216.566131944,9995.47596795604
2016-06-25,51624.7367153554,27040.904545419,365822.142192253,10002.9714607407
2016-06-26,63780.077593254,33402.2158898897,344216.688758271,9999.51990439121
2016-06-27,44369.9482178458,23233.8218910769,310180.995446188,10017.957341249
2016-06-28,40052.2835455401,20970.8068945985,290606.46498376,9989.5833126613
2016-06-29,38200.4895372022,19999.8868355928,304631.028176038,9995.06158738349
2016-06-30,54329.0112324144,28443.0252360803,280288.462869792,9992.86143789261
2016-07-01,71516.5184394587,37441.2508644459,249862.546512994,9987.44205903121
2016-07-02,46835.9401802744,24520.9816626002,251575.433142125,10011.7402637677
2016-07-03,44282.0542976107,23185.4547947423,234241.082062665,9976.43822224443
2016-07-04,34023.9505386714,17816.2571424493,232110.76410105,11242.9404842015
2016-07-05,35242.7252248867,18456.9408023774,238476.846016677,9983.18679259059
2016-07-06,64126.6506364753,33589.3749587411,283037.419101315,9995.18450097981
2016-07-07,48291.3051610869,25299.9736395918,308944.745154201,9980.06105996021
2016-07-08,63678.8734753714,33369.4378288343,294600.281242355,9998.58444096544
2016-07-09,55194.8076975194,28931.3547974859,305443.476769465,9994.65630943041
2016-07-10,55778.0348360711,29245.9290985913,313063.391716956,10025.1411604545
2016-07-11,62497.9386705443,32780.3975431446,281995.081349988,10007.3511280961
2016-07-12,54765.7037330822,28735.4597803664,274654.683806117,10003.8450517428
2016-07-13,24919.1681530844,13080.3276862509,317395.058862529,28556.656361603
2016-07-14,48918.1319491731,25688.8822556389,310611.138369893,10010.363226337
2016-07-15,43573.8350055659,22893.1761331024,321716.43096413,10005.0135576408
2016-07-16,32313.5398255885,16985.7367033218,352764.19385105,14721.6237534524
2016-07-17,68893.950511314,36233.9098251401,299984.487576124,9994.77666001663
2016-07-18,53769.2719196877,28295.4889424135,243863.06361454,10004.0702001041
2016-07-19,65458.1994906849,34467.5745701537,220512.714306603,10006.4235214656
2016-07-20,73719.8711690625,38842.7124226184,266078.225344453,9980.96879747819
2016-07-21,48188.6894273646,25407.5687727587,311199.037878158,10000.2182346478
2016-07-22,45389.3638766119,23948.5823993428,308950.718385754,10006.1260902539
2016-07-23,52077.8777195618,27498.0202999535,308884.945280428,9992.11258484719
2016-07-24,124658.420072836,65872.922138424,221206.681759136,10004.1644695423
2016-07-25,40354.4831505376,21341.6991810322,274911.040770531,10004.1913197967
2016-07-26,93315.7837602972,49392.2658382244,214562.986546388,10000.2527097887
2016-07-27,66673.7549038605,35321.5819045601,316653.229012896,9988.2973224301
2016-07-28,46232.9356361945,24515.0540438993,347675.437937827,9996.70266882929
2016-07-29,51802.2170868432,27494.1728802281,324666.153004271,9994.38906595126
2016-07-30,45214.5621051774,24021.2914787826,321101.748514996,9991.62454796443
2016-07-31,87856.1290292875,46722.9867603512,285775.885567322,10007.3964934189
2016-08-01,28177.4550174183,15000.8412805924,290367.743753099,20029.333161093
2016-08-02,35255.3198943773,18789.2155768342,281096.040768196,10005.8900520746
2016-08-03,68690.6251979764,36649.3630754739,298038.813040592,9983.92685146258
2016-08-04,31169.8725546215,16649.6001665321,324177.097561279,15434.78217754
2016-08-05,37421.2376967097,20012.5122084283,316517.036434142,10003.5695305956
2016-08-06,30068.8372433855,16100.1399653183,319175.242173954,17158.4255640201
2016-08-07,45011.2732564531,24131.1911258784,308119.510529204,10000.4258958169
2016-08-08,57752.3217469208,31001.7533965987,286077.096666964,10009.3114628873
2016-08-09,31849.3908793794,17119.5445636817,339131.992746643,14081.6688348423
2016-08-10,63014.9345389763,33917.4948059341,377474.997962741,10000.2121703598
2016-08-11,48107.5847351075,25929.729357613,365976.402798065,10011.8088632506
2016-08-12,47716.5152630771,25755.635485672,343929.609181772,10003.9710688074
2016-08-13,66124.3401656802,35743.6588194721,330972.028048041,9992.04773190065
2016-08-14,61020.9358106115,33034.3392302157,341964.585666487,10000.1215823426
2016-08-15,48831.5904932567,26475.9624137208,328754.013559428,10012.2225045824
2016-08-16,74709.6428129482,40570.1589261955,314714.294547219,10009.1180458261
2016-08-17,53959.2680112943,29348.7979038675,374483.678470965,10001.2667311004
2016-08-18,46962.7031513995,25585.0723442527,364851.068050125,9995.6812887494
2016-08-19,42639.9465960044,23268.8330623064,362222.008262305,9995.49453676578
2016-08-20,47741.0471529509,26096.9285307446,363376.579926762,9993.73826704347
2016-08-21,53181.8883288284,29121.641296359,341990.234778255,10009.6419395691
2016-08-22,70259.9922661765,38541.6219032553,256352.305992243,10003.5979293973
2016-08-23,47073.7347018615,25869.3499540717,246835.356686531,9999.67799237037
2016-08-24,65679.5086218966,36160.708039029,290029.217951225,10000.9395864495
2016-08-25,49219.4909268349,27149.3564060836,330843.395233997,9994.95671865828
2016-08-26,31498.4131684305,17407.7135085437,348487.9242075,13219.4319582322
2016-08-27,31597.0196029849,17496.2539967408,349451.960101199,12923.7008815356
2016-08-28,42640.5420486013,23658.2633378551,324121.314060416,10007.4455476374
2016-08-29,69919.1403156381,38871.62778406,264138.803998141,10019.3932564814
2016-08-30,57845.2027744623,32225.215924252,238153.678349744,9993.35537678261
2016-08-31,40874.3997522907,22818.4993154711,285375.548966584,10018.829253247
2016-09-01,53228.9589839083,29778.7356343222,282378.018452228,9989.28765120718
2016-09-02,67518.7710400197,37854.7876304849,275232.874821492,9988.3975707572
2016-09-03,55718.006829391,31307.2773417646,292808.044735666,10008.0426475832
2016-09-04,58903.3365891273,33170.9976307739,288145.857974727,10015.194452301
2016-09-05,55178.1535846622,31143.6996550342,255141.884043071,9983.17363257208
2016-09-06,69092.1251249018,39086.9255499036,225099.558754227,10007.8462784795
2016-09-07,69147.3380345537,39209.7340533768,234908.791779111,9988.05943482155
2016-09-08,57873.2669596941,32894.8171573142,297246.122561764,10010.9460778123
2016-09-09,49791.7795729285,28369.6369597676,310978.749279899,10009.2659113447
2016-09-10,46964.4332048173,26824.2447016216,307462.666474868,10003.5103427237
2016-09-11,51229.7495213785,29333.1430972322,294607.248511024,10002.2315973904
2016-09-12,40614.3301508291,23313.5983217001,263944.821825988,10012.4380157845
2016-09-13,81244.6312182936,46755.6456226523,205926.532684219,10007.7065685952
2016-09-14,44207.251022191,25506.9202827697,308120.654852628,9995.27809682622
2016-09-15,35553.3201756048,20567.6937054297,323589.296010696,10022.4505237453
2016-09-16,56582.514596898,32820.4411318996,298260.779038266,9995.77042494256
2016-09-17,39379.3291713823,22903.5643502066,297631.947383333,10000.5343394551
2016-09-18,73109.6353871862,42638.101187173,266205.588222028,10007.2391506254
2016-09-19,45481.3721741359,26598.7479418212,258544.535486174,9990.75122340188
2016-09-20,40159.1731013037,23552.2687428882,249833.201011372,9996.90521967427
2016-09-21,41010.0234759691,24119.835643641,308425.524745532,9985.57920996742
2016-09-22,32859.6634360856,19382.054069262,328465.179257566,10001.1029728903
2016-09-23,34687.4258666939,20519.9919087522,334358.385069903,10007.8518629621
2016-09-24,42462.2687780481,25193.7506271323,321233.051166284,10000.5963409922
2016-09-25,28071.7053594736,16705.4846093838,293577.716000463,14748.7385099893
2016-09-26,52925.9037742352,31591.8736716003,247137.939277649,10001.6383876515
2016-09-27,64302.1956115766,38500.4609934741,217093.860625375,9993.98369216688
2016-09-28,32276.1321650193,19385.2266684149,278644.964396836,10003.7749242299
2016-09-29,55367.8780617999,33358.9853368095,268653.21723524,9996.77085504589
2016-09-30,42498.49656548,25686.823177713,281832.113419909,10000.6225425587
2016-10-01,36602.6099392086,22194.5897688747,284719.014900296,9985.79371350161
2016-10-02,128298.069222534,78049.4470050097,154271.000347732,9999.90256667147
2016-10-03,66312.5543389234,40474.0394827206,217407.138201164,10001.0072612846
2016-10-04,42075.9840070822,25766.9279802624,234961.753728564,9991.51289780123
2016-10-05,43403.340440213,26669.5453270038,273591.737993664,10004.2174035668
2016-10-06,43798.1186507178,27004.0295483649,282406.47643775,9998.37855776716
2016-10-07,47329.629905374,29282.1863736302,272075.415363985,9991.99670104247
2016-10-08,35095.8757283798,21789.1557362666,289958.789287331,9989.44345329236
2016-10-09,34156.3461720425,21280.721652866,289354.799304834,10003.0729967486
2016-10-10,51338.5604956815,32100.0715059454,242976.124563424,9991.54736381432
2016-10-11,60019.3220081792,37663.2291986808,227402.872788641,10011.8933683847
2016-10-12,46172.4617289409,29079.7377722766,285403.131779201,9992.88691600522
2016-10-13,47946.91530545,30308.6082674687,281789.05529368,9994.04312084756
2016-10-14,33816.711517339,21456.1347319792,307880.374039876,9978.77489781366
2016-10-15,36019.0646541293,22939.5191691741,311426.64173257,9990.28167718914
2016-10-16,49845.7324427971,31866.0803196749,297366.393925132,10005.1502534744
2016-10-17,37991.5300339943,24381.1003445838,287674.818223393,10015.7326170668
2016-10-18,50598.6090110736,32597.7831117652,271938.790796907,10000.1124949832
2016-10-19,33642.4495483494,21758.9149386018,319679.563522868,10017.0153179056
2016-10-20,26312.9231525228,17085.8297684465,307602.760733416,13803.3339619604
2016-10-21,61775.456082108,40273.3315979921,277226.809971853,10014.9764608331
2016-10-22,63278.5590031128,41420.0020372291,267336.28518831,9995.00396919108
2016-10-23,36579.2119346866,24041.2578844357,283886.802311146,10003.379230144
2016-10-24,41510.8741519872,27395.009157713,258497.054475769,10014.4716839313
2016-10-25,88340.1034266599,58542.5556294509,200476.604021741,10006.7363985061
2016-10-26,47682.3106446562,31731.6603707823,294993.909601169,9975.23790656919
2016-10-27,28874.1338366874,19296.7327373136,305881.104946528,9989.97259081128
2016-10-28,54116.9467413155,36321.606636534,282917.166139918,9993.2985722413
2016-10-29,41400.5070798955,27906.9300942007,288533.446080519,10014.1700844266
2016-10-30,32262.1104247455,21841.9577800634,285331.873820371,9991.4398122514
2016-10-31,50083.1093770662,34056.519560108,242543.765733419,9987.66415113551
2016-11-01,53319.1443347841,36418.3444045858,231200.917090509,9999.42894487808
2016-11-02,41120.6747002017,28212.6073818815,306466.687959252,9985.36353257362
2016-11-03,36626.1459099974,25242.8365608865,313926.57674626,9998.44393519064
2016-11-04,38470.444044552,26635.2089487307,330573.863118528,10000.957770788
2016-11-05,40683.3740699295,28297.3613418382,319048.347984191,9986.37917562117
2016-11-06,36247.5638793088,25329.4652415053,320801.453370241,9995.11364629672
2016-11-07,42288.2269310228,29689.5152717552,280540.720785109,9998.93382946626
2016-11-08,35924.1105692381,25341.0358313362,257736.717790626,10022.2471083315
2016-11-09,36495.6223052397,25867.3628756148,297212.977441013,10004.9239330072
2016-11-10,28835.805512431,20536.9010840119,307931.46876377,10000.7214889884
2016-11-11,30092.8158147981,21536.5212004458,311595.201460693,10007.1728360819
2016-11-12,28137.058202832,20235.7749746062,326989.666482211,9993.79402525501
2016-11-13,45804.5047173337,33105.2108709372,305712.915464194,9997.287854431
2016-11-14,26849.4324079729,19502.4397019121,274603.651459331,9995.43155106154
2016-11-15,72539.8942511767,52955.9957098369,214015.695481599,9985.3351064526
2016-11-16,73617.3523529406,54015.8959087456,265963.011302392,9997.38091384083
2016-11-17,38997.5160595775,28760.7598124523,308309.796832841,9982.62304526696
2016-11-18,32046.6932626611,23756.779704113,312531.112255831,9988.77332623108
2016-11-19,43700.3969813502,32564.8927141569,310030.061982592,9993.57954340587
2016-11-20,40136.8927999057,30066.7851344543,312035.688046298,9976.66300501352
2016-11-21,63804.0416164404,48049.5730928877,266624.218646172,9990.3115738093
2016-11-22,33041.3891348142,25015.9460557667,293286.833339774,10002.5543941388
2016-11-23,29854.6910549236,22725.2027944389,322506.948662809,9990.90032329441
2016-11-24,40965.5775699722,31352.3539406754,308095.608348553,10002.4684556169
2016-11-25,42190.561793422,32466.963160618,301444.646374214,10008.7979588942
2016-11-26,33246.8729758585,25725.9800769759,271356.704157651,9995.39166657974
2016-11-27,17164.622202404,13355.7932435683,296047.004381529,26211.3314960376
2016-11-28,38157.1051948216,29856.90545494,298778.395713827,10018.0601228276
2016-11-29,53972.9022751766,42471.6150632157,264641.239694784,9996.86064659087
2016-11-30,34598.2425649474,27381.0717898686,331043.643046935,9970.02998911926
2016-12-01,36416.8260760747,28986.2305450498,355557.830221971,9998.30825889761
2016-12-02,39287.0054219968,31452.2517059149,354670.756469566,9987.68483829506
2016-12-03,36071.5590728816,29046.9737076271,342403.991164968,10004.687334122
2016-12-04,64159.6391337936,51969.8096279203,333079.564932901,9988.36520944026
2016-12-05,34113.8324571671,27796.6917795637,362091.802262429,10000.2111847305
2016-12-06,37095.7835454232,30407.503293774,363427.100853949,10027.6427494886
2016-12-07,30796.0031926802,25395.9516135117,397606.795369262,9987.64159145185
2016-12-08,44410.7856324706,36846.2163801858,389519.257131142,10006.5391853378
2016-12-09,61816.0034740055,51601.2400739712,344449.028636901,9995.93402323484
2016-12-10,43809.7699676979,36796.4148368723,421182.132361996,10003.2601923094
2016-12-11,41106.2470668263,34740.6793481655,432844.597884648,9985.59999744892
2016-12-12,32267.0476477691,27441.4061469342,392151.93198005,9998.86332903275
2016-12-13,47699.0374320634,40821.9915559919,334904.236253172,10012.4938675046
2016-12-14,27628.5605142893,23795.8457885354,350666.791452711,9982.56600406698
2016-12-15,27243.102112216,23614.4978339587,363106.214448691,9987.90126610878
2016-12-16,41647.143922444,36333.537794392,401596.688725228,10002.5115876328
2016-12-17,39615.4986751981,34786.3625990948,408352.408696084,9995.07781054566
2016-12-18,21861.3793518695,19322.534359614,390476.355844705,10005.624157578
2016-12-19,27444.292773338,24417.5731878762,349861.184338101,10015.8730746982
2016-12-20,36573.6876846503,32757.0293363282,342885.483131287,10023.332007473
2016-12-21,31805.2083568656,28677.4656562025,381012.11538522,9988.375662963
2016-12-22,38531.8738244055,34977.6773370977,380265.48661798,10019.7450613787
2016-12-23,30664.1876641899,28025.4278503569,381308.317278331,9991.19880425593
2016-12-24,37422.6209831237,34437.1070471855,336156.173806658,9991.22857689757
2016-12-25,40254.2490918958,37299.041480672,299117.344163955,10004.4036963073
2016-12-26,24268.9840972896,22643.9881458764,319282.26139639,10000.6809486887
2016-12-27,31208.1566174287,29322.8922730579,338396.399944284,10014.9869278968
2016-12-28,25447.7979014699,24079.5483214427,401342.860904673,10005.8488083679
2016-12-29,36783.8875502453,35053.9820891953,402716.912130058,10000.9705447402
2016-12-30,28331.0546547825,27192.3244934712,401188.986045086,10007.8891752584
2016-12-31,35954.2767458529,34758.4458784987,357569.272099245,10000.5547962674
2017-01-01,19082.2302859316,21821.7769750817,351315.369406072,10686.142930932
2017-01-02,48919.981829435,55547.646404938,397400.64315616,9999.99220026972
2017-01-03,20122.6523114116,22688.4672443433,422999.014418546,9988.1973593865
2017-01-04,25059.1894263088,28057.539748999,455693.725742236,9982.06791064794
2017-01-05,35004.7965822696,38921.9639426562,458041.790865875,10003.9308757412
2017-01-06,26707.9178472494,29492.6459478486,446692.604354022,9993.90908311713
2017-01-07,34497.854468483,37835.0331788889,444554.382527952,9998.09099055001
2017-01-08,20925.4402018112,22794.3223997198,450473.544644037,10005.4910495618
2017-01-09,25683.892132212,27789.7478780752,422595.258910082,10002.6145866626
2017-01-10,15862.7886793408,17048.907026454,402718.563494817,27723.9162702985
2017-01-11,33431.4745997579,35693.3436569921,457623.533698903,9974.298312862
2017-01-12,22194.427599784,23540.2853398883,424858.834460444,9995.7352663444
2017-01-13,34424.823271025,36274.1176992535,428072.320539892,9994.78902671708
2017-01-14,29567.8085751392,30954.4325737031,405411.891635518,10010.3853012791
2017-01-15,43712.8367653927,45468.6849475789,368705.387771138,10000.6777871497
2017-01-16,27182.6943906068,28094.1978211812,339233.718277102,10004.9433013123
2017-01-17,33252.6947314765,34150.1538803758,320552.579692686,10008.9493918983
2017-01-18,39883.3967491733,40702.4466816027,354987.360763748,9984.10626510967
2017-01-19,24720.6844334585,25071.0322382035,365608.223130525,9998.36578284936
2017-01-20,32643.9730268512,32901.7342288356,368756.078337205,9988.41440857676
2017-01-21,29984.8784526769,30036.0455158069,382516.204770118,9994.28981360331
2017-01-22,30715.5002185726,30580.4083713854,362099.82685434,9977.21309223265
2017-01-23,52966.859245607,52415.0014963311,300480.554971823,9994.22287912529
2017-01-24,44166.481123749,43444.0453945499,301208.815481638,10019.7776283774
2017-01-25,63458.2430576503,62048.5860224907,314886.814448614,9981.04066591313
2017-01-26,38785.2403550099,37699.6177316962,403457.059109978,9998.74882569037
2017-01-27,36066.9520248039,34851.9166048356,405105.471620412,9998.63916384404
2017-01-28,20073.2394166086,19284.1955319131,386722.037440673,18822.4197013547
2017-01-29,70519.0997099668,67356.2120241572,393917.753978291,10005.4386800063
2017-01-30,36943.1856211378,35084.2335094896,411925.214028676,9996.74789040714
2017-01-31,21846.3001855053,20629.1886392252,384825.136446059,14387.1020556637
2017-02-01,47337.4472339406,44448.3305321742,400367.559778101,9980.26334906093
2017-02-02,31846.2476512508,29735.4799329524,390999.773330756,10021.250154062
2017-02-03,40983.5433783544,38055.0130366008,377192.954744396,10011.4591121413
2017-02-04,40524.8084630814,37422.1363508965,382605.2335767,10003.1519891469
2017-02-05,43613.0497379755,40054.2656423693,386533.20790964,10008.0462619155
2017-02-06,27438.1523702874,25062.8985216042,362034.694454789,9998.79645284661
2017-02-07,42047.4677214087,38201.439292105,363656.488683588,9996.06421201044
2017-02-08,28040.3203732455,25339.9387723127,408211.102167281,9992.02885757248
2017-02-09,48584.8475905249,43674.237980812,401588.737466645,10010.5507879819
2017-02-10,41464.0132557558,37078.0469682684,438014.537057075,10001.7038003509
2017-02-11,42210.9543312953,37550.0711388787,416495.18395914,9982.13295884894
2017-02-12,37318.3020383883,33026.802626965,405224.317376396,10002.6886094216
2017-02-13,19101.8778457237,16818.94301924,373811.82789791,27317.9439857034
2017-02-14,24307.4880497561,21294.1126452042,359780.952333001,12159.4950330724
2017-02-15,42434.7627156633,36987.6601584213,408226.151488866,10007.1372400959
2017-02-16,24759.9881345102,21474.341008508,422270.766015584,11933.4726721666
2017-02-17,31162.6364335174,26894.0737416815,408739.878999445,10003.3452175319
2017-02-18,51964.5240479592,44627.3322131437,389369.544268365,10016.0743406001
2017-02-19,26770.0006658404,22878.7583737707,371929.23692814,10000.5383829267
2017-02-20,52688.2935833468,44813.2830184957,337546.849756849,9992.8821634218
2017-02-21,38200.8753033352,32336.4916044713,314949.295616884,9989.69843673604
2017-02-22,61960.7122547777,52201.2951473506,334741.760042771,10003.8241458258
2017-02-23,40766.6750998415,34184.85446552,360212.572405422,10009.9285104998
2017-02-24,30933.605382919,25819.0800287615,376418.568282051,10025.9446112919
2017-02-25,43259.1061084782,35940.7963828106,407490.555116206,10016.4997869178
2017-02-26,49694.5878855201,41099.5695710059,404756.324104987,9998.59632897477
2017-02-27,43708.4748855924,35985.6947931449,361583.402071896,10001.4136279516
2017-02-28,31037.8689824014,25439.5935933599,343487.987661218,10012.0335460096
2017-03-01,48815.5055035219,39833.4585538779,356304.547229868,10004.0348790097
2017-03-02,22800.60061224,18523.6396271455,377946.025194981,21221.7942424857
2017-03-03,47496.5088578125,38419.2903682736,378763.803690847,10015.2141314643
2017-03-04,52438.5161998804,42234.1156928901,359887.39283061,9996.34589281114
2017-03-05,50151.4812681949,40219.7926720051,360348.05341761,9987.22099112184
2017-03-06,59355.5290967812,47399.9552025878,312819.200371303,10011.0431820872
2017-03-07,29111.4888991785,23150.4500297695,312565.569799104,9989.83351579843
2017-03-08,21336.1226063558,16896.872045174,322946.923426202,24705.0932221303
2017-03-09,31233.22121663,24633.2018471485,322634.453681521,10009.8785102668
2017-03-10,58713.3705919456,46118.1411430941,283687.441762498,9996.39332387256
2017-03-11,40128.276401782,31393.038293464,302101.875139279,10007.5960406214
2017-03-12,37575.9531612379,29279.1341522301,289002.512048843,10004.966781532
2017-03-13,49496.1745114338,38415.1474855964,268974.997234298,9993.19238100651
2017-03-14,42627.7621824411,32955.1481352148,264108.970662044,9988.09679014586
2017-03-15,54060.185694837,41631.8103817336,313567.93205113,9993.22377751067
2017-03-16,63671.8490548305,48846.0413355199,294539.231517174,10002.680717421
2017-03-17,36341.7424940104,27774.0282238108,307359.55770855,9996.24175735249
2017-03-18,43576.85924569,33178.5411846193,295035.161326344,9995.68650655247
2017-03-19,37534.2481748032,28471.7584177454,293014.277807666,9999.28860617322
2017-03-20,35803.376778317,27059.0590777935,264449.518533548,9994.33787706448
2017-03-21,40582.1954812309,30559.2894818834,247924.995061487,10006.9613652162
2017-03-22,48132.6779077619,36114.6644010424,296177.65058398,9993.08818188958
2017-03-23,56905.1279898558,42544.9086365348,314186.160802585,10014.6675026377
2017-03-24,52583.5274749028,39175.5662065927,297432.92635176,9998.24163310232
2017-03-25,49757.4095443946,36941.0640056386,297135.179187025,9993.41265981287
2017-03-26,56353.7554573855,41694.3519332913,307622.454504941,9992.03448185111
2017-03-27,53931.2845220787,39766.2342810604,287236.021639157,10004.9533428688
2017-03-28,43174.3605889816,31727.4758837132,274033.207754918,10003.1829739627
2017-03-29,48985.2832856914,35877.9536009564,301324.813237631,10012.5633514441
2017-03-30,39638.7375229751,28936.8177936841,306525.131391964,10013.5990882264
2017-03-31,25626.5365822264,18646.8823152518,301274.351600357,18581.1944621324
2017-04-01,75315.4838886642,54626.3705365077,239649.517989256,9997.52070354037
2017-04-02,64156.900504517,46385.214924722,227993.851031428,10006.1329328831
2017-04-03,28009.1760373338,20186.9625580867,235339.442509337,13535.1239548734
2017-04-04,34859.9400746504,25046.5555705652,222338.050305569,9996.38308426893
2017-04-05,43422.5134283009,31103.0734118075,268215.329615863,9992.2579073683
2017-04-06,62784.0066446476,44835.3490443138,269044.009092812,10004.4214652457
2017-04-07,59839.0624756781,42604.518161394,269788.832939173,9996.24010340184
2017-04-08,36566.2815267009,25957.7567022008,281647.839573727,9987.7603472968
2017-04-09,46065.0602724653,32605.4035449766,277788.788022836,9999.06077573809
2017-04-10,41743.3766450249,29461.3842729036,258657.405735571,10002.0776914962
2017-04-11,39761.8829786635,27983.1225988969,239302.856369983,10005.2071844802
2017-04-12,59987.1491519279,42098.5467350855,257468.993532597,9991.52799801246
2017-04-13,39971.4911026213,27974.0169384206,278148.590108885,9979.39518759545
2017-04-14,46098.1197669007,32173.5674442729,272918.060704287,9993.19906850255
2017-04-15,41180.7754609743,28664.0753189215,283179.333169115,9995.84387597615
2017-04-16,100159.596700391,69531.1232734835,193255.657241972,9990.22944573832
2017-04-17,36663.8239034142,25385.3712757607,241286.657503951,10005.7037017834
2017-04-18,64145.0806426271,44297.9866704765,214564.127893497,10014.3721219087
2017-04-19,52911.1043115088,36446.6894742345,264762.231369034,9997.20928219282
2017-04-20,72262.0363265626,49650.9783132138,238582.571596543,10005.1600345164
2017-04-21,41953.4526758223,28754.602677638,267772.391940473,10005.4479885765
2017-04-22,64140.5179019064,43854.0632103349,250227.121503326,10011.1815661348
2017-04-23,49971.3339238791,34084.0870865906,260237.010031647,9992.67526294512
2017-04-24,39611.1823029738,26953.6436447628,244796.365692986,9997.96336973265
2017-04-25,46010.1578618575,31234.742511706,227877.808592541,9980.42362178422
2017-04-26,50011.2951383123,33872.9005005303,269113.806448098,10012.4752443213
2017-04-27,60892.2734713278,41149.2640521697,267474.082503835,9992.08837430816
2017-04-28,43046.4411780159,29024.7325607895,291035.80313055,9984.50264589367
2017-04-29,54680.9658813189,36788.6379266037,277061.919079946,10009.3045666872
2017-04-30,24034.0337353486,16134.8968792952,281903.115737105,25119.3493209812
2017-05-01,53007.1227711677,35510.0405730468,240777.740276557,10011.8940965464
2017-05-02,33595.5674160405,22459.0672101361,253747.631211194,9989.75814161238
2017-05-03,53141.7108886101,35453.0355403954,279706.458478344,10003.5555611899
2017-05-04,65687.62254862,43734.5774034931,263371.7069254,9996.85166047954
2017-05-05,81349.6553838073,54055.0058591463,247404.619030056,9986.940310034
2017-05-06,55708.393801085,36944.9376687596,274987.268412383,10013.6953151628
2017-05-07,72075.1182773796,47707.7605787999,254771.625688279,10002.0871213304
2017-05-08,50070.1450854396,33080.1238175424,240442.369972363,10006.5755658053
2017-05-09,34257.3644655787,22591.3432739602,234023.066628707,9998.63147607235
2017-05-10,64607.4594849197,42529.0614806355,258618.959548804,10006.9377448612
2017-05-11,98974.2599894858,65036.2667643145,217553.454585936,9998.04488472142
2017-05-12,52888.0157116026,34692.5301844356,272435.051525419,9997.8904716398
2017-05-13,46055.2759747274,30159.1145537167,289024.715136783,10011.1850477518
2017-05-14,55390.0205043578,36211.4849441685,284699.301784408,9997.44327254231
2017-05-15,35994.6937372461,23493.2985054932,258419.949188377,9994.05226989295
2017-05-16,30898.1716217617,20134.6496011861,242306.825338288,13729.0692990724
2017-05-17,68931.770381271,44848.8761465459,247862.319666752,10010.7133421855
2017-05-18,54004.304615033,35082.9726521762,266570.331940136,10011.3784708133
2017-05-19,31751.2797717395,20595.8696915367,276496.271610033,13194.7788048936
2017-05-20,58784.2014791641,38075.4828536742,268484.765300553,9992.28401392243
2017-05-21,67219.880332548,43477.3846345801,254376.608054874,9992.70071835608
2017-05-22,35350.9614319559,22832.988265882,258148.383998211,9997.78924704701
2017-05-23,95365.7176616031,61512.6735530378,191027.990821101,9998.23268147466
2017-05-24,80183.5290316265,51651.5336869212,284071.662307445,10009.240601507
2017-05-25,74573.87158512,47976.150453622,302888.497446205,10016.7033072594
2017-05-26,54104.2682773215,34763.6838073329,336163.81690165,9987.7482998957
2017-05-27,42832.4738264609,27487.6660889686,350486.867319058,9983.5691878732
2017-05-28,42643.0593735321,27333.6974555604,334856.820343126,9992.55399170155
2017-05-29,37544.3412325822,24037.7988576454,296370.830896385,10000.3154053948
2017-05-30,69933.3370246127,44724.9112803225,266259.694326288,10002.5053373782
2017-05-31,52346.6561925662,33441.3685251141,285909.392554029,9996.36115071872
2017-06-01,47114.4920198032,30067.2903919285,325800.041591626,9996.16832720271
2017-06-02,43180.3791549115,27528.7011675128,339927.354848888,10004.7152143897
2017-06-03,98096.2762650834,62477.8504908547,278566.753201568,9998.78026364383
2017-06-04,60011.2866838225,38185.2439016509,328424.912313979,9983.60215411099
2017-06-05,51306.6611401728,32616.7158815384,305713.116900325,9989.56990249355
2017-06-06,88786.6749211328,56393.9973352602,228752.464698848,9999.11299322328
2017-06-07,42002.1941548555,26655.7206817095,289631.659249368,9995.21411634078
2017-06-08,28680.6836180474,18186.7901525901,293202.207539138,19597.8143712587
2017-06-09,69005.5973798771,43723.3789237041,276506.001937841,9984.78831194818
2017-06-10,34708.6938841347,21975.8272281778,327998.63585835,10234.4504382688
2017-06-11,31729.2006555304,20075.1302599799,330500.56008434,15271.8112564054
2017-06-12,47370.5308595311,29951.2174121495,311294.189001298,10005.2879676033
2017-06-13,74432.0650882555,47031.4082660658,274282.128688364,9992.26511299379
2017-06-14,38101.9976949578,24060.9094965287,352967.018010886,10000.9811302775
2017-06-15,97214.7848006337,61354.6772102974,315265.157663354,9995.70520212616
2017-06-16,54744.4447256724,34531.9539400065,355902.326314754,10012.4116568711
2017-06-17,52956.3160056395,33387.1444509526,337958.186444408,9993.34224437339
2017-06-18,84451.9150815555,53218.9243460258,308573.778852832,10015.4805289512
2017-06-19,32959.4815902596,20760.9250961061,330802.930381967,13389.1264241325
2017-06-20,61453.261475615,38693.2902119505,303236.061336517,10000.823896045
2017-06-21,59726.4687318869,37592.10170179,348165.923518393,9983.03099898711
2017-06-22,34802.3453860428,21897.3707901235,376555.649036923,10497.8811307429
2017-06-23,40261.8856487122,25324.7929747793,386182.265245364,9999.84112327719
2017-06-24,134758.673070705,84740.5913611515,264882.786256142,10005.7669167307
2017-06-25,82209.577734408,51683.8418675453,326428.436290099,9993.86620541617
2017-06-26,65507.2150228169,41175.013247663,326527.446387688,10000.0622370233
2017-06-27,45066.0693135289,28321.8202295529,344522.894972105,10008.4851946352
2017-06-28,86758.86057225,54516.356091604,330643.068964286,9998.14924478612
2017-06-29,60095.5968762126,37758.2413509211,325761.311667894,10000.2162607465
2017-06-30,34936.6218439084,21949.304579951,311462.782199477,10293.5279789298
2017-07-01,65283.2589034074,41013.5212483011,278316.66779715,10004.9708717451
2017-07-02,55676.9963888588,34978.4877898744,280952.594540012,10004.4247488859
2017-07-03,54050.5490824751,33957.8328387149,267246.858804057,10010.2672487634
2017-07-04,59848.0445109604,37602.7034672816,287528.42945836,9995.44823437279
2017-07-05,64131.0713050732,40297.8127737386,337236.811511403,10026.4444225716
2017-07-06,59195.8173354677,37201.675727536,382060.047102757,9999.7606325043
2017-07-07,49126.683984639,30878.9171265593,395381.773475272,9992.79237520696
2017-07-08,64005.8449660797,40239.4472881586,389708.581407162,10008.6375118759
2017-07-09,71616.768910344,45034.9295562838,338933.68818586,10001.2483446779
2017-07-10,54566.261579051,34322.2692040338,317554.93132663,10024.3212778236
2017-07-11,59206.9342706474,37252.552340647,307821.05708778,9995.20726588249
2017-07-12,58115.5837829053,36578.2036408845,345615.666271543,9978.67074324965
2017-07-13,47190.2403552243,29712.754398901,347683.965353582,10012.9109051887
2017-07-14,49013.3049272249,30873.1054983414,367827.869062833,10012.484499785
2017-07-15,57561.5898353704,36273.4923385366,385434.601463037,10000.0269267619
2017-07-16,74194.4155595522,46777.0392010837,366815.994881038,9985.95200446849
2017-07-17,28216.7470022647,17798.6901264903,347460.497800993,22713.8653092799
2017-07-18,37622.9475086022,23744.7812575439,335962.884664669,10013.2103601623
2017-07-19,33886.1480644686,21398.6560046706,380068.722063043,11972.7925259828
2017-07-20,86475.6752956102,54641.4073704549,342476.995976594,9998.890137832
2017-07-21,49554.4315575431,31332.0439181193,379776.691031272,10004.8956856992
2017-07-22,92363.655707396,58438.6741961846,353974.766636694,9998.95444102082
2017-07-23,40447.3298860997,25609.247538535,424670.574943531,10007.3904776126
2017-07-24,61882.644547103,39210.1281500231,388172.778750186,9987.9627329392
2017-07-25,31210.176728511,19790.7742488226,353302.898590631,16501.850723691
2017-07-26,72883.4072840699,46253.7680706104,349024.137979497,9985.07365542064
2017-07-27,67357.0834160297,42782.7169566676,355312.516472771,9994.47830376263
2017-07-28,72469.8469201502,46070.5950152413,376690.698119351,9998.80094616258
2017-07-29,52969.1533390176,33704.327157171,380279.230954314,10009.6119990551
2017-07-30,74453.0995157866,47419.4311673762,314956.7755127,9988.71940768822
2017-07-31,57385.2454563579,36584.7013043831,286312.794628044,10001.5733096505
2017-08-01,40969.6461151631,26145.8034288343,300169.30260026,9998.23114540965
2017-08-02,56945.2297540883,36379.14152431,362695.560572773,9983.46887797069
2017-08-03,70298.1875241934,44958.2464380397,363727.321874701,9988.72935642672
2017-08-04,61815.3470701764,39577.3325727959,381883.241104778,10007.9275752724
2017-08-05,33292.519814766,21340.1120257073,378221.850231584,12138.5966490279
2017-08-06,40001.9645776999,25671.1916680209,352683.07719952,10002.8683710423
2017-08-07,39943.4079164068,25664.8883203791,307592.274293699,9995.61507108046
2017-08-08,36948.8800902513,23770.5913964703,309946.127703228,10009.2236829716
2017-08-09,61212.9786095809,39431.3428819338,372603.897306877,10007.0776232036
2017-08-10,42394.5561180061,27345.2825067223,412578.557203904,9987.43414429249
2017-08-11,63354.5110802775,40920.3243558468,397723.181020101,10009.8042882499
2017-08-12,30437.2916348626,19686.64372946,406416.461081056,17809.5940115769
2017-08-13,80831.6857652121,52355.9968145149,379377.059756497,9996.74683764239
2017-08-14,50124.5345057175,32513.9140359171,359027.749427437,9997.55709113141
2017-08-15,67991.183524857,44169.3092651666,326159.186804235,10017.6004887222
2017-08-16,46055.6709054119,29965.0664542356,375327.042613741,10001.8828373586
2017-08-17,51672.3366381135,33672.0374596594,351267.109632816,9994.60773962308
2017-08-18,57411.0885591455,37471.5187435987,340685.770634551,9990.57283399523
2017-08-19,50423.912514404,32964.8686210138,359471.957451486,9983.96766276877
2017-08-20,42613.9835912562,27905.5979042259,377833.021544541,10001.5922039868
2017-08-21,53801.6732326865,35291.8548273052,317968.713174415,9999.88354479972
2017-08-22,52152.2593234777,34269.3974179117,306653.406240611,10005.2721522523
2017-08-23,64791.8668350186,42650.4510476044,322046.315025345,9997.48925524867
2017-08-24,74079.540823621,48852.4544264148,297125.494264958,9980.38627581836
2017-08-25,70795.7735525842,46773.0411182534,311376.310477209,9994.58234630955
2017-08-26,66877.8584786899,44267.6049180421,300743.78917694,9979.47697817163
2017-08-27,75119.0182510015,49817.7609810679,280167.860144316,10000.4186861853
2017-08-28,46256.6352496358,30736.4877902256,295181.276816101,9998.18730348985
2017-08-29,40580.0453375088,27018.0448765203,319339.337531104,10000.0951333785
2017-08-30,61998.5267008414,41361.7840642047,374671.254970417,9986.64253801339
2017-08-31,45423.0991852815,30365.9237202773,392261.489501747,10001.9857915051
2017-09-01,116480.276702932,78031.3877728647,300094.83509829,10002.4798897873
2017-09-02,36935.4039552188,24796.0430019727,382483.855277194,10005.2355297545
2017-09-03,39554.0337654845,26611.4360505874,340919.631056229,9991.49188231031
2017-09-04,81561.784921498,54994.3021941641,197431.451789567,10020.9044342848
2017-09-05,35823.0074724838,24208.1681236977,230743.820302429,10011.1457697153
2017-09-06,51653.583684328,34985.2307522965,240816.256474226,10004.2688772269
2017-09-07,105080.735471372,71335.7629687668,256160.474467206,9993.8751075413
2017-09-08,75496.2746582148,51371.8491935013,280516.534230594,9998.29950305803
2017-09-09,43206.0066945814,29469.641476555,290381.657750403,10008.2369000934
2017-09-10,46961.2407618075,32108.2724020669,281857.656505563,9998.07802136731
2017-09-11,47776.4284058263,32745.6294665795,250617.8452448,9974.06305375709
2017-09-12,36484.6512964988,25068.4691765564,258161.673813292,10011.3857591344
2017-09-13,33123.5593619497,22816.4597593509,307144.722920055,9982.89561510644
2017-09-14,52485.194757616,36245.7796369997,301048.141428916,9994.49097855532
2017-09-15,41651.6429760017,28838.8473601842,304576.626946489,10006.6780873174
2017-09-16,50298.6881952057,34917.5156910522,301436.473584694,10001.1178724501
2017-09-17,44496.737213192,30972.1663239174,288677.95668787,9999.15250301894
2017-09-18,21962.6764421757,15328.5568986795,266082.472178425,26674.3891799345
2017-09-19,35800.2903803637,25054.8053593876,265648.117836488,9996.32990266187
2017-09-20,45067.8049117214,31628.2590212548,304682.475836306,10010.301442107
2017-09-21,62756.6182809925,44166.0709124751,309466.203495815,10004.1184246785
2017-09-22,63715.1532482744,44968.4899670923,322755.450061961,10012.1787919248
2017-09-23,26434.2703216387,18710.4943780833,351180.653841435,19805.4973608311
2017-09-24,67331.1161371705,47797.168817947,334061.602208665,9996.02054233046
2017-09-25,69175.2353387871,49251.7337066897,243244.644673473,10016.8772071862
2017-09-26,35359.248920219,25250.7661107982,236592.850759805,9994.11311668066
2017-09-27,53303.4965715078,38180.7140138758,264684.298223972,9991.69407126017
2017-09-28,51707.7479646127,37151.5550529081,270464.912521066,9984.40123425779
2017-09-29,56914.0194824377,41019.4565806139,264713.255432631,10009.8853238466
2017-09-30,62506.4512052998,45191.9458474362,259932.821502081,10008.7968799025
2017-10-01,69468.6222526537,50385.6379047351,237365.546564299,10006.9103385421
2017-10-02,52672.0607230188,38326.2761416275,232105.111973299,10005.0350412757
2017-10-03,59975.8552970826,43783.1905152408,215444.557233829,10006.7142547801
2017-10-04,81646.6667508298,59799.9057038153,229199.895748559,10008.7976431052
2017-10-05,62800.9859620114,46150.4638494086,263230.704709178,10002.1069260921
2017-10-06,59427.5390897249,43818.8977535184,266799.013026556,9998.66216016395
2017-10-07,88512.7494218929,65487.7690941176,219288.459613195,10020.9842520839
2017-10-08,37697.7404717931,27987.6837718805,277812.399229215,10005.2940093121
2017-10-09,56962.7467181294,42438.1543522451,233189.095970184,9992.63912037332
2017-10-10,118625.149947663,88689.6549537374,117829.684886782,9990.08352094183
2017-10-11,36703.9063500687,27539.4870524389,290698.423864834,9991.21457187804
2017-10-12,51176.6384039357,38537.13898793,278250.754076189,9998.18469481507
2017-10-13,27981.4959588551,21147.5290982677,287948.782149243,12075.4394514604
2017-10-14,59149.9650534398,44868.4494112276,260354.457730214,9988.9997524976
2017-10-15,36881.154214407,28080.5665029663,281403.726442191,10004.3793811373
2017-10-16,48478.4278911727,37049.440453146,248935.303738476,10007.3108187323
2017-10-17,67519.7754779264,51797.989110065,208109.011252406,10002.9657090675
2017-10-18,32340.1988092389,24905.2238209827,286697.202593064,9991.27742738516
2017-10-19,33074.9997798256,25569.9915151852,290228.021983445,9990.77366351996
2017-10-20,59535.6830397842,46207.0466496498,269487.805838786,10003.0280305891
2017-10-21,38178.5717446767,29748.6937738163,293024.594579735,9992.3896869028
2017-10-22,41224.116983612,32250.3331596694,291318.809861872,10003.3863702818
2017-10-23,37952.4142307704,29810.8382906559,263721.235324993,9998.70566598682
2017-10-24,35043.7908840642,27638.5444955895,241290.102283127,10010.2063520641
2017-10-25,52996.6956931063,41970.061874161,266845.35514454,9997.75537014255
2017-10-26,59431.9914152596,47262.3489713535,267456.1607959,9990.10448193447
2017-10-27,40784.8788988744,32569.8626929509,286915.085189376,9999.54901649708
2017-10-28,47628.0449419703,38196.0820398303,283648.893967517,9991.35758527764
2017-10-29,27624.943244817,22249.2002741639,296306.938138022,10018.7052094737
2017-10-30,61888.5525529283,50060.821904219,252276.526164033,10005.3653863605
2017-10-31,43632.8194964878,35448.1286705818,249503.626798206,9998.35587185257
2017-11-01,35123.5961189894,28660.8587955311,306904.052571076,9999.93865448248
2017-11-02,51178.024783084,41947.0857400284,308504.497740175,10018.1158860296
2017-11-03,65291.3958654353,53755.1641960045,292537.115166779,10012.2300259399
2017-11-04,50669.3746028018,41905.7602691983,304788.386881345,9984.56451464057
2017-11-05,42068.8315646712,34951.8851715772,323324.67649392,9992.21475126668
2017-11-06,53568.0451635033,44711.1685799325,297336.55168581,10001.5320663581
2017-11-07,37900.2353399329,31781.2042834369,290325.565369223,10001.6238108661
2017-11-08,29744.3185638497,25059.2979939254,326062.146069743,9995.31076430853
2017-11-09,29453.251493236,24931.7538426209,314596.856447012,9996.21148976756
2017-11-10,37082.6843463975,31540.1527679366,307794.981263511,9997.09273165377
2017-11-11,29664.1967520881,25352.2589825349,313749.227430879,10003.1444516245
2017-11-12,38096.6718951356,32717.5676873369,307573.721388284,9984.29232467264
2017-11-13,50772.3152477416,43817.6786878022,267622.249820337,10006.8332272174
2017-11-14,59186.8405060881,51332.7546580042,245530.620031941,10003.5396938997
2017-11-15,27952.1883641555,24364.1292594276,325372.812808352,10018.0906243707
2017-11-16,43324.77204846,37953.8426364446,322614.132792579,10021.304337968
2017-11-17,30593.2755091817,26936.9619948663,323511.661514611,10003.6859573258
2017-11-18,33183.0535560726,29367.0960492539,346748.404098677,10003.6936872683
2017-11-19,21499.2949307056,19125.3684469578,335131.980852749,18110.7138391859
2017-11-20,47428.0252093129,42411.1996944486,296434.610586031,10004.7682670475
2017-11-21,57577.3434598856,51757.8365535597,256434.780966812,10002.2111491678
2017-11-22,23265.9580778074,21025.3643796937,302975.918127399,12475.5194038161
2017-11-23,27773.3543233485,25232.9609038813,306224.37042892,10000.548277834
2017-11-24,39192.2406802136,35799.4641091861,344021.779177755,10016.3636533294
2017-11-25,22117.7677907999,20312.9786114806,282538.86226703,13942.6836916385
2017-11-26,72688.4964808586,67123.2987794734,241108.49505105,9979.46335617254
2017-11-27,24738.5174338792,22970.795735287,323938.530045158,10002.5925513378
2017-11-28,76056.8122412922,71015.7704898851,270327.457303492,10008.3346673399
2017-11-29,39141.0817952759,36752.2087202011,355019.356755892,9978.87660389425
2017-11-30,26999.2435589248,25495.0487617574,334025.353569993,9991.64060854584
2017-12-01,21915.3526599397,20812.5893107661,373539.611688004,13686.5826907815
2017-12-02,36349.9419326547,34719.5923650689,395553.221247985,9986.62265612342
2017-12-03,38793.432492827,37268.5306053177,378220.411702724,10003.2336012263
2017-12-04,39691.228435417,38354.0971918919,369876.765580306,9982.37107866817
2017-12-05,50974.5425917009,49547.7339360349,355663.450190668,10017.7850857649
2017-12-06,38798.3500328275,37936.4861607585,431375.431219247,10000.0679589232
2017-12-07,67496.5192913358,66392.4716993166,422399.065963826,10012.2548486374
2017-12-08,28129.0070088572,27835.9329863766,436153.585522995,10018.5087437235
2017-12-09,22394.5795986002,22296.0845357352,427946.633489969,9993.7314460808
2017-12-10,27364.4467569685,27411.1422397247,374633.315537651,10002.0980875755
2017-12-11,48447.3903636138,48829.9374746185,346037.431729471,10019.1329248204
2017-12-12,36147.4745200429,36659.7656897823,360086.278908243,9988.9803581348
2017-12-13,42044.6407598519,42908.0742429613,458087.866458739,10000.4959793286
2017-12-14,40562.3686207105,41657.1090353941,484971.043760922,10002.2461127022
2017-12-15,24839.1575171218,25672.0763206845,463976.954073538,10000.8727888522
2017-12-16,25052.5918362278,26058.899161254,444776.242039073,10007.7996994789
2017-12-17,22871.1953321515,23943.7722274872,415631.280815424,10003.0676893853
2017-12-18,40831.345207454,43024.7966768991,401056.585645225,10014.7085859616
2017-12-19,18459.4843430182,19578.8572022501,392097.972681896,17915.0229764161
2017-12-20,62121.9551002018,66324.9323753069,406680.093331038,10018.6423588706
2017-12-21,37303.6103855286,40092.9368769963,414439.410392559,10017.0494773097
2017-12-22,40476.7907939834,43795.5355554406,396797.066644861,10010.2712642475
2017-12-23,42219.3961294684,45990.0732130493,393139.598491991,9983.28738518244
2017-12-24,32767.4155917192,35937.198854838,352840.979416578,10004.0123589232
2017-12-25,22746.0038988233,25117.6390294862,344570.003836282,10009.9288900757
2017-12-26,32644.8135463322,36297.8899985567,377079.052689215,10006.5063765525
2017-12-27,28340.4242396281,31731.3767049482,423176.949493132,10006.195552148
2017-12-28,32563.328114595,36715.4384949449,421135.969749583,9987.89973931487
2017-12-29,18843.7869037842,21396.7375439946,390587.516898739,12033.1593527249
2017-12-30,22247.7373469336,25441.7411020821,363207.881326739,9984.32654727182
2017-12-31,21891.9384648697,25214.424317692,314880.425671605,9992.84277234974
2018-01-01,23654.2476693144,26330.0349245156,285138.775314488,10012.0937789315
2018-01-02,19657.9342313045,21752.4214259968,323833.23949512,19245.5257473832
2018-01-03,40611.7648954357,44674.9995132205,388731.434875071,10019.2890954718
2018-01-04,20814.3942580997,22763.2863962435,387571.489289465,18073.2652090679
2018-01-05,40265.0987956214,43779.8209553,390556.368520028,9978.52275909417
2018-01-06,20185.0143116738,21820.456629405,389566.741746918,20926.8333604695
2018-01-07,29329.682270477,31524.4288908487,404050.154200665,9998.09198168183
2018-01-08,42406.9030904853,45320.7468231798,401417.212390395,10007.8551138867
2018-01-09,24989.0636680946,26555.0209020624,408799.973279992,10016.76981699
2018-01-10,21651.0790475959,22878.5188154743,424216.357039584,18441.5629420997
2018-01-11,30806.3447042013,32370.9728105202,423665.133422218,10013.3025939791
2018-01-12,47447.6260492391,49580.7181724727,430423.84353811,9984.92044419808
2018-01-13,31861.0693537501,33109.8287988332,433358.179275689,10003.1067764672
2018-01-14,22549.7699788686,23305.1808383966,413684.160737263,16935.3315757949
2018-01-15,30374.302300137,31220.9382740104,373605.205042198,9986.37714030238
2018-01-16,37380.705509552,38214.8280177475,349429.77759028,9979.54286741508
2018-01-17,43706.2583773095,44441.4590980578,390396.27663787,9991.1498363722
2018-01-18,21250.3950942125,21492.5246793013,373259.310419345,21439.6029995786
2018-01-19,39204.4237623003,39440.8907659881,369133.766945715,9999.52691466643
2018-01-20,71311.4083863159,71363.6950116391,355236.767172677,9998.22029453931
2018-01-21,38458.8353199665,38285.6977421518,421215.557849369,9990.68717487949
2018-01-22,43263.741954271,42845.1905667163,417445.435463054,9983.24742026325
2018-01-23,112610.88499844,110945.925362228,278278.310739234,9977.72460995009
2018-01-24,56222.9868541382,55107.8284164742,411724.888124467,9997.75939817189
2018-01-25,31889.8614623008,31098.2402113257,383473.172576264,9998.54093151104
2018-01-26,39045.2364599132,37883.5284017853,393215.316024373,10012.3304196189
2018-01-27,46819.8487381354,45198.8020928624,393456.718228657,10016.8522938793
2018-01-28,35420.8726868738,34024.0561368152,387367.396764403,10000.524428377
2018-01-29,37749.2189882621,36081.1234905173,353166.124624635,9997.96068870816
2018-01-30,43706.4597483991,41569.8338844345,317202.936202117,10007.123681825
2018-01-31,50448.0422200951,47747.7447845859,376892.654795231,9983.86625463826
2018-02-01,56859.750171192,53555.57363232,365546.279423673,10010.2845882719
2018-02-02,35082.3246388613,32884.7503556525,355241.553432683,10005.9783487391
2018-02-03,42357.4557764077,39514.6163799978,404504.906911037,9997.73412418561
2018-02-04,34442.4632668294,31978.5721055996,393864.401963398,10017.5111596335
2018-02-05,44345.2486181809,40979.2629321104,345878.739840141,10004.2800931527
2018-02-06,29389.9701274356,27032.3364820347,333924.998436183,9974.58790559778
2018-02-07,56197.368170843,51449.7177811763,349930.933880383,9988.42897108882
2018-02-08,36976.9481979364,33697.3566105487,399881.265189702,10012.0823133667
2018-02-09,31066.6667316525,28182.0335848158,431569.891133475,10001.3368495277
2018-02-10,25876.1711804143,23367.1484455058,422019.74249835,16892.8148485867
2018-02-11,66763.8097908776,60019.1662801875,389299.315340554,10002.4680026694
2018-02-12,52041.5567231652,46575.4827338312,350197.460385267,9999.195365121
2018-02-13,48278.2734958815,43016.2084954261,311533.901071555,10009.0081971038
2018-02-14,65298.2477663031,57925.5666757783,314460.270727744,9996.92207751254
2018-02-15,39172.5039203789,34598.1992994434,360602.360768087,10015.1850453579
2018-02-16,42286.3950660637,37187.0082071337,341039.426030251,10004.5971493062
2018-02-17,64902.4125634341,56830.9379972804,291327.889864442,10018.8155953653
2018-02-18,57528.3911870137,50159.6609095219,276370.96984194,10020.7593853818
2018-02-19,57047.7749396431,49530.6930787308,282014.758764387,9999.96491934084
2018-02-20,62760.514623565,54262.5819473707,294700.557276071,9986.73394113923
2018-02-21,65008.4009252972,55972.7463837139,312985.208908812,10007.2190552116
2018-02-22,46997.3670083607,40298.4855829651,361516.931114162,10000.2213242861
2018-02-23,45738.2438073155,39058.6849532318,365016.572618749,10007.6335973161
2018-02-24,41048.2014577946,34911.6236511603,361735.871657583,10001.7174450697
2018-02-25,61980.0493483375,52502.5553034823,329540.848896492,9995.85117393735
2018-02-26,46102.091377476,38897.0411072126,317972.278952734,10009.8543718112
2018-02-27,51222.1375669861,43046.3008882382,271760.574467539,10000.7547488429
2018-02-28,44308.7331737566,37090.6492999811,312723.320780586,9993.06137396512
2018-03-01,49495.8576684286,41272.0140989201,334547.338627554,9994.1123709625
2018-03-02,93044.7972905627,77286.8008440988,270018.45541217,10004.5718875504
2018-03-03,36933.1945575638,30561.2587752318,349369.234381284,9995.06430113291
2018-03-04,46656.1076321642,38460.8320264058,326412.755068703,9993.19260036755
2018-03-05,32851.5112314079,26979.6298966078,295871.441658501,10008.1927939895
2018-03-06,49531.2448457467,40527.0487291456,305563.020882,10005.2812903727
2018-03-07,33745.0744319152,27509.0657697353,354261.214704711,10011.3269470029
2018-03-08,55208.3196816645,44841.9293531864,332169.547122391,10002.5327215237
2018-03-09,54624.6410863252,44207.6307423669,333200.387094262,9993.95674837091
2018-03-10,45049.3813948409,36327.9515559848,337482.278019014,9996.67654331744
2018-03-11,81068.4522581518,65142.1254900757,315248.09957801,9992.16553306086
2018-03-12,33807.7969394264,27070.6939775929,307291.504975869,10009.6376934813
2018-03-13,46087.6597616106,36775.1233484552,257606.121093063,10000.1956918947
2018-03-14,29210.137483734,23227.6094333336,330433.027460589,15742.3634557037
2018-03-15,35813.6161742515,28381.475350774,339329.873846808,10001.6806938232
2018-03-16,47575.553104905,37575.1691402973,313100.877627404,9997.62934619819
2018-03-17,63612.4512240066,50073.0378647026,287617.007637036,9996.69922148586
2018-03-18,35191.775929283,27609.725549174,281750.638312409,10006.5948274857
2018-03-19,36909.9857913051,28862.7857164083,259056.860883706,10008.54237939
2018-03-20,44102.8819455133,34375.5093929456,261907.14149923,9999.87363354626
2018-03-21,48203.8909278015,37451.2568892356,279354.684468344,10015.483848512
2018-03-22,57466.6339866741,44505.7881001301,272738.235717194,9996.71350324044
2018-03-23,39202.785440886,30265.5366676543,292912.704606244,10016.1320015253
2018-03-24,54693.5214450175,42093.2366817495,308238.773441115,10023.0917673433
2018-03-25,92881.7089194627,71263.288240062,277416.199903578,9996.93645346378
2018-03-26,67408.7834800048,51561.5067201809,284033.483215863,10015.3594444944
2018-03-27,43569.3448813893,33225.9796343373,305907.568458963,10001.3446615561
2018-03-28,33763.1142960071,25670.9005005061,343944.808926003,10187.4936956669
2018-03-29,71770.9532310604,54408.0704882171,309980.626986507,9992.05499690477
2018-03-30,117298.718221869,88662.1031240156,239237.34013092,9982.13896547859
2018-03-31,44253.7763618202,33353.3437279799,340940.542465332,9996.95660756722
2018-04-01,69859.7774869717,52501.8526782319,294224.903953066,10003.3307372324
2018-04-02,61895.0368718988,46384.8050293802,270357.449792127,10002.9139571119
2018-04-03,79665.1329985669,59535.3271830179,228736.332480223,9992.73733476388
2018-04-04,55677.5898051892,41494.2088649205,273837.452253005,9988.2331812246
2018-04-05,48918.8845557205,36357.8542318124,299288.213685082,10005.9659171277
2018-04-06,52288.7846767101,38757.7805334613,303404.92389206,10025.182140825
2018-04-07,38045.1162493613,28124.9602877066,293739.721407555,10010.4865267017
2018-04-08,54331.9499998628,40059.4448195693,270252.726759647,9987.08736480717
2018-04-09,68865.0205709917,50642.9399044284,217730.589633801,10010.6177186965
2018-04-10,42240.2478318851,30983.5534084009,235126.657211586,10013.8472774662
2018-04-11,94028.1755517824,68795.6918440401,205578.461735363,10000.2702791034
2018-04-12,39141.8005249304,28566.4589422456,283610.456856492,9988.82365912043
2018-04-13,30892.992532903,22490.6423519073,288960.723224876,16594.5807957356
2018-04-14,69171.0890402366,50235.0269881528,252942.848811169,9989.97476221133
2018-04-15,71633.646905444,51898.295533523,239902.82029699,9991.8059702736
2018-04-16,53731.4790488402,38835.8377392811,239501.447545036,9997.05934438436
2018-04-17,50933.247743511,36727.1246205216,237749.001994045,10011.4983176389
2018-04-18,60869.8711828015,43790.8554001786,260844.949449077,9972.10806450917
2018-04-19,65736.66435023,47184.3515458042,268266.736360112,9992.8538098482
2018-04-20,36250.9157429624,25961.6547673712,284273.423777979,10000.0109766707
2018-04-21,56573.1423052561,40425.9760688131,264159.711378616,10009.5837922998
2018-04-22,56794.6582009455,40495.6407267875,255070.360141668,9997.58063005622
2018-04-23,45288.5616277668,32222.0833534613,238151.214370782,10004.6205421928
2018-04-24,54146.8575612921,38442.9200542206,213560.060537617,10004.4155036153
2018-04-25,57879.9904651958,41007.4993815914,263880.064938784,9990.21768168988
2018-04-26,44522.279534589,31478.7617842211,282610.679425441,10015.0975314793
2018-04-27,31204.2931628784,22017.7879573527,286764.824092988,17600.2154560725
2018-04-28,45516.8508465148,32052.6756180503,273840.883532709,10008.7592250001
2018-04-29,58604.2995245392,41187.7389645473,252574.884571443,10015.7982450425
2018-04-30,31605.2084772,22169.5640997891,251263.657735298,16342.0035164917
2018-05-01,58879.7348895585,41222.8468202115,212310.069664083,9999.41359928155
2018-05-02,39973.8463961662,27934.1408188348,275628.451148915,9990.8925407207
2018-05-03,45486.1368869986,31727.7494927257,285801.531936644,9995.97714175137
2018-05-04,78657.5171594041,54766.4840342286,250454.876818889,10002.051030907
2018-05-05,88872.3214132822,61768.7949821673,233311.684684835,10001.5323597009
2018-05-06,78245.8438515212,54288.1963691691,233611.041072189,10006.6231295901
2018-05-07,57653.8136904627,39932.5684504229,228162.68949158,9995.90767807994
2018-05-08,84646.1275687644,58529.5110922978,173240.592976207,10006.0566824318
2018-05-09,61633.0429164115,42546.4691506852,250722.750097384,10002.4997374328
2018-05-10,96052.7354957179,66199.5852835262,209660.909428925,10006.2439439123
2018-05-11,81713.7002529099,56227.5961171261,251737.104059214,10007.5032158124
2018-05-12,73435.0466104476,50452.2574602467,287172.599072815,9985.0039025028
2018-05-13,56705.4683921754,38898.981370785,293700.106953168,10008.3550308731
2018-05-14,62975.9271609318,43135.7519758884,237528.778825184,9999.49947490366
2018-05-15,64160.1798857934,43882.4978578218,212302.221246112,10010.2970048399
2018-05-16,48783.1522665163,33317.4710102133,270805.865338051,10001.3978417642
2018-05-17,40192.6900741896,27411.8956706199,290876.019155308,9989.63302177592
2018-05-18,74853.434777663,50980.8384081633,245049.689152069,10025.5133358993
2018-05-19,48891.2045299563,33253.9031345029,274789.963889617,10022.0175723977
2018-05-20,65026.8418615975,44170.7323244919,252632.32355316,10003.1085275047
2018-05-21,55621.6810034907,37733.7077651122,248247.102336961,9995.29560284141
2018-05-22,71070.212203048,48153.7147684106,238477.741398202,9999.40154547007
2018-05-23,58151.8629348921,39352.8324873689,291380.155756967,10000.8925305772
2018-05-24,45624.9863387369,30838.8839697975,297577.644254186,10001.3223449674
2018-05-25,70109.2447608016,47333.4419661007,290425.126712305,10001.8277480899
2018-05-26,93924.533312101,63340.5862037149,249573.539556575,10004.8170033904
2018-05-27,62525.4506622399,42119.5218835039,260515.227594557,10019.6280304205
2018-05-28,35881.3995649034,24145.3148343845,259016.482856352,12805.0489032279
2018-05-29,68544.1385384428,46076.9830770507,252592.391304024,9993.34339040361
2018-05-30,54946.9024355191,36899.4976564269,304389.941393226,10014.3121743676
2018-05-31,39831.4840655299,26722.7135971942,378741.757607395,10006.9906173313
2018-06-01,58592.1244927243,39272.0381867824,356528.979718855,9995.57771684338
2018-06-02,78729.4953682312,52721.1749493882,286509.973194439,10007.5055203333
2018-06-03,73080.5810523865,48895.2087037253,271427.64992931,9993.5451031437
2018-06-04,57439.3124847937,38397.5506600984,292313.860393671,9987.7288236692
2018-06-05,84567.3131767814,56485.9020633165,261034.783001822,10002.8856464957
2018-06-06,47618.7165908182,31781.3055492794,346395.2471987,10011.2894245493
2018-06-07,77495.7229184988,51682.2665349156,330967.790041127,10007.3080394168
2018-06-08,62169.5888860585,41430.9447006359,371503.286499345,10010.8268064796
2018-06-09,51005.634561855,33967.3187289328,376395.75409259,9993.93939198961
2018-06-10,72327.9081947353,48134.7288513818,316803.593855304,10001.6470947071
2018-06-11,59952.4464785566,39873.3096802884,292700.791108057,9998.79441276736
2018-06-12,61634.3276966378,40966.9868670255,256742.613889468,9993.88715607127
2018-06-13,78400.7590017473,52081.1828273273,255971.517929349,9997.73720460182
2018-06-14,71491.8877146735,47465.6872145487,262151.883173554,9986.19084471339
2018-06-15,51430.832308331,34128.8942540065,273707.107523237,9990.37873750155
2018-06-16,88486.5177431528,58690.0720496057,251119.923100951,10004.9439891667
2018-06-17,47610.4833090421,31564.0130515942,314839.993530026,9995.48907034784
2018-06-18,77514.4278059427,51367.3859048842,257969.705468246,10007.6505023748
2018-06-19,121949.998653162,80782.1152672818,168735.489334681,9994.52733319135
2018-06-20,58822.468836518,38950.9786961529,298198.92495823,10004.553501545
2018-06-21,106062.202663995,70208.6583412487,284837.110964451,9984.91972111984
2018-06-22,43783.5880769006,28974.0686605152,337371.142122291,10000.4765757696
2018-06-23,75179.0978296446,49736.6517481647,294950.254091717,10009.694827912
2018-06-24,67498.4812090369,44644.4966036334,276401.761016084,9990.95694518752
2018-06-25,59033.1246012044,39037.0855562257,254768.7057821,10016.0658528027
2018-06-26,69878.5271260132,46200.4531026177,230594.035127163,10003.0462406468
2018-06-27,79125.8060459122,52306.3849246301,283754.592919778,10006.4229638862
2018-06-28,47452.7177304868,31364.9719150124,340895.953036951,10016.3696200441
2018-06-29,42592.3809962664,28149.8556694175,322019.582764558,9993.65330952708
2018-06-30,48369.1476170708,31965.8543208981,326958.221914555,10000.2701291348
2018-07-01,51788.4773657017,34224.5572366574,326481.681593189,10020.2340587586
2018-07-02,46380.4492546433,30650.6470342511,303523.650982161,9992.61787874488
2018-07-03,37334.0244458288,24673.0415035683,314107.106668974,12242.4739769393
2018-07-04,68090.3533272735,45001.7954809902,271451.698244449,9981.81286417564
2018-07-05,63301.6920658235,41840.718272322,320069.423893586,9999.52306568257
2018-07-06,50175.9474068574,33168.981779449,353215.8875786,10004.7094010276
2018-07-07,94019.3700211097,62161.2628950349,313312.008122838,9994.57103551647
2018-07-08,44681.147282656,29546.4924312642,335929.406534921,10003.6954189479
2018-07-09,68475.5952851362,45290.7743460419,295094.331586539,9999.44503749559
2018-07-10,50711.4889654791,33549.4803625107,324293.838553724,10014.7594302427
2018-07-11,45973.2657339644,30423.1018157863,370587.031307933,10000.1054928968
2018-07-12,60612.414330509,40122.8352993043,372039.758734039,10013.0086214004
2018-07-13,73695.619678522,48799.6605527687,336358.970368966,10014.6814887105
2018-07-14,93112.7246792808,61679.7289132016,285284.505127577,10000.4131194107
2018-07-15,80119.2147788721,53093.5303327764,296718.64383915,9995.54959923617
2018-07-16,54616.6082957603,36208.8182531385,304804.565989916,9996.37421043282
2018-07-17,57629.0052643185,38223.3424636227,309663.113590308,9995.56046974264
2018-07-18,67829.1629516062,45010.6332294015,376184.61366712,10012.6433449017
2018-07-19,55327.1847333352,36733.438281768,394885.015195724,9990.14901599935
2018-07-20,82412.9748649925,54746.4752374648,383895.260391806,9979.51901654349
2018-07-21,78874.5296231872,52426.1712583294,412861.89666229,10001.5162029009
2018-07-22,65497.6417624696,43561.3207920989,415453.323433126,10004.3230128073
2018-07-23,76036.0413413439,50602.5173995624,342399.538608844,9989.83600193016
2018-07-24,61969.3943190794,41268.6595580418,336804.575212565,9998.25636725122
2018-07-25,85563.3052469849,57020.9427408071,348890.170740814,9996.66029545586
2018-07-26,53315.1794384958,35556.1469759442,384082.774416371,9979.09596341839
2018-07-27,114623.032527929,76500.7938172259,307279.163640027,10013.3077639225
2018-07-28,50136.5126999364,33488.1887549714,405069.053391904,10012.0915865166
2018-07-29,49201.1694262305,32890.4423443424,403389.439385817,10009.19146214
2018-07-30,69044.9843620994,46195.1570679262,343679.681582752,9993.29540053188
2018-07-31,84326.5205377615,56469.2206059594,307689.508812528,9996.27140885904
2018-08-01,62270.8948923421,41737.7759094713,373436.417507612,9998.36979836819
2018-08-02,46086.4441274761,30919.1303318126,397279.113731082,9984.25020557314
2018-08-03,48240.6951181831,32395.9556873424,366505.332217182,9993.74251033373
2018-08-04,57607.5065088718,38725.1216386894,366493.843023851,9985.97176906177
2018-08-05,28734.6939133101,19336.152982315,375936.690365941,28392.633698308
2018-08-06,43624.0155510963,29386.7962276098,352459.20356781,9998.55198809694
2018-08-07,64525.3319950408,43514.4281204391,322900.522172368,9993.91821661341
2018-08-08,83571.2666964431,56422.1696540265,338312.724536533,10000.2537923188
2018-08-09,55226.2681913027,37328.5914913361,359713.376925591,10011.9078453927
2018-08-10,64639.7384341454,43743.3414897524,326172.326025265,9986.0822089384
2018-08-11,34868.1588019982,23624.9663734514,327299.048046075,14744.9485046884
2018-08-12,36885.6513620775,25023.1989417058,322890.291153618,11546.6537099455
2018-08-13,53905.3542375775,36616.2480711078,299818.90673637,9991.64599383166
2018-08-14,72765.1642774279,49492.0456084321,248390.471155768,9996.92457576097
2018-08-15,45134.3568236785,30739.9033687492,311109.880220998,10004.6906207842
2018-08-16,71926.9533270281,49055.0430156992,303046.94597373,9998.39383312209
2018-08-17,53374.7294176706,36453.3843638435,323358.808710146,10018.4078860444
2018-08-18,53032.0392204015,36271.3812777275,344879.830780363,10004.2139201015
2018-08-19,30184.4105108403,20674.9992263987,348631.635350412,22985.6217524882
2018-08-20,44597.9846349279,30593.4546116543,321803.796665953,9997.67404132853
2018-08-21,65804.1747797833,45209.6011535229,284519.894395592,10014.1860416315
2018-08-22,42375.4013719365,29158.720585016,322107.02890802,10002.6901872879
2018-08-23,59228.8241387039,40820.530249114,306399.274028428,10010.1731317172
2018-08-24,58082.7406288943,40095.6275306095,340083.548558887,10005.1678863719
2018-08-25,51472.0508610554,35590.9249288228,354075.179887128,9998.07825787134
2018-08-26,54306.578083798,37614.1838297548,325670.78814026,9986.14464076143
2018-08-27,50006.8856023019,34695.5632626302,290525.224666461,10008.7397908762
2018-08-28,90874.7675932398,63160.5521185364,215175.170651536,10001.2034360409
2018-08-29,49670.4416066045,34583.7949818374,298167.172701685,9989.30318554389
2018-08-30,65530.8772698567,45709.4710685543,289099.25404252,10016.5238809524
2018-08-31,54136.7719570487,37831.3409307138,320067.769834896,10000.13219049
2018-09-01,100769.148461026,70550.4394509202,304196.619452343,10000.8421208486
2018-09-02,54030.693072285,37899.9845638155,380767.737674853,9993.35437954293
2018-09-03,39862.0209409755,28015.4617739052,350325.643132974,10014.7343789668
2018-09-04,62179.70367404,43786.5501418603,274491.893002353,9993.47524992974
2018-09-05,36800.5240072721,25966.495381972,251398.600106522,9990.98688846248
2018-09-06,73487.8111372236,51958.375110495,239802.67794481,10001.3575389034
2018-09-07,60097.4456568253,42578.5482305737,263795.043035602,9995.37766107863
2018-09-08,49753.380088872,35323.6604916304,278753.068206483,10003.0532389828
2018-09-09,65721.8380284479,46760.0309433753,264704.371422911,10002.0027456121
2018-09-10,46951.2461661937,33477.1060632861,260474.802357979,9989.53009177653
2018-09-11,46167.1893198811,32990.1012133893,252124.50699541,9993.82898976551
2018-09-12,44635.2335370505,31966.2138128154,303030.813520951,9986.34005471079
2018-09-13,64505.2897141589,46300.497546103,303010.463560138,10009.799604839
2018-09-14,30436.3051524956,21896.4129864173,305379.692296092,18355.0093401602
2018-09-15,74365.8985000774,53624.0224751301,241311.516769007,9994.5696465258
2018-09-16,33925.9610859274,24520.879439865,267103.638628339,12201.0440794205
2018-09-17,46222.5385419118,33488.0474356456,233555.223654389,10001.46255841
2018-09-18,87596.7312666921,63616.522745457,169927.584544762,9978.90151643773
2018-09-19,49451.6820381649,36001.6949874973,271577.751959107,9989.91574367595
2018-09-20,61546.3061554225,44917.7095651473,269897.066644134,10000.306388476
2018-09-21,65391.0208583726,47843.3245560779,270421.704881664,10000.3331236293
2018-09-22,43966.6293410407,32249.867799005,293336.084583627,10003.7648641531
2018-09-23,71211.9683236855,52368.871778303,244984.775646353,9991.55879794997
2018-09-24,51527.0149688579,37991.3405071472,235646.515156122,10000.1246889698
2018-09-25,54141.8062885614,40024.4841358858,230347.860084435,9999.36172841644
2018-09-26,34878.937618431,25853.1579537275,290909.969598982,9993.23326965904
2018-09-27,61933.1599603885,46030.4199984464,265745.761052244,9993.70045693895
2018-09-28,70043.5721187247,52200.5823403765,249778.1555257,9995.37808542895
2018-09-29,41187.1937874386,30780.0033162517,280699.093617568,10022.3208123497
2018-09-30,75384.7667664656,56494.1534146715,231704.155171667,9984.13833571661
2018-10-01,58054.2131936072,43629.5942827738,237139.002469522,10002.401603654
2018-10-02,51660.6474961359,38935.7807356569,237568.431283946,9998.32751003754
2018-10-03,36986.594696832,27956.9062895804,288175.392740116,9982.20897487409
2018-10-04,33058.1836342232,25060.7230977231,286045.971695115,11291.3305294565
2018-10-05,36524.8151254694,27770.6874628029,279739.197416855,9995.17139536274
2018-10-06,63221.6601276167,48212.8339906819,258218.058678446,10001.3584558031
2018-10-07,55763.0507217781,42653.5944738064,264981.253947969,10011.1066309563
2018-10-08,74504.7248800558,57163.5873859485,208939.582321053,9997.35015140676
2018-10-09,48331.8662831602,37197.1786233023,229967.252762849,9999.49568827365
2018-10-10,60815.6322166877,46951.1981386174,260029.005237751,10002.1171300981
2018-10-11,53745.8348071676,41624.1663944869,270689.974107127,10012.4695205111
2018-10-12,62820.4593779487,48807.3704586869,257824.581971568,9988.49860925106
2018-10-13,42577.0492517166,33186.2157734838,279776.734765527,9988.36936557878
2018-10-14,41279.323654502,32279.5104797581,270801.423148436,10010.0521655523
2018-10-15,42695.7555961828,33496.9765803813,244045.749648427,9991.90328578918
2018-10-16,36506.6963744155,28736.5312088688,241396.911940179,9999.1003370003
2018-10-17,48276.5758595121,38128.8368720728,265329.641245732,10003.1191056499
2018-10-18,49613.24339596,39317.3657098261,271512.66337464,9994.39020518088
2018-10-19,50801.3204267644,40396.702351285,279408.507314173,9999.2608801466
2018-10-20,74336.2729331115,59315.7825873532,272030.629130024,9994.96043092718
2018-10-21,21855.8086985934,17500.4573640956,300240.994577198,29974.9220001153
2018-10-22,36410.812574596,29257.7156200913,271306.932461124,10011.9459540147
2018-10-23,62864.3533101165,50693.9964753824,230509.910798224,10001.8409121456
2018-10-24,51406.7702905596,41603.4132850651,275696.669619984,9992.89474834994
2018-10-25,52274.7524743021,42459.1940295272,278988.335738169,10010.9534066971
2018-10-26,47656.3870777316,38849.6012689008,276838.804379553,10009.5954388147
2018-10-27,55217.3590523709,45179.4944378897,273319.423907933,10019.8814976816
2018-10-28,64034.8258890558,52589.2367876437,285975.403539004,10006.5186091986
2018-10-29,31861.975134649,26265.3302188126,291921.460395864,9981.55146797172
2018-10-30,33074.4651246585,27368.2604398503,284988.041984835,9991.62548205167
2018-10-31,40712.4638079155,33817.4317513838,311241.693785022,10002.6500004296
2018-11-01,36208.8408911615,30192.6638341453,316033.771775827,9999.11613008042
2018-11-02,54883.889199612,45943.0667660688,288228.70100826,10008.1923926193
2018-11-03,24735.3324689005,20787.1950410981,301662.763148138,20948.4175440609
2018-11-04,49429.5820919004,41704.4960238039,280408.443077432,9996.24760104335
2018-11-05,36112.2743726196,30590.273843237,286908.404907744,9994.40384421709
2018-11-06,30433.1555285173,25883.4939070656,264624.105244139,9998.82106868198
2018-11-07,46255.144221649,39500.0978443936,295814.714855112,9992.94383363959
2018-11-08,60124.7858975433,51554.7566151945,277015.000491665,9992.74848043585
2018-11-09,34661.4700608281,29843.7993457313,301823.386605489,10004.8354494943
2018-11-10,58945.0079906283,50963.7045786576,291851.504854125,9992.82705542467
2018-11-11,67429.9090862109,58544.7922343934,298414.218800856,9991.67287302285
2018-11-12,55547.7024864065,48432.6758237265,275668.053088596,10002.6572738531
2018-11-13,49240.4276396178,43116.7283251854,252704.34173504,10006.4910614575
2018-11-14,53727.3663059208,47248.2936567319,268810.092562817,10017.6747251273
2018-11-15,30605.6418841124,27031.718466254,293780.76834616,9989.71286111281
2018-11-16,28818.6175337871,25564.7710093469,300338.103323709,10374.5727101078
2018-11-17,45538.6175849729,40575.1599380575,328479.74354722,10002.5396930562
2018-11-18,47025.2333949368,42086.0382346197,334762.953727592,10004.9975166601
2018-11-19,23266.7077782801,20916.2479988961,308061.893366127,20861.3741291379
2018-11-20,57168.4300741851,51625.2262603333,233516.380007592,10017.8231397048
2018-11-21,65262.6212245814,59202.7911803729,265185.272105034,10007.8336677747
2018-11-22,57417.6702281844,52325.1323789341,284298.673192577,10005.9621619733
2018-11-23,56017.1543874509,51284.7287683881,284378.222775528,10009.0931148566
2018-11-24,43964.6458148749,40437.8464431219,263109.225612657,9996.78406432247
2018-11-25,49697.955890848,45925.6778369828,254495.044365487,10009.3652696657
2018-11-26,50551.2249583768,46934.9703543039,247708.216288718,9977.94994570064
2018-11-27,29730.6394434495,27735.2544152162,263543.088682803,9982.77048012502
2018-11-28,38637.4901399543,36217.2185196056,303593.511752419,10001.4002125476
2018-11-29,45578.269808747,42929.6712951936,324149.394610192,10003.255708628
2018-11-30,57667.7675939332,54581.0249158713,336866.190854756,9992.15946389124
2018-12-01,35620.5599377548,33879.2198683456,360086.643479294,10001.3230799818
2018-12-02,57219.8665689049,54691.3850701266,336368.007837152,10008.0442182873
2018-12-03,45421.6174405695,43630.4230921894,316593.99845439,9999.61340100999
2018-12-04,34257.4323160293,33071.3350254942,299502.563903487,9992.47432123483
2018-12-05,44709.0008816827,43378.7795460168,316727.714004401,10014.0846366723
2018-12-06,50698.7374180193,49440.2121031585,316525.927530567,9985.02721039996
2018-12-07,65335.5237116411,64039.6220773993,314152.824848887,10006.9023869081
2018-12-08,26815.2861597004,26418.8203199194,372900.842883658,10009.3751619123
2018-12-09,27024.6388232156,26763.1912561148,369967.987760078,9993.99758775591
2018-12-10,35537.5767665464,35377.5903834026,350057.566960764,9995.3668759385
2018-12-11,31023.1074033066,31045.8540244976,356745.078429526,9997.30432429941
2018-12-12,41109.5448107964,41357.5028204159,376233.351399945,9988.30689575462
2018-12-13,40706.2451530011,41170.0570588843,354076.244837093,10017.0315165953
2018-12-14,45838.3712021168,46609.4370585165,325014.385581492,9977.80800900506
2018-12-15,43700.9689142743,44676.1233771036,320394.716362536,9995.2784534679
2018-12-16,36451.6527829442,37467.6853570666,338441.908057026,10006.5548627031
2018-12-17,49749.2937317147,51415.8808753532,329823.097326524,10005.2020044962
2018-12-18,39009.3781048946,40538.3076211781,326041.116156083,10014.4788678236
2018-12-19,38854.647312385,40601.4268466668,360770.727645188,9992.70284754243
2018-12-20,30358.9638451508,31900.8698572706,343938.581507541,9978.50841276505
2018-12-21,48455.0400731552,51202.0460311116,306541.364343045,9986.19707576742
2018-12-22,54147.0731392022,57540.2375253002,300487.866718604,9998.22868869619
2018-12-23,31708.0977230791,33886.8100338771,316097.379555166,10017.1535125337
2018-12-24,38399.326893931,41272.7570302621,290430.938934606,9995.44126098553
2018-12-25,37469.4088448509,40505.2777275299,282777.724298346,9991.66204329074
2018-12-26,38214.3606960371,41550.0748597614,285890.107977766,10004.7006003761
2018-12-27,42446.379310105,46420.7161994883,327368.09201843,9994.55556922631
2018-12-28,43079.5476297698,47389.6855835986,339737.399639965,9988.02051713341
2018-12-29,41737.6452226266,46184.6518321101,345119.241890109,10028.8544073703
2018-12-30,42452.7818418805,47255.0741907386,304540.656010914,10013.5700066834
2018-12-31,36465.2567063101,40832.8465956485,281609.711294557,9988.41479400719
2019-01-01,45472.9020069512,49625.958443589,273221.714579598,9999.21793416659
2019-01-02,47451.6458029503,51522.824143786,336169.648369793,10016.5059908561
2019-01-03,60707.5898321676,65583.5630082714,395666.156467241,9985.14632664851
2019-01-04,62763.2097413442,67464.038285398,383924.285281201,10004.0354581085
2019-01-05,39021.4863739938,41734.743405836,358267.587413998,10007.9290853462
2019-01-06,33724.4590201781,35890.3177240105,332011.320149954,10018.2870375443
2019-01-07,61404.169526788,65024.9766782335,261119.894479153,9997.57104956931
2019-01-08,41955.2307173997,44210.9846400458,300099.257647808,9994.24547998866
2019-01-09,40641.0087353387,42616.916053564,344097.411877277,10012.4583858111
2019-01-10,49069.6409910223,51205.3877363403,334095.669803279,9998.68075031054
2019-01-11,49873.9554459412,51793.3063485287,336505.123924895,10023.7801769895
2019-01-12,38761.6682662668,40060.0205669035,336936.686267766,9998.68829959932
2019-01-13,41892.2477017679,43088.6737114915,411520.580043382,9992.16452879838
2019-01-14,46698.5965454255,47804.1886385553,368920.506128934,10016.9405117467
2019-01-15,34587.550797374,35239.2392651292,356425.567302565,10010.5042408894
2019-01-16,34892.7829379464,35383.344119584,380303.149168105,10006.5944320907
2019-01-17,68039.0451628359,68673.6324074546,293934.336328117,10006.6660873073
2019-01-18,38914.4200457613,39095.1540619179,365402.212881003,9983.52595815068
2019-01-19,37925.5336050216,37925.967152444,394076.686766855,10007.0651462719
2019-01-20,53295.1525228251,53051.4596545638,370130.358961726,10014.3954405419
2019-01-21,38909.9934009201,38555.6063572468,346348.572935298,10000.9647084352
2019-01-22,56005.6109932406,55244.2120541171,312841.786207784,9978.48285072281
2019-01-23,32144.3586873406,31564.6520471688,333777.898443823,10005.7465428805
2019-01-24,38533.0787835013,37668.9141425071,334066.904136981,10025.7141258964
2019-01-25,27475.5821003459,26740.0131524379,347065.224712212,15593.7942712422
2019-01-26,49894.2314076372,48343.9984210046,324745.598214776,10001.7749717145
2019-01-27,62788.1037105972,60570.2439941989,293564.401126658,9983.35061424398
2019-01-28,46821.8637455999,44971.0063922674,315412.737128259,10000.9447136624
2019-01-29,49203.8964400638,47054.1143105632,314225.925349782,10005.9449851918
2019-01-30,48919.3287941309,46580.5974229677,344240.715410695,10023.1721652873
2019-01-31,49078.34565833,46532.1598761691,308296.898249317,10013.8470258034
2019-02-01,29355.4364197793,27714.2326534434,303728.75178453,13080.7794175813
2019-02-02,64891.2386704623,61004.7573586344,277813.988278013,10017.4863488
2019-02-03,32674.7942483147,30589.0605436969,327275.60464663,9996.26256800268
2019-02-04,53024.5406764058,49433.1353980482,290793.153320126,10005.7099732087
2019-02-05,62696.5181546132,58208.3070501561,261047.09487229,9984.51919842331
2019-02-06,49885.0399391793,46123.7406909275,331122.234949909,10007.9128812421
2019-02-07,64569.9852895182,59457.945240601,316730.45222948,10007.1750580828
2019-02-08,61712.8375043289,56596.8297625992,337515.83981671,10002.8920981677
2019-02-09,111476.467722045,101823.857818375,262583.810382728,10000.0128854139
2019-02-10,58419.2856308521,53147.7317975663,351639.857200042,10013.5981441641
2019-02-11,43488.0512458785,39406.9641011085,366929.411057483,9990.62459139078
2019-02-12,73168.1143696314,66040.7253100446,341337.560270537,9986.80397776581
2019-02-13,60926.2215910239,54776.4099761246,361501.135336207,9993.36673545717
2019-02-14,34749.3081604778,31120.5486343122,358364.552882868,9996.56992681684
2019-02-15,30151.2343284921,26898.6423786095,331573.567857514,15012.3943026669
2019-02-16,42554.2617561419,37818.5552522496,317925.263939931,10001.7465738194
2019-02-17,52459.5695419425,46444.6435766512,301397.438869103,10012.9984908173
2019-02-18,47365.1793901918,41776.4537354628,288247.03072846,10002.3497003912
2019-02-19,42013.9999409054,36918.1837616954,303268.661458202,9990.29667382692
2019-02-20,60934.150730063,53344.962377152,321883.550724877,10010.4048427514
2019-02-21,55289.4422513517,48225.1579467777,331151.668339273,9993.25224986914
2019-02-22,70043.3996983433,60870.9268081674,281576.789786877,10005.8050443514
2019-02-23,101016.860229621,87470.2283440349,220221.171618909,10027.5443939087
2019-02-24,49389.3531722556,42612.3889725597,298727.118686204,9987.37138588835
2019-02-25,115526.731521413,99319.2964124081,217852.517957638,10006.5314716138
2019-02-26,54502.6893529237,46690.6735488613,294694.984335427,9981.70658162859
2019-02-27,56695.9626891525,48399.1634688048,306867.176198014,9993.768794265
2019-02-28,36633.0521207587,31163.3973177026,684417.831773862,9996.89822687238
2019-03-01,45336.4172626797,38434.1533006455,286343.058595372,9993.08444475488
2019-03-02,65942.743859387,55711.9065139076,281191.167182345,10018.1348339459
2019-03-03,43731.7263342867,36821.4570862507,278303.095514491,10004.0456339637
2019-03-04,49849.232928308,41831.0365571311,291331.067262207,10012.456784201
2019-03-05,99584.9692698553,83287.9539430632,283167.912923712,10000.8990324442
2019-03-06,81791.8180355035,68180.3095041967,294619.553334071,10008.0245099537
2019-03-07,53973.9707341872,44844.2366519875,287481.980431232,10006.7078077997
2019-03-08,65482.2178240188,54228.9577322878,261739.594273038,9991.24423566677
2019-03-09,43941.1684927574,36272.5041339035,300496.242073057,9999.01059362412
2019-03-10,74260.0231271465,61104.2649953272,250993.034113471,9978.37072279748
2019-03-11,36348.2251127137,29814.1618817257,250520.630747257,9995.58746169656
2019-03-12,54355.8925898788,44444.8476689333,268349.3938103,10006.5811120505
2019-03-13,45507.7625880713,37094.3792327023,264315.780841805,10000.092755863
2019-03-14,67023.0867967412,54463.7223343967,237760.367555671,10012.3688949938
2019-03-15,78505.751389323,63599.9937302054,224076.366258053,9998.44075974891
2019-03-16,49152.9959594446,39700.0200797269,256649.107623448,9990.39247460457
2019-03-17,29856.0231261918,24041.9811380941,239313.299866211,18215.5228901827
2019-03-18,65153.7824498275,52310.3844107165,191628.97982194,10000.9155374569
2019-03-19,53870.297260695,43124.1009710275,254345.106895977,9983.19836789969
2019-03-20,100348.575894968,80097.0858438664,193898.97850397,10003.2674803284
2019-03-21,90963.2874202313,72396.7183829811,216151.568231041,10031.454504733
2019-03-22,60742.1294396354,48206.1430661842,266469.740953863,9991.54818093818
2019-03-23,68209.8311967673,53979.8146949894,240267.1318597,10010.2029467897
2019-03-24,52217.9951333593,41208.7127987611,217047.217786228,9993.48370882621
2019-03-25,63612.9845899378,50062.3766331663,191380.383268671,9990.19803908503
2019-03-26,70541.6103577244,55363.085430167,227980.97571392,10024.1408344181
2019-03-27,47598.9514261638,37255.8015493461,278206.292594538,10007.1344719827
2019-03-28,62763.9069623045,48993.7279189436,248738.585628071,10012.7425134454
2019-03-29,75291.0668181994,58616.560626301,222239.928020435,10009.8610810173
2019-03-30,69191.5070658579,53726.4823947135,232700.299988315,10023.3259439005
2019-03-31,53956.6365474993,41788.0001307041,213406.570050669,9999.23001623822
2019-04-01,51469.445682144,39759.3860535023,213893.722027579,10016.1083220492
2019-04-02,63956.7549672837,49280.1946574522,235392.527498468,10004.8141071476
2019-04-03,57163.0952473568,43934.9256805446,253295.469893896,10008.5001522768
2019-04-04,57921.1880015866,44407.07106449,244822.585841793,9990.87191580896
2019-04-05,80916.7956161788,61885.1136287944,214718.120903958,10002.9367438009
2019-04-06,57267.5986798872,43691.9744560857,233953.247886879,10006.7952994435
2019-04-07,75798.3681567955,57691.2652210597,193341.434245433,10015.5147011657
2019-04-08,65786.9969701474,49952.8304708533,187184.890906967,10008.7008938636
2019-04-09,61562.3157258311,46635.553520148,242013.510351645,10004.6337974575
2019-04-10,66363.4581496617,50156.3190626243,254713.731939105,9971.7833776042
2019-04-11,85311.5841697262,64329.684239698,248239.641453399,9979.37024229219
2019-04-12,36289.1969301059,27302.3378219404,297952.071306738,13752.9886392425
2019-04-13,54582.2143540653,40973.6816625394,264917.470362553,10015.9170201148
2019-04-14,56258.8611758127,42139.4073505823,231223.168502079,9992.42365267319
2019-04-15,43305.4791473857,32366.5393064422,231062.21328507,9985.97305709308
2019-04-16,67598.0627897144,50414.5479116057,248222.364405851,9991.42566858267
2019-04-17,153577.741408199,114295.829410051,85582.1899120202,10005.8169025685
2019-04-18,66785.114627349,49599.183724461,238212.245828829,9989.54255386124
2019-04-19,36014.8326456041,26692.0089021762,268278.035920952,14416.6153543932
2019-04-20,76522.1828453258,56598.4413165017,224208.896290627,10011.2477778907
2019-04-21,27684.6741159095,20435.536638874,244165.564198953,25309.2933714901
2019-04-22,81902.876778235,60337.53180064,194188.158901079,9997.3689757512
2019-04-23,97297.2155862224,71538.9871825726,224190.549075641,9983.51451292944
2019-04-24,50540.0651855723,37088.9378300535,277714.242803093,10002.7525208139
2019-04-25,46089.0829076932,33758.6533526625,270854.439558259,9996.74641252162
2019-04-26,58520.9900020383,42784.7877923878,250386.001258776,9988.89258966646
2019-04-27,46150.4133733696,33678.7681901845,258284.212184335,9999.71637056366
2019-04-28,72773.0003727597,53010.9978836561,215970.652919918,10014.505477428
2019-04-29,78311.1253680376,56943.8023524606,186930.291718216,10007.3824193296
2019-04-30,51279.8786507403,37222.8382874169,264682.781380819,10005.112370699
2019-05-01,60210.5715137182,43630.173327096,263800.85953017,9992.5151054613
2019-05-02,100988.398808996,73054.9344407381,228555.687216362,9990.43876639387
2019-05-03,108654.108420283,78469.3914166259,244111.760539641,9994.64897729881
2019-05-04,51819.7520450551,37362.6527003494,297288.183792515,10007.2197279417
2019-05-05,91545.7281482914,65899.3102019644,189024.864378438,10005.1823404478
2019-05-06,78180.1587470225,56189.0789561342,196865.220271653,10000.570081882
2019-05-07,59316.3894775688,42565.213445593,273917.779618239,9994.59963268617
2019-05-08,62509.6363939524,44788.2381875453,262444.335887936,10002.7544062227
2019-05-09,42618.6013106117,30490.5494175547,262455.853876147,10011.7273723632
2019-05-10,48194.0000480303,34428.6686812381,255607.919928703,9994.4223908503
2019-05-11,101463.152863084,72378.395155123,185922.236587234,10011.7023731031
2019-05-12,57969.5669803346,41293.9216768564,215891.659318213,9995.94367290044
2019-05-13,71301.2108181628,50720.1569243443,186514.075509169,9999.97837533789
2019-05-14,111848.107504923,79455.1518041936,173514.611375218,10019.7483428375
2019-05-15,80445.7630933414,57071.3911126005,237055.452459008,9986.91474007097
2019-05-16,79590.2667835787,56390.925629215,239801.658703733,9999.2567260441
2019-05-17,119739.053444253,84728.8238474259,160482.951585062,9988.4937024645
2019-05-18,57029.8130404778,40304.6829421248,256071.491452405,9988.27393762823
2019-05-19,79149.6644332795,55869.2638208308,215661.642094142,9993.32593475903
2019-05-20,61375.6558702937,43271.5475783365,243214.535264902,9995.6561406858
2019-05-21,118459.821524434,83420.3223068317,200902.999083037,10005.6218631147
2019-05-22,51622.7389723594,36311.85484726,273246.24444913,9989.70462225563
2019-05-23,136986.520370945,96250.703892605,150301.088447711,9994.99856802998
2019-05-24,70771.3301402452,49672.2935025397,282749.793369579,10002.6886521657
2019-05-25,71743.5984011257,50301.7235651476,297579.601122124,10003.3137880428
2019-05-26,41341.6255159521,28956.2416707112,302188.158981134,10829.0757005443
2019-05-27,93982.779295654,65761.2310893153,247399.399678849,9994.11218723294
2019-05-28,63702.6851817069,44530.5918049384,301070.411650592,9998.5761790803
2019-05-29,81079.471710813,56624.2915945212,300799.600208122,9989.85326900759
2019-05-30,76728.2511518773,53536.5496023484,281341.409897237,9992.31518961326
2019-05-31,72810.9646027934,50758.3071455025,264068.469087658,9999.18387159179
2019-06-01,87027.5253490921,60616.9809370344,214038.69263696,10013.617590792
2019-06-02,56141.1617949231,39071.3520576273,210937.980726053,9992.72915025627
2019-06-03,68946.6496940669,47944.8140727011,197326.410105758,9999.89950096928
2019-06-04,69624.7088324949,48378.8273828029,249366.099756442,10020.3833880943
2019-06-05,75037.3558428519,52100.871335444,232013.025734551,10008.6348596939
2019-06-06,62886.3292420802,43632.6178332674,250835.488273928,10005.2611184735
2019-06-07,71169.935841387,49345.914176477,256012.214310874,9987.34925223137
2019-06-08,63687.9776832884,44128.962767241,275338.408641558,10007.2193011343
2019-06-09,63418.5515291027,43914.3288445737,263897.081484524,9989.89790964111
2019-06-10,67888.2822719866,46980.8049033652,265212.15510095,9995.56890766307
2019-06-11,103017.077103179,71249.6257669145,250523.210099274,9995.54639179586
2019-06-12,82803.8170959667,57237.8720871189,294577.877524532,10002.051549104
2019-06-13,78014.6938701017,53899.0752987891,264113.151194447,10003.8774501282
2019-06-14,50124.3739141442,34612.8749433102,293005.795117851,9999.07626131983
2019-06-15,50401.9564178549,34788.1980902981,312061.617456561,10014.356605814
2019-06-16,68044.0401338446,46944.2580016446,278406.914183312,9998.63244595572
2019-06-17,37207.2156761469,25658.9820825215,279556.096930335,16492.148426341
2019-06-18,38313.8367107662,26411.9080539546,338107.772257479,16136.9318571984
2019-06-19,72428.686511442,49911.2719607732,345991.673996724,10004.1698247443
2019-06-20,36989.2035370006,25481.1437207782,377698.855535076,19191.1245316797
2019-06-21,100947.708190738,69519.7692603472,321403.066943921,9983.53233455719
2019-06-22,46770.2259956576,32200.3994131282,340277.569767006,9999.91926600277
2019-06-23,61508.6887596437,42337.0117156089,286783.249852558,9999.31809223667
2019-06-24,60720.0814911668,41784.9636166882,288936.99431328,10022.952851418
2019-06-25,62754.8526443771,43176.8500511342,313699.886749464,10013.2984174306
2019-06-26,131621.452334728,90543.7100289048,173858.518519478,9986.53734946969
2019-06-27,84998.0474715126,58462.9235380864,273527.311808239,9999.72400856395
2019-06-28,92948.3661949899,63924.2025272106,320008.436381735,10009.5964075959
2019-06-29,109715.576208101,75449.4070656157,292127.011710502,10004.4373678439
2019-06-30,48094.5671748354,33071.931007338,231744.627112291,10011.4085214156
2019-07-01,72233.9879398604,49669.8810428696,234749.26707258,10005.599424118
2019-07-02,71189.2252835977,48951.476337071,277561.86944654,9982.16166411085
2019-07-03,84622.1746384516,58189.913866157,302488.969389915,10000.3958470911
2019-07-04,53529.1650143981,36811.0335891909,333606.480029233,10001.0087319987
2019-07-05,103183.448498251,70963.2662657147,292796.337282096,10006.9255236859
2019-07-06,45679.0116170686,31418.704816238,375689.062004359,9994.15264451812
2019-07-07,90203.7895977568,62052.0866771556,345828.974451824,9996.04693861726
2019-07-08,115471.76799979,79447.3574867524,270621.161220351,10005.5863798015
2019-07-09,71740.5554219959,49368.7825268348,325789.046339266,10013.9389768756
2019-07-10,53846.0395305825,37062.73784105,341045.099682202,9998.22568790658
2019-07-11,61995.1744572004,42682.4830693305,325149.332433876,9996.26956913626
2019-07-12,101190.182571604,69686.7543589833,284563.310663207,10019.2392608507
2019-07-13,56117.609086568,38658.3306929253,322071.420676006,9998.3755944858
2019-07-14,35785.7455919844,24660.28540057,313214.420589505,19375.0424569446
2019-07-15,53868.990078098,37134.9605011579,309750.031763764,10013.5746359929
2019-07-16,169694.284064293,117025.219844747,203223.26724815,10001.4627541103
2019-07-17,46184.766803474,31863.3285781289,392700.581174358,10012.5898687009
2019-07-18,79336.9066621109,54759.541513656,356540.983245289,10002.0767619228
2019-07-19,67410.2805837632,46549.4814106963,330307.440556494,10004.1168434586
2019-07-20,53998.6734486238,37306.799807331,312898.696867093,9997.48604951226
2019-07-21,119561.212766889,82646.3035514496,196302.803311146,10014.9027741263
2019-07-22,69560.2498400335,48109.9047723082,286197.415817936,10011.0158413985
2019-07-23,26603.0642637879,18410.1487058016,368615.224722544,39976.3933149658
2019-07-24,72436.8774913589,50159.0903912378,338244.432818454,9985.32348191752
2019-07-25,66061.1807224757,45773.3388703133,340078.267485391,10011.8168556493
2019-07-26,55155.6911040105,38242.3837732342,388494.475009382,9985.19093648277
2019-07-27,51887.7382882831,36001.4311894405,356228.044998215,9990.68718173347
2019-07-28,170507.60592736,118388.964247895,117220.761174658,9996.78380835207
2019-07-29,84427.8371943435,58664.8020569133,253617.622153058,10011.0317644066
2019-07-30,133381.447286673,92752.1310938715,236810.19977998,10007.5831897454
2019-07-31,85336.7354060049,59389.9649721557,322034.662174969,9992.14727342804
2019-08-01,80418.7354213423,56013.783368675,321876.654210476,10015.7251588954
2019-08-02,50726.2284976857,35362.4965754085,360573.851961559,10009.5160425407
2019-08-03,54844.1830716533,38267.1087029462,361837.17625838,9994.99121206718
2019-08-04,106220.90284556,74182.5674150038,273977.159764775,9995.50813301177
2019-08-05,67927.1996324522,47483.6875503313,294126.815500525,9998.56630691343
2019-08-06,66965.7412675071,46856.9840088084,316202.193792631,10005.9144607204
2019-08-07,57266.4510054979,40110.2079137961,335168.591449278,9997.84679752594
2019-08-08,82067.7691171094,57540.3287225195,327534.011097841,9988.42212948697
2019-08-09,71059.6376197093,49874.6479546962,325170.434551404,9995.07180062413
2019-08-10,56757.4140617446,39879.4059428175,297611.994018039,9991.6066176327
2019-08-11,180106.484413724,126688.367360422,24767.5410932322,9996.99305136517
2019-08-12,53544.0395464352,37706.1266773229,243650.228426231,10000.6930167853
2019-08-13,58923.1095129948,41542.4340579496,293012.439874303,9999.19322165538
2019-08-14,57765.4364910633,40774.8085118563,303091.396507583,10001.8955459684
2019-08-15,127945.118338412,90422.6605996803,200535.133114914,9987.49126999339
2019-08-16,117421.600757841,83088.9658830135,234219.439442331,10002.4849642748
2019-08-17,78744.8831809458,55791.9583711473,272537.53067768,9995.40741164998
2019-08-18,59796.3070571597,42421.8541278376,252125.168418127,10017.6818907509
2019-08-19,66613.2207878502,47320.9935146372,224268.265670463,10011.681073508
2019-08-20,75904.1781980971,53994.4803916314,257715.234398759,10003.1789328915
2019-08-21,79500.2274761124,56631.0279289221,254865.626524401,9994.82341653281
2019-08-22,60211.3468011146,42951.5595427436,285738.816645662,10007.0343134512
2019-08-23,52223.9103488978,37307.542533282,312124.725464024,9985.14923453719
2019-08-24,57773.158443163,41332.5470181695,316892.57732984,9998.63747940742
2019-08-25,65869.3353034206,47195.4669554006,283092.000392245,9994.02943736572
2019-08-26,62550.178862022,44885.7682972903,276957.751730252,10001.3622698131
2019-08-27,86955.2347885308,62495.8382214595,290441.507560895,10010.0557910469
2019-08-28,72357.5359242863,52086.6653395374,307155.829736958,9997.51365839702
2019-08-29,71731.1981787416,51719.040318874,291830.567926205,9995.00295124574
2019-08-30,104524.487260478,75487.00203529,248597.315190744,9983.15192700653
2019-08-31,88781.920462149,64224.7768592933,296288.442770424,9995.08702634288
2019-09-01,58177.7716901355,42157.1527858112,295821.836451672,10015.0182411669
2019-09-02,89877.5485580706,65239.9643616985,233861.781258457,9996.21884057534
2019-09-03,42906.8804062581,31199.6655128115,290594.508384824,10005.8157851953
2019-09-04,83213.8242586842,60616.5451344953,298472.313110311,9998.18853865367
2019-09-05,68783.7972635123,50195.7272741399,320198.24730848,10007.3973599305
2019-09-06,57318.0525641653,41905.3183403994,338322.533314328,10013.3223107612
2019-09-07,51307.9417327506,37581.2862812554,325285.664006761,9997.39894488092
2019-09-08,41473.4357676283,30435.3719200068,258277.13826661,10007.7099067693
2019-09-09,52349.0891615397,38490.3185151071,214628.415056502,9983.2255762396
2019-09-10,47343.9721969351,34878.1207739007,259996.647607544,9994.79558441153
2019-09-11,33400.0115089557,24654.3324321754,272409.717468193,18153.0232761128
2019-09-12,80924.9627932002,59854.8889666286,239572.793833105,10000.9941243749
2019-09-13,45614.1479082294,33806.4389750886,292054.999380473,10010.669786682
2019-09-14,81324.4884687359,60397.1149464321,230865.573825397,10013.2505415677
2019-09-15,51325.4269634454,38197.4769964862,224785.349497997,9988.60490843609
2019-09-16,48926.5971904594,36489.3929857641,217081.87751091,9995.42877289099
2019-09-17,65797.5246845093,49177.106705592,241687.636883512,10006.0650680336
2019-09-18,59870.3224444573,44844.4894363123,254745.778058123,9996.83338374145
2019-09-19,69162.9645029424,51919.1338042518,222329.165396524,9993.13585858778
2019-09-20,70895.3428592389,53338.4247789575,225285.518545737,10009.0624096008
2019-09-21,57967.8049668105,43710.9523387166,241862.473340787,10008.9946984237
2019-09-22,28736.481615705,21718.5207166888,238123.59128504,22379.843861944
2019-09-23,54656.9584380452,41404.5098926719,200299.413465808,10001.6692566383
2019-09-24,78905.3585600304,59913.7547071752,211657.670924702,10015.27897326
2019-09-25,74451.5545200445,56666.1853333184,224950.575301774,9990.14681374439
2019-09-26,62609.2463241736,47767.3528167561,249821.180290172,9972.30123174002
2019-09-27,43461.5496097643,33239.3653950623,270202.309402393,9996.94476596774
2019-09-28,43834.2837885061,33606.9100517049,255276.51659545,9992.92276499113
2019-09-29,57996.9878435408,44575.8463493846,203060.908668671,10005.0604860429
2019-09-30,68594.3572750991,52853.5770873442,177233.464395595,10017.4946065256
2019-10-01,68677.3786859654,53052.2599598382,221244.6892987,9996.67435716337
2019-10-02,78574.7514930226,60854.0846086643,224763.698832805,10007.3480145917
2019-10-03,41870.4606750465,32511.9752945294,268056.247781244,9989.23626033226
2019-10-04,40051.1858406442,31181.1594946865,266424.811910997,9997.09125480396
2019-10-05,67158.2190726374,52423.9435053294,230296.896185839,9991.96308524859
2019-10-06,46986.1594211792,36776.1679304387,219030.656672583,10000.8977595336
2019-10-07,66211.1626246775,51964.4254537394,196756.39266789,9999.32621430363
2019-10-08,89237.644659946,70228.5642722308,221393.475246563,9999.84993895034
2019-10-09,53750.8797922772,42418.4146171026,268561.166017472,9999.85333019726
2019-10-10,44383.4961909684,35124.1581729319,273687.570993678,9996.25068160204
2019-10-11,77286.2023694356,61335.8432250155,240864.666941632,10001.318818743
2019-10-12,75550.4429843458,60129.7985106753,226274.053025066,10000.5261219999
2019-10-13,50787.2215465457,40537.7795121168,235273.780003674,10011.1848266166
2019-10-14,80874.1080824615,64741.1167236032,170693.614904616,9982.33453805286
2019-10-15,58130.9503319364,46671.9236195613,233886.514057083,10012.7251577803
2019-10-16,65125.8277195812,52443.4856919489,247178.207665428,10011.3377784398
2019-10-17,36640.9253554742,29594.2382342739,275299.878411926,9998.40991746142
2019-10-18,52825.5954714116,42795.686702173,252365.196236317,10005.4376046824
2019-10-19,54861.4107765484,44581.006131047,251354.037288517,10007.1001307646
2019-10-20,43067.2263493011,35105.0444110465,236418.937306974,10001.8556049392
2019-10-21,45741.7759564531,37401.3960147824,225501.280768114,10004.0052461444
2019-10-22,34888.6317804801,28616.9493148464,276014.418092263,11288.2719011989
2019-10-23,50089.5803827903,41215.8098574022,257890.536418706,9998.05122231596
2019-10-24,43102.3117145919,35580.0456263703,264367.344307005,9999.2990488077
2019-10-25,45081.3435886967,37334.0176497421,265164.334893716,10014.0544101623
2019-10-26,66146.4476135859,54957.7307380331,228428.230857277,9997.02489713218
2019-10-27,55364.8913261061,46151.2595873782,221879.61360247,9991.28694036832
2019-10-28,64999.6542657988,54362.5032020131,217094.562791073,10008.3584829388
2019-10-29,48902.5766609709,41036.6489487407,313637.859833581,9980.13754891923
2019-10-30,47551.8309661336,40037.9278400306,319678.31524683,9998.18101385141
2019-10-31,41276.3692388199,34872.4528231671,312709.334777133,9987.36668278185
2019-11-01,53061.7182314805,44983.3122253172,290283.673532389,9989.95517109941
2019-11-02,55246.4941462152,46997.6796313137,280410.177077602,10006.9450444902
2019-11-03,46272.6717941462,39501.2007924106,268344.580819717,9992.50596663748
2019-11-04,75200.6252319832,64421.9190844101,202707.350621005,9992.55888216066
2019-11-05,69402.734391443,59666.110674807,283094.321287758,9988.93324775403
2019-11-06,66486.9214936092,57363.9130359221,296846.132480216,10005.6895247377
2019-11-07,74653.4875994206,64642.254690521,269784.989866966,10014.2107571204
2019-11-08,68373.2475243701,59419.4879691296,287783.822066732,9998.06171205986
2019-11-09,46784.2722371165,40806.6861626703,300321.24130466,9997.67781186506
2019-11-10,37695.5992702806,33000.7114362754,257775.957438892,10004.589408639
2019-11-11,50266.9106418157,44170.1110776762,224789.250785556,10009.9610506074
2019-11-12,53864.98174889,47509.3295742912,263126.969462297,10010.57542934
2019-11-13,43221.2674318926,38265.5896404262,313623.710447085,9992.68861452934
2019-11-14,40026.6819716828,35572.2604796881,336002.326258753,10002.8113554769
2019-11-15,76865.90879309,68573.9286559928,287954.042217935,9996.86407061101
2019-11-16,33599.9839776868,30091.2447137289,322982.928765443,9997.36228047752
2019-11-17,86743.3758771393,77987.6151134781,221082.029270822,10005.4238450579
2019-11-18,45941.3477434895,41466.1489207421,264759.834032793,10000.0397452054
2019-11-19,45761.0970810948,41466.6985123402,299605.149093672,10007.7698347093
2019-11-20,38582.5067642787,35100.9550945747,298842.234593603,10000.8179502916
2019-11-21,69425.5583071532,63414.0848062672,256274.968078103,9990.63886529243
2019-11-22,61214.7663305799,56140.0487982115,218911.481472983,10007.1589592242
2019-11-23,41477.6211756859,38193.8158653206,255179.174809913,10011.9801337346
2019-11-24,67553.4339111158,62459.9493615094,256036.638713623,10002.5413372817
2019-11-25,55274.4540466204,51317.5609727012,279559.601387856,9998.97537193634
2019-11-26,47502.2385875045,44284.8643637825,313739.270032499,9986.72008423312
2019-11-27,53495.0567432091,50080.3009521911,315951.996656374,9989.37404253083
2019-11-28,28605.4521295251,26892.2076700941,343834.548800612,15216.6557116429
2019-11-29,50822.4564144393,47981.0744745129,339270.817700716,9986.1218431196
2019-11-30,36006.1307697118,34138.1318181028,328329.120938887,9991.92231428394
2019-12-01,37107.1139261507,35333.0999817315,282246.30330955,9989.51284486
2019-12-02,29688.8727273186,28391.7273251867,266288.480076098,11592.7845063377
2019-12-03,39597.5548796868,38032.272770857,276966.377148603,9995.29395616413
2019-12-04,57437.2374835018,55408.3860338224,265488.491202041,9997.73046905278
2019-12-05,46572.8379005007,45125.8018893719,292461.304939542,9998.04901577489
2019-12-06,38282.5465710416,37257.6564558237,318032.713945252,10004.3201746682
2019-12-07,37888.4886646985,37038.7799666548,311816.569347056,10010.0279619595
2019-12-08,66293.1349726602,65097.5730728177,237143.692187816,9980.52781250427
2019-12-09,56545.7344176059,55776.9924748973,255727.789126957,9999.01724677698
2019-12-10,32141.3139688233,31848.5751569756,308098.519078449,10010.3375848011
2019-12-11,44365.1662415979,44162.3058668635,335487.73582291,9993.52362398055
2019-12-12,33929.5028920024,33929.8907586221,352449.150315312,10017.1307101743
2019-12-13,37235.5129095521,37408.4494144231,350932.773724248,10003.0017378209
2019-12-14,56066.7191326403,56589.6427675038,321154.769121111,9997.67663649394
2019-12-15,37766.7447633685,38297.7112664037,297579.214682377,9998.52944920199
2019-12-16,51915.5578549237,52893.7355394129,244733.28196822,10007.7487602135
2019-12-17,38074.4146999394,38975.8287671019,302765.50439045,10004.1882857941
2019-12-18,51851.1686667833,53332.0175166503,307620.295493351,10004.2864921118
2019-12-19,43747.3797219702,45212.7323151216,316920.040663489,9993.15515103773
2019-12-20,76966.4425560002,79928.4216023368,283853.719914998,9998.7410905962
2019-12-21,37756.1298165684,39399.458150401,364976.057810562,10016.3241212961
2019-12-22,37938.9901689038,39783.529235564,329075.071184013,10008.8630037047
2019-12-23,61735.9387381813,65055.2170163755,278425.523891306,9998.15065550331
2019-12-24,51883.4430457035,54942.8434588879,269838.407817031,10010.7542848144
2019-12-25,39785.960789891,42341.1024280581,257433.092102165,10009.0403314419
2019-12-26,27790.5420707962,29722.8847542504,327172.326713078,10005.4636232796
2019-12-27,45494.7819032075,48902.2425837154,337823.499125704,10002.5896939241
2019-12-28,63296.1656387723,68380.0506465303,303851.379632685,9999.59152549868
2019-12-29,79503.8073475581,86324.944381065,260499.40714123,9987.79223247318
2019-12-30,49495.4289362287,54015.8641988898,313541.02390548,10000.3155247932
2019-12-31,32127.9350612454,35241.8219365242,340149.398297361,10004.5273183584
2020-01-01,32806.8641701689,35266.172371343,298307.616603217,9986.93974478824
2020-01-02,69648.1834574347,74536.617863538,315689.141594917,9993.5595867256
2020-01-03,40129.8975747517,42756.5918271427,366971.490466556,10005.682747864
2020-01-04,40726.0293591259,43200.7371164756,360905.33495217,10001.8338865749
2020-01-05,33933.4213453318,35837.6707102442,327640.708510118,9993.46158528024
2020-01-06,62820.365325651,66056.3631868321,265987.901433151,10004.6670412442
2020-01-07,37055.1015050746,38794.7879630798,339618.767088152,10011.9949201324
2020-01-08,45399.6625759404,47325.8395749353,343480.689309708,9990.54454875821
2020-01-09,21238.5534507441,22044.4958689022,324259.499295651,32738.2885311567
2020-01-10,41028.5257293584,42403.3284220641,321302.009753793,9988.97171436746
2020-01-11,69723.2148574475,71752.9155912126,253673.197360324,9997.55972020172
2020-01-12,63424.5621593622,64994.5747769658,212716.630452309,9994.35740163226
2020-01-13,42885.7930452764,43762.2830688744,230549.568737049,9999.68818506998
2020-01-14,56956.855924426,57877.3843002647,291609.97411653,9988.06300403026
2020-01-15,30229.3247358709,30589.8402637237,346463.251906423,14602.7378931735
2020-01-16,53530.1909673696,53943.9806947778,327150.740148789,10010.9869580312
2020-01-17,59319.6571263984,59531.6433469333,318161.031791924,10006.327217672
2020-01-18,64837.5570677753,64802.3227045393,315385.299858016,10005.2379443821
2020-01-19,71281.987057658,70952.5665478632,260338.59569774,10004.1949868647
2020-01-20,40894.0594807344,40539.898219847,288681.728312332,10004.6642335027
2020-01-21,57297.1269901552,56571.6921030098,350443.720740637,9988.540926998
2020-01-22,48119.1148866214,47319.2292811071,415895.903646874,9986.82956024031
2020-01-23,64921.3186619877,63587.3796227756,400687.125832072,10013.1864871383
2020-01-24,46649.4457720638,45509.6547560146,400437.089903702,9996.30730991228
2020-01-25,70188.2051334034,68203.1723200555,382163.730304161,9991.64792537909
2020-01-26,29890.8531825852,28931.5766800895,351153.051991184,17991.5786049663
2020-01-27,96112.6944062663,92665.4620625658,256204.184743947,10011.0861138459
2020-01-28,51195.5906358821,49168.0617892965,320048.463612398,9989.21609658308
2020-01-29,51038.5605646858,48828.389964081,274675.341759726,9984.73164854188
2020-01-30,49022.5191950546,46720.0359902101,269007.709205735,10023.9548895344
2020-01-31,48431.4471536395,45981.0281838578,348350.41060684,9976.68850107162
2020-02-01,42657.5182301132,40346.0171541591,398947.796650546,10004.3693299161
2020-02-02,86887.3751953135,81870.1914293642,326978.980924317,9996.20033808271
2020-02-03,71480.1336232356,67100.9625420721,303135.103285457,10011.4717212063
2020-02-04,72367.9952771035,67682.1977720386,343502.724682359,9998.34666307444
2020-02-05,37234.8330247661,34695.4172755421,347054.833152307,9990.16658937031
2020-02-06,39397.7324819222,36576.2375608122,332678.178307662,9991.24434675039
2020-02-07,44119.558220184,40810.7321390904,331320.162665469,9990.8051262063
2020-02-08,52898.0511012479,48753.824172528,318594.628290701,10002.3056277304
2020-02-09,34067.1130796659,31285.3134903835,312260.759396545,12963.7391371772
2020-02-10,53038.2140770457,48533.3913134612,283275.527571739,10003.9127241883
2020-02-11,46115.289460901,42048.807280447,293552.556485102,9997.96235363277
2020-02-12,80691.5854110223,73316.9577780484,264306.17753728,9998.85910083902
2020-02-13,46190.1775865541,41821.8977737777,327599.914068871,10005.0348220275
2020-02-14,44114.118770968,39803.3954853395,326953.373116788,10002.3031479892
2020-02-15,50126.0635849933,45071.8139818901,322962.470947097,10000.3848174672
2020-02-16,50673.1652883589,45407.6395417718,317896.088745849,10012.472493216
2020-02-17,86596.0756683062,77333.7577389157,290724.821141053,10008.1573536264
2020-02-18,53336.1500031213,47470.4279496616,346952.419380731,10002.7335603773
2020-02-19,76732.0191722158,68064.2841282687,301814.916689512,9993.23052603894
2020-02-20,55663.3576790029,49211.1861787093,357952.767372352,10000.9123015687
2020-02-21,67310.8325700623,59311.8949648897,341721.058772353,9999.42320912658
2020-02-22,50899.2064113444,44703.4348228327,328491.627228213,9996.84025737639
2020-02-23,48999.9838122516,42895.2815118268,274223.593268417,10007.8996192386
2020-02-24,65169.6470712301,56866.0852026493,255531.985467062,9983.47851191975
2020-02-25,40936.7537554303,35606.2656757338,329930.040817124,10011.8483390363
2020-02-26,38187.0127277931,33108.8793826914,341431.3752351,10013.4393172583
2020-02-27,75426.7498432963,65189.9541643555,290526.574699417,9994.83716176284
2020-02-28,47986.762551168,41344.1387339876,340582.861545218,9987.82094850006
2020-03-01,57547.1604914986,49274.5965995325,322230.306315732,9991.47525650712
2020-03-02,102678.292034663,87649.0679687148,240248.029407163,10004.8903389482
2020-03-03,37304.8731416254,31747.8634622201,324285.036650643,12275.2721525084
2020-03-04,70409.7069817357,59741.006711277,314912.035563573,10006.7717373924
2020-03-05,57894.9557199031,48975.9189845229,322655.28574934,9982.67321006218
2020-03-06,74390.3651936656,62743.861282615,314709.406955435,10019.8418309427
2020-03-07,79788.7434631647,67099.5621227911,298881.588112674,10004.5019387329
2020-03-08,70504.4230190621,59119.2299205437,291190.343895854,9998.85536620755
2020-03-09,79640.4073944091,66587.2484809305,234021.36111186,10004.613204832
2020-03-10,51734.4076626992,43131.3571120135,215519.675101806,9995.36528276354
2020-03-11,85524.0481221622,71099.8691666997,218234.116030276,9995.43830209405
2020-03-12,48521.1659007125,40224.3989204834,297365.586125036,9999.56246990961
2020-03-13,73616.7030194168,60858.7969004566,305017.121130671,9995.86947090418
2020-03-14,59977.2075048665,49446.1855439816,322968.038892927,10001.6074444087
2020-03-15,92919.2043987033,76394.5691306283,245546.01693259,10000.8836740061
2020-03-16,113837.742411008,93339.3200008412,148340.918471066,9983.90759437075
2020-03-17,75435.2209626258,61685.7418139685,230188.055151612,10002.4719242607
2020-03-18,57662.2031767849,47026.7582914678,315996.020732167,9995.78070902892
2020-03-19,61508.8857699322,50031.7600386122,302034.162171425,9989.8510914352
2020-03-20,70893.8720165857,57515.0710050629,298863.821937638,9985.32874426232
2020-03-21,63107.6219850229,51065.8727723407,339506.491496918,9983.97640425263
2020-03-22,66393.9675796466,53587.6224784084,314683.683735053,9992.18483501384
2020-03-23,77836.1597831406,62663.5710742043,240911.064835987,9987.81439190388
2020-03-24,63349.02266026,50872.4304087602,272115.714182425,10006.4644708043
2020-03-25,74654.3443300483,59802.2383993209,312631.950677621,9981.49275270166
2020-03-26,57874.575268516,46246.7185812644,325719.32142484,9993.85343859117
2020-03-27,70913.4676654515,56527.9908803533,301272.10241566,9986.74103718889
2020-03-28,65872.1841173183,52382.9057290376,290645.213673001,9992.72304926657
2020-03-29,53631.651761713,42547.335462222,267044.255722333,10004.7959561366
2020-03-30,60070.7949256613,47543.2896898908,225668.646403777,10003.2831608661
2020-03-31,103095.965219495,81405.3897067114,135287.911741909,9996.99708048417
2020-04-01,61516.5411694673,48461.8545933208,259587.281437947,10007.8181205525
2020-04-02,41327.0563919113,32482.5576601425,308384.838246699,10990.723166079
2020-04-03,72053.6724652915,56505.4693474298,277610.531616993,10023.3554025775
2020-04-04,89550.6676664965,70070.1123469579,255849.3599695,10009.8571723149
2020-04-05,68631.6847395572,53583.2767472478,254032.522198608,9989.3663222752
2020-04-06,87119.8155601795,67869.270927417,189130.893103054,9995.36155982047
2020-04-07,81083.1820827623,63030.3410534907,163589.450183961,9986.15453010413
2020-04-08,94432.2598549636,73250.8895301616,181557.744773831,9986.27127100666
2020-04-09,36226.6731221399,28041.7835439334,260019.590763581,17303.4946397519
2020-04-10,69969.8242615502,54048.4991627327,234200.411445841,10019.267354737
2020-04-11,78608.1226513047,60596.4208249776,223710.676103066,9984.57671581934
2020-04-12,61364.6677643316,47208.0050452393,239053.636481337,10014.4364354236
2020-04-13,52305.4272506079,40158.0622120523,224512.834543374,10007.9672107874
2020-04-14,50069.2302222055,38365.1292035618,215255.180196227,9990.70954193751
2020-04-15,45518.2267077545,34809.8270937573,243119.837983324,10007.4682578358
2020-04-16,80824.3241685988,61690.8025745008,206944.945794145,10006.3208171814
2020-04-17,76251.1213879028,58089.4691576571,211984.515472736,10000.4523296419
2020-04-18,41473.4663804529,31535.9102662801,260353.066628117,12124.3985060721
2020-04-19,170094.812118866,129098.440565331,31633.4062113573,10007.476823034
2020-04-20,87105.650426936,65990.6156479083,179894.938943642,9983.11133537311
2020-04-21,56076.2007339728,42406.3984060069,217115.870535464,10002.2909706172
2020-04-22,78731.1066623997,59432.9314427734,218563.371922847,10019.3002859814
2020-04-23,65638.4932279731,49462.7684603353,230776.921058737,10004.4109776804
2020-04-24,71200.6699738096,53561.6507823402,227498.404744467,9998.18113165269
2020-04-25,78439.3936874581,58906.7675958092,223603.62586101,9998.2685813924
2020-04-26,68117.4380069321,51069.4752745897,228638.171893094,9996.32160746648
2020-04-27,48137.8884427,36030.748873533,214670.649568426,10000.8855121233
2020-04-28,135427.661956062,101201.705578227,62313.6727947702,9993.62494085161
2020-04-29,141487.305805546,105560.919124824,96084.012425565,9997.64778818212
2020-04-30,53761.3588025935,40047.2035341917,246660.616369021,9997.76422982674
2020-05-01,70936.4566792335,52759.2676826573,230634.398391184,9991.74558527131
2020-05-02,88389.5848124082,65640.0204635233,203868.229623648,10015.363808543
2020-05-03,43017.6317273955,31898.0030354816,253186.480679282,11579.3200246558
2020-05-04,105728.976917599,78283.7189256786,132916.329838532,10014.0165053958
2020-05-05,49180.7280421614,36361.670875157,203643.395080589,10015.4125147734
2020-05-06,34146.1034514848,25209.9814485949,256248.936643878,21930.0842860339
2020-05-07,49328.0813245249,36367.9759643884,249966.242942856,9986.9011563192
2020-05-08,82183.6794097686,60508.3150964296,207937.191683414,9986.26915795549
2020-05-09,58797.3453221011,43231.7489189952,244787.753169296,10002.7376074536
2020-05-10,97188.4673406689,71365.1963324177,181458.443882658,10013.6482130845
2020-05-11,66665.1636565491,48888.6857543281,188211.327917174,10014.0132843647
2020-05-12,61895.3897823963,45333.2059071854,183774.637411318,10004.462321879
2020-05-13,86401.6847641208,63203.349620824,200722.017630621,10000.1405442959
2020-05-14,41572.2573010097,30373.321038412,263360.930279533,13813.9548247636
2020-05-15,99914.9107030487,72912.3008834997,202375.140810911,10011.6056518215
2020-05-16,67225.8904723419,49000.4335143083,251489.605746301,10000.0556092719
2020-05-17,74366.38468723,54143.200241664,234771.016484967,9994.81966708736
2020-05-18,70191.6495823966,51046.6952018865,207164.238359514,9989.15633314936
2020-05-19,63113.6101949985,45849.1372062429,216689.09324379,9991.73712069237
2020-05-20,141996.050979003,103043.690972795,160603.909639481,9986.26397729607
2020-05-21,74181.7625721105,53776.2255458449,287200.286689373,9997.05937537125
2020-05-22,79804.8725805376,57793.8515494567,262369.120493712,10004.013009901
2020-05-23,60501.9141450948,43771.5007780995,257871.858637435,10001.8885661533
2020-05-24,121224.254650519,87617.9260757149,127318.622012819,9991.31953666057
2020-05-25,79096.8315543743,57115.5928113177,164269.352651719,9998.66311033774
2020-05-26,59618.1588292251,43010.7828241596,179541.400656792,9987.97607718904
2020-05-27,59677.2090528672,43015.1564624035,187469.223898073,9999.42509929279
2020-05-28,75332.7421650996,54252.7833677795,242242.193051856,10009.7535356937
2020-05-29,57167.9355523742,41136.4708834129,302114.190218592,9984.25810259289
2020-05-30,46439.1457435637,33389.2024699795,325309.897378425,10007.4176378297
2020-05-31,77106.2536225253,55394.8965800498,287190.39370277,10000.75318753
2020-06-01,65380.3899753108,46935.0210977899,260538.712649218,9995.85067022172
2020-06-02,73538.5568848714,52752.7370793129,211581.386455,10005.6241285232
2020-06-03,94243.752097992,67557.5472506895,204961.916593162,10011.5504876234
2020-06-04,71058.3071136341,50902.4397500851,238352.029438265,9989.84523303105
2020-06-05,62164.9083413103,44502.3045319959,257625.576976522,10011.1845538692
2020-06-06,86413.4457653214,61821.9946960765,225146.608519355,9987.37799553757
2020-06-07,41468.7270545647,29649.5363139308,254651.877894976,14739.4168909013
2020-06-08,116225.344701906,83050.945246427,126115.353793883,10000.1932210968
2020-06-09,51145.5464867413,36526.5890936499,234241.38977163,10017.279440921
2020-06-10,68509.3267853618,48901.2068704957,258055.962010594,9990.92851170031
2020-06-11,73993.342238042,52788.8409966531,263916.142085083,10012.4107447907
2020-06-12,54986.8313951764,39210.1770846776,320107.137187105,9999.84687890375
2020-06-13,57654.5478713513,41093.7078649235,283238.421490911,9996.52763128468
2020-06-14,64028.6327569004,45617.2034304915,251978.573305186,9991.9575612059
2020-06-15,66784.023783857,47560.9699590114,219094.86219891,9987.24611032414
2020-06-16,50906.8172216094,36240.0492224449,236617.475464383,10007.331331884
2020-06-17,60055.1320977803,42737.4586688188,298703.270094751,9995.75728998579
2020-06-18,77680.9103855904,55262.3854391558,262370.002416735,10012.437943969
2020-06-19,78540.8623534168,55857.1483477771,246514.316831445,10004.6004072379
2020-06-20,119327.666150696,84840.4639645855,194897.261207516,10017.3258578878
2020-06-21,171762.62085729,122090.074714383,114771.254132689,10005.8946238646
2020-06-22,119776.946086088,85118.8543256647,199253.88793286,9986.58508099604
2020-06-23,85226.7151487644,60553.6233526596,254356.297565232,10000.8214715899
2020-06-24,61217.7869630782,43487.5440204219,325551.998971517,10030.9860443457
2020-06-25,63738.7120623685,45271.4524842118,332462.677533154,10005.7281288338
2020-06-26,113092.046994049,80315.2689157416,247223.101161082,9987.1151201365
2020-06-27,71074.0327305049,50469.9572958264,292506.970190414,10005.9831634109
2020-06-28,79824.8046673918,56679.6015731847,279555.10675289,10008.0239925983
2020-06-29,100000.753366684,71001.9308758939,190998.5608748,9994.41888664235
2020-06-30,98187.9644945481,69713.0567835963,183127.353650959,10006.7384957651
2020-07-01,61945.5620432648,43981.0979527301,263953.570383398,10008.2642862457
2020-07-02,81561.4012526548,57909.7334661815,243762.232150653,9996.44961336235
2020-07-03,41400.178729023,29396.1963978124,294425.796843803,15895.6185038551
2020-07-04,56847.9180943943,40367.9359163377,244166.794231244,10015.8124308478
2020-07-05,65940.9858756767,46829.7122029524,248105.400684992,9999.0099927921
2020-07-06,46577.6797219518,33082.5513432695,272538.652019639,10041.6847024233
2020-07-07,54675.3240647381,38839.9463628139,252184.679966025,10002.4545195294
2020-07-08,78316.7435240442,55644.0850886246,281914.549235331,9996.00946336367
2020-07-09,57837.3141453931,41101.7819221325,331978.403493249,10006.1943307895
2020-07-10,70326.4844405958,49988.5580279198,312407.443221354,9998.4313509236
2020-07-11,70560.8653513977,50167.8843412151,277806.702728436,9996.36137694371
2020-07-12,61881.017178399,44008.9025365127,275188.145417312,9989.050043306
2020-07-13,74446.932987883,52961.7261836642,248878.380207261,10007.7770460139
2020-07-14,46389.8674052434,33012.7496457019,303841.77887798,10151.6302666631
2020-07-15,94010.5101837125,66925.1330652565,324482.12097717,9978.99155758146
2020-07-16,89609.3760983728,63816.2932268638,341232.455416262,10004.2489797795
2020-07-17,119458.106380793,85107.9353963974,304937.279004234,9987.20284739943
2020-07-18,35329.4902245109,25181.3569597714,390278.34723592,28219.0009014756
2020-07-19,59751.1007250363,42607.496758553,371445.729684311,9985.32594490867
2020-07-20,114250.526249339,81509.3991099581,234547.278610902,9985.05735143171
2020-07-21,74248.4262285309,52997.7131753967,263300.412012751,10013.9598603637
2020-07-22,99182.9071385008,70833.4066799112,262046.959963134,9989.28612608621
2020-07-23,82379.888297754,58866.0555059756,298487.140236173,9992.4099843047
2020-07-24,54507.9035513682,38972.357738785,288086.048124094,9983.79733774782
2020-07-25,58847.6859785792,42100.8709723748,271445.733531509,10003.5431931628
2020-07-26,50561.2989492185,36195.5705141153,281167.213435248,9989.1645025672
2020-07-27,78560.4550728123,56276.5845897252,215063.892713288,9996.92754631616
2020-07-28,66299.5114747468,47526.0405007608,207226.244004345,10011.9240818006
2020-07-29,57686.8212595538,41381.526151115,257838.400829865,9995.59712201915
2020-07-30,80042.4593985643,57460.5707003165,247521.972461232,9993.71978440968
2020-07-31,69912.1341206174,50226.4765483406,256126.772601272,10010.3552735802
2020-08-01,45745.8417724052,32890.7250260989,297971.685851741,10338.8280118217
2020-08-02,47835.6809528058,34421.2376691571,280180.377289477,9997.11454485719
2020-08-03,226107.508839858,162837.052553228,0,10006.3067115181
2020-08-04,66038.6931744988,47600.4954748674,215985.707346496,9997.60989188262
2020-08-05,65449.2023336954,47217.5169926434,255881.661730844,9997.76241563833
2020-08-06,124178.468744944,89668.9123621022,191134.259120786,10013.9346853791
2020-08-07,143572.364962988,103770.59356734,174576.638052637,9982.55906077132
2020-08-08,50704.7935542067,36683.5486425891,313743.938175171,10009.1396884728
2020-08-09,82044.83469654,59416.0086160945,273967.531727767,9983.02830140034
2020-08-10,98620.8803542477,71492.7567312036,214929.958916062,9998.89869931687
2020-08-11,58123.6718639884,42179.1848467856,257579.940476762,9985.50213821243
2020-08-12,65325.6247448116,47456.0641160368,302003.659000824,9990.86508900952
2020-08-13,60804.1940577658,44219.6925065792,285010.467828054,9989.99296400444
2020-08-14,81335.8559590059,59217.3944523055,214321.339726557,9993.9671291445
2020-08-15,49148.7445093652,35824.1411266051,253061.042699351,10019.3134677132
2020-08-16,75231.4698084269,54899.7094025584,226284.14306261,10015.8689140643
2020-08-17,89746.1593193102,65569.903727688,177068.949679213,9996.69434570465
2020-08-18,80050.2746451088,58557.2550980948,183114.419782286,10019.541591771
2020-08-19,81646.7421715956,59799.422663439,251735.621840324,10021.0195442272
2020-08-20,81391.093442464,59687.8995304,273067.206930216,9983.88388791668
2020-08-21,61625.8357273497,45251.6639697156,297594.481422749,10001.238075943
2020-08-22,78629.7223535015,57813.8416919161,277463.035049614,10011.680687227
2020-08-23,62281.4210824262,45855.1366715874,291891.211776677,9983.43196988738
2020-08-24,78577.1205939117,57932.3329912174,225344.830174691,10009.0879851181
2020-08-25,38734.2293664518,28597.3831579722,262282.183635195,16488.2635506542
2020-08-26,90971.3277986233,67259.4654892829,264212.081028514,9993.0935181161
2020-08-27,61246.3723354256,45347.9636037776,321308.716290128,9999.36371371288
2020-08-28,94849.7840683807,70332.0610325743,294430.09784838,9992.69136673249
2020-08-29,94348.078491009,70064.926947983,286706.092472408,10017.9003839634
2020-08-30,77724.3633168218,57807.7998488015,303284.204024323,10007.5854791359
2020-08-31,69332.3336951927,51646.1291312812,266254.61644427,10006.0023793089
2020-09-01,47421.638580833,35380.3595771186,266188.746390292,9988.48812179672
2020-09-02,62433.1533144332,46654.7344079343,257772.028799017,10003.8601964478
2020-09-03,65656.9754395636,49143.6178525896,257833.976166958,9983.40257323081
2020-09-04,70242.3549886549,52662.5826848773,247164.156286465,9995.86035927019
2020-09-05,70598.763317614,53018.5758430611,256735.792955131,10009.7905945986
2020-09-06,65879.9967913606,49559.1036289198,244562.210550146,9987.84393308527
2020-09-07,86430.6110833809,65130.9482235439,196469.119296903,9998.76122206851
2020-09-08,122805.955601669,92704.373778655,142837.883165772,10012.8636683532
2020-09-09,55459.01337826,41939.6639882871,310432.812089976,10019.1599568883
2020-09-10,89493.9806746535,67799.9975036766,319398.369111137,9989.6693414127
2020-09-11,69652.443598797,52864.762529533,325943.623400109,10005.6246506862
2020-09-12,100525.013624253,76437.9755501983,246396.745890048,9998.58515448484
2020-09-13,51447.327415707,39193.4949252134,247858.819481588,10014.0347464983
2020-09-14,80981.7261486069,61810.9428240284,159509.994048313,10016.8825036621
2020-09-15,82221.5709779974,62878.5186975132,151916.457610169,9986.1951848687
2020-09-16,88073.496449856,67485.5805793798,194332.321771686,9993.06999904886
2020-09-17,81560.0729519437,62618.6354989694,206424.508995601,10008.0210099394
2020-09-18,70681.5888708229,54375.5376764026,226453.819239668,10018.5694338821
2020-09-19,48722.2181314609,37558.3582693709,266606.027950308,9998.50918759051
2020-09-20,123468.31735986,95373.6459663443,173286.171615441,9983.71979507173
2020-09-21,40409.5549908603,31279.6041287007,238149.612317288,12291.6071770648
2020-09-22,45727.6145408945,35470.8067598661,200535.335081092,9998.0391353215
2020-09-23,76459.2008199963,59435.8704304753,204690.1150066,10012.5784081941
2020-09-24,33974.2427591714,26467.0795220321,256374.006711089,19758.2516846609
2020-09-25,68591.5999779,53551.9811017252,220694.927310882,9986.13126024774
2020-09-26,40798.6224724864,31923.4254164896,259395.975169172,11574.4361629375
2020-09-27,67252.218158552,52740.1036156103,223587.843057146,10017.6238555909
2020-09-28,107875.982981632,84789.1948585828,120933.729512555,10001.6019863812
2020-09-29,67688.6309846238,53324.1390045173,175567.530316592,10004.9569356013
2020-09-30,68042.2922447911,53726.7322240246,223220.831184257,9990.27778557172
2020-10-01,62510.1361630046,49473.9168314666,234571.921790303,10020.8286308922
2020-10-02,40304.5765806444,31974.6322201418,270461.920436331,11573.360373286
2020-10-03,52340.7807512365,41622.4575003186,264247.537762809,9997.11460309622
2020-10-04,73719.5758042534,58764.8530801799,242224.620808821,9989.46087963137
2020-10-05,116330.380802463,92957.8896857933,134183.832359262,10006.4089982499
2020-10-06,88603.6168230612,70976.3733624015,170690.686032363,9990.37094658422
2020-10-07,40818.0580722828,32778.9400925607,244001.699389367,10393.8796625536
2020-10-08,52498.7004241607,42265.1381375744,232374.019949306,9998.83569578801
2020-10-09,116822.220091705,94289.0635335814,127279.104697437,9977.09994093099
2020-10-10,37938.850158287,30699.627626149,248328.0981569,13147.6242181546
2020-10-11,97455.5459289958,79064.1346636001,160581.29522459,10001.4481156953
2020-10-12,68335.7131149538,55584.7493876426,177631.886321595,10019.386119968
2020-10-13,67730.887691487,55238.3347991197,169084.407894953,10003.5926266837
2020-10-14,81733.7578466832,66836.2526108842,190145.54440762,9989.19487984648
2020-10-15,89846.7645896308,73668.3259300203,183912.163014083,10014.3958998391
2020-10-16,65768.5349351698,54072.3408173638,221411.944857375,9992.32715933029
2020-10-17,56576.173248229,46642.3175766126,233492.970855177,9999.0819217066
2020-10-18,78370.1638241054,64788.4744576072,194947.71212877,10010.0191545046
2020-10-19,43313.6593293614,35907.3381529064,222947.300184788,10000.7478483402
2020-10-20,43866.7916140199,36468.3760065314,215561.824673301,10003.1787203508
2020-10-21,41558.6216320433,34647.7292710379,260082.679518933,10009.1031776055
2020-10-22,42338.9212028794,35399.5209063758,263676.227577386,10000.7649317474
2020-10-23,41651.606838338,34925.623326781,279203.518419036,9982.3033251007
2020-10-24,88534.9775553995,74454.8412303425,235570.109551061,10013.1829320614
2020-10-25,48542.4602815586,40942.68641233,285596.809855184,10001.9794267726
2020-10-26,95462.0310528714,80755.5794940552,192924.486711651,9993.16230907431
2020-10-27,39472.540748359,33491.5372161763,233884.880808824,9992.68468657545
2020-10-28,35658.3262607597,30346.5895493077,274837.406163555,14033.4844785911
2020-10-29,59151.0978728025,50493.0350431534,247592.360152246,9984.68376139484
2020-10-30,42234.3196170612,36163.0190614504,259113.490501819,10005.6776103586
2020-10-31,56385.6854906192,48429.4262703348,235981.84412376,9990.8096740038
2020-11-01,77901.2206497872,67117.6529289199,190872.881347169,9991.09365697348
2020-11-02,63263.4705013904,54677.4552904885,197440.507159166,9993.45566668564
2020-11-03,34646.2996391935,30039.0125823004,244164.965280163,13991.8861154073
2020-11-04,43786.2862973834,38084.752693698,286383.407881095,10015.8891285351
2020-11-05,48679.2667760909,42476.8194473426,269531.486913301,10008.6769828307
2020-11-06,50352.0408155988,44078.8914085329,254415.311258864,9992.67627308429
2020-11-07,48481.2857788998,42579.8386998256,266015.478990456,10003.4521765526
2020-11-08,31248.1830818164,27534.7797973408,297948.056482101,19284.293862407
2020-11-09,86991.7405684168,76908.1657957041,198089.641165728,9994.06341818405
2020-11-10,53748.0833289998,47676.6394853266,227594.713957218,10023.9018526355
2020-11-11,44979.6725256773,40032.9664534202,290999.264033243,9993.02709764003
2020-11-12,54991.6466999069,49109.7391046222,307448.244377573,9997.64290358643
2020-11-13,89939.6613955715,80593.8942617686,274668.730921837,9983.59844185184
2020-11-14,55132.5423440676,49573.4856312241,308958.474988389,10002.3145146024
2020-11-15,42378.4762538647,38237.3556900507,295455.071433598,10011.6305952398
2020-11-16,28437.5764194635,25748.1888161218,250102.817530608,20715.5148814748
2020-11-17,49021.3567608227,44541.1591004003,213330.924163338,9999.71739573227
2020-11-18,53029.5091658536,48353.3257008447,250222.003379521,9990.08578782167
2020-11-19,42247.1852278452,38658.9029860015,299007.994588811,9999.12365924175
2020-11-20,44020.5332153829,40425.9726509997,302113.740746823,10004.250991474
2020-11-21,59695.076882099,55018.3460767752,271866.785244018,9977.83273559609
2020-11-22,56931.4915163811,52661.8113209257,251678.176609919,10004.8265461292
2020-11-23,71990.8426835318,66835.170409976,234866.324018441,9994.62275230099
2020-11-24,50453.0050844506,47012.1099521449,311772.722628261,10011.360773471
2020-11-25,64261.482239163,60100.5780715812,329471.016034032,10000.5110522524
2020-11-26,44880.9988316176,42131.4016748313,329006.941130699,10006.9926592061
2020-11-27,59784.4299682089,56332.2659361067,324578.955946173,9988.42417588163
2020-11-28,86552.4591080893,81862.4042090777,235904.763014588,10017.5766740958
2020-11-29,72887.0122149121,69199.2488322581,249106.172294439,10006.409886936
2020-11-30,67427.544593544,64260.6165874002,254755.815200459,9996.11383060647
2020-12-01,45523.976242366,43552.6088526844,275249.966132686,9994.60252883437
2020-12-02,50160.3121385244,48173.7840303143,296279.13087518,9996.05636394681
2020-12-03,39443.5115592824,38028.8082296522,301077.827031903,9990.15629343813
2020-12-04,59289.2931174743,57386.5429554178,256759.707014975,9990.69873060651
2020-12-05,74607.787795092,72497.7622342007,230156.824271149,10002.1366924603
2020-12-06,34535.2933395517,33691.4887362263,314045.490018527,10005.4164345699
2020-12-07,73513.5797904622,72003.0954685818,266339.158971326,10019.7226511117
2020-12-08,35195.3398972619,34610.286622044,325926.060953973,10006.7238656507
2020-12-09,50383.029322247,49745.1333384447,329822.168593796,9980.80128024511
2020-12-10,46487.7977070119,46085.1921143939,352936.105570334,10001.7444125125
2020-12-11,44868.9656471238,44661.6095092332,366468.567026876,9998.94272365407
2020-12-12,37732.1056745924,37711.6010970432,382643.004392295,9998.90120660388
2020-12-13,43324.2147670194,43479.0392719308,360250.068735229,9993.8225019509
2020-12-14,49795.6340772867,50180.5555856654,316575.642756774,9987.01488153819
2020-12-15,37767.1722651727,38217.5843125358,324327.280655366,9999.26380830669
2020-12-16,53042.0267339995,53899.2842129838,351468.694482832,9999.84429509824
2020-12-17,41938.8360950518,42795.9724292176,351534.929372425,9994.1017372734
2020-12-18,26708.5536910767,27369.6976527421,356051.003719401,21508.6817205747
2020-12-19,54977.564523443,56578.0071203886,315810.502065522,10004.3125800172
2020-12-20,61799.030376328,63869.8206827703,268760.609063162,9994.78641972876
2020-12-21,49981.7748886596,51878.4404318672,237401.184647187,9994.47738847292
2020-12-22,47704.1561981694,49728.1062280111,222993.16993629,9992.62086719802
2020-12-23,69417.8191068417,72676.8910008395,244122.813083451,10012.5893927713
2020-12-24,41163.5293825671,43283.9419645401,311202.814492643,10002.5909379095
2020-12-25,81139.2549019306,85692.5645444822,244896.92666961,10008.1797301835
2020-12-26,60119.9011994359,63773.073094918,283866.9479199,10000.1793105504
2020-12-27,32864.3663764403,35015.4967676571,314891.480402032,9989.91124331517
2020-12-28,38188.4811799915,40868.8365898521,287366.696572923,9999.21604800367
2020-12-29,49321.7549628961,53019.0725683638,252958.63276428,10001.7057687345
2020-12-30,35943.5664909598,38811.2189012201,319406.131665737,9998.61935370436
2020-12-31,39260.5095227334,42583.6891643572,328747.461274838,10000.7779437158
2021-01-01,47672.7554323199,50638.8965608449,288975.412969978,10008.9771604896
2021-01-02,42464.6609570603,44928.4571483014,349721.302083994,10013.7676771869
2021-01-03,72829.49721986,76751.7100180972,367895.897385467,9988.5493378011
2021-01-04,43539.1014873551,45704.0014173652,357051.122560242,10018.3887764398
2021-01-05,61575.6043026995,64384.9905907919,278772.152634059,9999.58811246708
2021-01-06,46930.3502339195,48880.786586704,382133.646874617,9990.72892035223
2021-01-07,76678.4216435853,79556.0666986497,431469.732799284,10005.1256111207
2021-01-08,61048.2033337845,63095.1749734068,393120.069026651,9977.68111463936
2021-01-09,62853.5222235041,64711.7947083111,338377.747955439,9999.65638707689
2021-01-10,77076.794063807,79052.4858321633,280077.034760819,9994.40331253109
2021-01-11,44219.4016276161,45180.4317259393,275310.068639702,10001.4360244302
2021-01-12,56975.1908954854,57993.1304627892,259703.539018881,9991.14395903877
2021-01-13,51775.6180040278,52502.1374080776,309311.736492718,9995.9465634443
2021-01-14,61065.4918092855,61690.2058674111,278943.110547588,9985.17695757714
2021-01-15,66949.2827079565,67381.8221152307,306656.029708065,10012.9415951119
2021-01-16,62470.512463455,62640.6424194921,340558.757953645,10008.7814269186
2021-01-17,52400.0114830887,52348.5591425053,335084.908208773,9998.4289156781
2021-01-18,49904.249344244,49671.931817868,350582.746642331,9990.32974067439
2021-01-19,79622.4865314921,78961.873009783,264749.902621265,9991.28050347966
2021-01-20,47981.9910869737,47410.6831467066,324299.794163904,10002.2162530773
2021-01-21,79185.0345828531,77958.8475093879,335830.312978273,9993.40741022205
2021-01-22,50070.4327824585,49117.4888884551,428096.492734164,10018.3081561689
2021-01-23,49084.8632183798,47978.1074984077,427778.71129302,9983.67491432717
2021-01-24,71687.9484413186,69821.7374358267,430110.933165206,10006.5649305567
2021-01-25,62579.1923139413,60733.9775328071,371233.64463993,9997.80617286733
2021-01-26,79050.6425535681,76449.1729528117,317756.88294194,9999.33091813073
2021-01-27,52981.8449683533,51058.5491243519,371403.067892289,9997.48891922678
2021-01-28,74866.2582375338,71896.8656386734,423884.888629527,9994.28312969809
2021-01-29,99936.4354021105,95639.7861507518,386202.717159836,10004.4166254672
2021-01-30,79284.1345767729,75613.6947533565,393293.445238132,10013.2911081693
2021-01-31,81446.3551029334,77409.4190038947,306622.173637135,9988.02223769075
2021-02-01,82324.908690303,77977.6231301866,246348.442237044,10012.2713862504
2021-02-02,95887.6185911076,90516.2357039784,204206.288119919,10000.3415147925
2021-02-03,47906.8626212763,45070.831647091,335765.770596684,9993.77614070728
2021-02-04,53716.075623004,50366.8416587283,352653.913637556,9994.64358850447
2021-02-05,59020.0618494015,55155.8332354099,334718.55290128,9990.62991855102
2021-02-06,81111.7775227304,75550.2383681217,330078.101438783,9991.54944967871
2021-02-07,67472.7330309557,62639.628070568,357555.299421096,9985.0846266251
2021-02-08,75068.6662796003,69463.6130762026,318376.262402804,9994.50110854603
2021-02-09,75461.5655973879,69600.3087679172,284685.212073037,9996.80651458509
2021-02-10,83961.3703920861,77189.8999164727,328956.322162938,9978.31949695849
2021-02-11,66373.5116456685,60824.7468159965,375814.772367737,9993.71955791056
2021-02-12,76003.1413280193,69427.3507485782,371615.082784595,9998.30706554838
2021-02-13,61011.8576675322,55556.6241302096,352421.579524822,10002.2835782699
2021-02-14,60110.3243997891,54563.5053189424,325271.44832611,10004.7095169858
2021-02-15,135050.243328798,122205.070336958,183866.980371669,9993.09048494169
2021-02-16,66434.8716763357,59929.3708517238,306424.855785873,10002.055413265
2021-02-17,75514.5505082688,67909.9095141724,330487.529553695,10010.2699003744
2021-02-18,74634.2400714875,66912.7183369601,283672.372274255,9993.17640136757
2021-02-19,57758.8948993121,51625.7845493948,277843.192396546,10003.9246464914
2021-02-20,97672.5904979677,87037.605731591,228180.502432602,10002.1786083305
2021-02-21,107558.941716472,95560.0624093437,189703.292544094,9989.93612152199
2021-02-22,35267.2528106451,31239.6723214333,275261.243738823,17590.0982925012
2021-02-23,101219.664748295,89395.1489267889,178653.163325088,10000.5222818492
2021-02-24,47300.8221742408,41652.5193167441,323968.394106593,9995.80772301375
2021-02-25,102538.735096001,90031.2747590668,275195.238065236,10015.0539663702
2021-02-26,82422.0022862968,72159.0517903162,322977.420553376,9985.25273160256
2021-02-27,94555.6992886014,82544.275134893,323407.033953395,9987.3170443931
2021-02-28,49723.7633556225,43283.6849460748,368387.700389017,9993.01466145442
2021-03-01,80435.2469361287,69819.5499200147,261589.34243076,10003.9035487584
2021-03-02,76731.8594917455,66418.0649218502,256803.304037042,10017.1634953633
2021-03-03,61157.0310042944,52789.3361238611,359855.045215659,10001.3509953279
2021-03-04,63457.2375122371,54623.5298456991,368171.18346729,10021.4264708053
2021-03-05,60432.7549927322,51877.52946767,335402.547963531,9989.39436527364
2021-03-06,75724.9136201853,64828.1296370015,307269.395225139,10002.0456855328
2021-03-07,42244.0578419624,36067.6365570987,311989.388972557,11034.3663142864
2021-03-08,133230.306371885,113446.731973984,127723.468608785,9995.78987027919
2021-03-09,52206.6790166219,44336.5107822643,235476.702453094,9984.75038393128
2021-03-10,86533.8039137058,73295.4999147016,234401.240204238,9978.68978266223
2021-03-11,77279.9133330967,65286.5654951308,207565.491691239,9996.07118472975
2021-03-12,113521.410140844,95655.5729966662,188100.249963982,9994.13304559589
2021-03-13,68832.5301406116,57851.0410467729,320208.447215459,9987.08745708981
2021-03-14,56945.7180088687,47738.9781651979,289118.209533708,10007.6364612275
2021-03-15,67527.6914113936,56467.4557537052,209182.977388935,10001.005792313
2021-03-16,102404.41965069,85417.9169723137,197248.021543179,10008.47207228
2021-03-17,63505.0185234593,52839.8993324196,318943.990602785,9989.0942185461
2021-03-18,66216.4270143668,54960.8006865739,285729.353361769,9986.29537626557
2021-03-19,48696.1699177426,40320.4355380671,281793.189900003,9999.80549427393
2021-03-20,70150.4974722431,57944.7388936637,256080.988844939,9996.23770422704
2021-03-21,61048.2549143294,50305.9215109808,256645.699689203,9991.93472564248
2021-03-22,87910.1828621159,72269.8920943139,173932.463167908,9997.07724635818
2021-03-23,57915.1258488594,47499.8650577427,240966.738446128,9992.96820506639
2021-03-24,53177.3652637519,43513.0102223214,311290.403726463,10005.4305144197
2021-03-25,64746.1471599083,52857.6668052631,309941.286501382,10002.922206145
2021-03-26,67285.9145603983,54806.2113477969,312589.283973059,9999.90814468572
2021-03-27,58063.590731266,47187.9272267859,304948.47460674,10009.442333008
2021-03-28,50931.750169469,41299.6945723012,256557.400903088,9999.57152629418
2021-03-29,67475.2270820452,54593.8437372158,226478.761214868,9985.88215201381
2021-03-30,49405.6591101252,39886.5939918111,257009.138226926,9992.42827345641
2021-03-31,109147.369571797,87927.4212096992,186193.670030235,9997.38608801836
2021-04-01,72958.9843158468,58648.988832222,219589.976376555,9995.92287482082
2021-04-02,81450.720510207,65336.7091541937,197701.244341079,9998.90447417948
2021-04-03,98075.2677035471,78507.708912416,184985.019334645,10014.6732663612
2021-04-04,71098.1136173421,56795.1515525326,217999.092004117,9990.9275077049
2021-04-05,72267.3038162633,57610.9898221536,196269.495003184,9983.95003127433
2021-04-06,87652.5800461897,69734.6161325089,168058.745094967,10010.3886667101
2021-04-07,56656.9281337566,44984.9139639472,246202.264575526,10000.6918781086
2021-04-08,73920.067150611,58575.5432294735,217369.268157574,9998.3661924456
2021-04-09,36929.4311042552,29206.3067167819,256862.22030446,20084.4347152921
2021-04-10,89904.690515314,70965.3558411613,190851.653320736,10011.4451780995
2021-04-11,37450.1131052719,29504.424216433,238654.042852827,18913.5008085647
2021-04-12,72092.0279895762,56689.3139531555,173911.814616001,10002.2919633052
2021-04-13,50368.7302805881,39533.4658711394,194877.792643222,10001.2818683412
2021-04-14,51788.6070161191,40573.0851669254,232036.790610205,9997.4807084086
2021-04-15,69113.4726326773,54047.6016649831,248456.765803457,10001.5752286415
2021-04-16,53441.0996327205,41716.6098746992,285800.203625208,9996.67352153286
2021-04-17,73996.6853344529,57660.1549091334,230986.845861028,10000.202064994
2021-04-18,134657.52246821,104745.189827224,82463.5677568381,10004.2532722015
2021-04-19,57920.0337147317,44976.1444546813,186993.463129764,10002.4824525391
2021-04-20,75581.5881511767,58590.7967806279,150742.034870309,9997.62049500916
2021-04-21,58314.7241894131,45129.6142120532,221115.292648429,10001.2696092976
2021-04-22,57933.1937809389,44760.0854396258,222686.828004957,10005.4188357963
2021-04-23,37950.8364657647,29273.5147982204,244130.174691129,19485.5111864632
2021-04-24,106777.420317411,82230.5265023131,159302.056257568,9992.11820605553
2021-04-25,51242.0675584053,39399.4783810893,236543.609443799,9988.4639972603
2021-04-26,64180.469379182,49270.4982403287,190030.71442484,10013.8011797493
2021-04-27,74631.7214353029,57205.5049454658,163092.830933745,9989.78829456842
2021-04-28,44889.9333408666,34356.0867290485,239142.208269899,12746.0670214624
2021-04-29,59941.0054428056,45806.7194285602,230994.085083969,10017.7535580498
2021-04-30,62355.0849802086,47581.4369152759,225005.446745252,10004.9199600383
2021-05-01,50096.2658203856,38171.7106738584,231385.414752074,9998.05486339863
2021-05-02,63023.6206785632,47953.498012281,215009.626110935,10001.6823460251
2021-05-03,69570.1523257682,52860.4260659377,175564.371022929,9991.58802888924
2021-05-04,63309.2718512662,48036.9999839007,172657.493857422,10017.014602195
2021-05-05,66120.8374598961,50102.3218440419,211686.352408219,10021.4524429111
2021-05-06,71702.5046006103,54259.3866536898,210019.55270498,10013.2986134234
2021-05-07,38426.0810200714,29040.0792935507,253100.029326452,20194.0591184567
2021-05-08,81778.5388502109,61723.7503078155,223377.535336898,9992.96370029161
2021-05-09,98579.8712959611,74310.9083836555,183155.242498923,9996.94230178209
2021-05-10,115434.056118398,86908.0000817061,101031.680888973,9993.2723097752
2021-05-11,63667.208400254,47875.4864464625,183479.092383344,9992.04944303978
2021-05-12,125332.589635476,94133.2634526026,157931.306131393,10012.1002107447
2021-05-13,66462.456540739,49859.4315581923,271510.078570387,10004.5100519302
2021-05-14,78700.1716154296,58972.3681958895,232217.506977625,9996.77005593452
2021-05-15,63750.5646547692,47716.5468419466,228850.810476396,10006.8708769202
2021-05-16,85697.4541893822,64073.0065850206,182813.584443722,9999.97423042361
2021-05-17,66234.8294677463,49468.181889118,187263.159542828,10000.3648477187
2021-05-18,70336.8207880837,52476.4851880675,171308.103715375,10000.5637730858
2021-05-19,46332.8812197703,34532.1745006498,238251.63383565,12541.6071015079
2021-05-20,85791.483010083,63876.5641753239,195676.748603866,10005.1450871352
2021-05-21,53245.984738461,39605.6487161995,255378.939683824,10005.1677644274
2021-05-22,90191.9148707562,67022.5448061449,207361.374702403,9984.55786604149
2021-05-23,88278.8476225717,65539.5032313631,182315.414073827,10016.507164447
2021-05-24,49122.4142086647,36435.9018858085,199220.248257783,10331.015736017
2021-05-25,81216.5233594216,60187.6928883944,156581.950821237,10020.7324386096
2021-05-26,64281.4699921111,47596.2495557408,208532.347497557,10010.7684306032
2021-05-27,76093.0616571323,56294.475411829,260481.87109574,9997.51771339897
2021-05-28,58499.9240621763,43243.4125973228,280954.498826719,10000.9531770131
2021-05-29,55034.6604135607,40649.4846133977,268779.755641419,10010.8490730664
2021-05-30,90509.1701240632,66799.8656206549,214273.824975168,9991.17182545255
2021-05-31,100055.41689153,73790.0873578765,172895.785696091,10020.0012689286
2021-06-01,58184.607066375,42879.5380494551,229141.309828407,10015.6372927912
2021-06-02,74534.9264202461,54890.4201451857,264530.617827206,9996.16570518766
2021-06-03,108019.7470376,79495.9096302754,221347.969046104,9993.73208548734
2021-06-04,52129.5824733404,38339.0138482773,266577.41427506,9998.96330445913
2021-06-05,119505.398063561,87835.3718641829,156122.631911013,10003.1006651266
2021-06-06,96319.0872199796,70750.526669728,191380.2054826,10009.1694294863
2021-06-07,98407.6893024108,72242.3589773219,166392.581383665,9994.7603656126
2021-06-08,65695.7699819324,48200.9975944269,202569.719385663,9997.64160310957
2021-06-09,82763.9326392702,60691.1887001489,219604.727321251,9978.60670159655
2021-06-10,78232.5640726152,57338.7428031595,239924.798485785,10015.7048144578
2021-06-11,52845.5528388231,38712.8635427323,268149.729457184,10016.3737458913
2021-06-12,104993.06355332,76878.319508275,200225.344352116,9988.15065205223
2021-06-13,68375.5201978145,50043.8268961414,237390.880932562,10024.1341541943
2021-06-14,75254.0938509548,55055.0005673897,184601.780485029,9990.24841241376
2021-06-15,54637.053741925,39955.8946700602,216427.290152965,10006.0297825998
2021-06-16,111795.243398354,81724.8318598316,227158.392266389,9994.25508076627
2021-06-17,114298.394764264,83525.3185176644,250930.014457437,10001.9980650586
2021-06-18,68203.5107047411,49824.4159237155,318268.544960897,10003.3745421299
2021-06-19,56105.2992954229,40973.873705818,303076.869962789,10010.7790709985
2021-06-20,76615.9837678279,55937.1527536958,264696.922492887,9993.27397579242
2021-06-21,51050.4815881144,37262.2289400534,253892.346367299,10008.1072485898
2021-06-22,53064.5376802418,38723.2288487085,246927.877529272,10002.5203301311
2021-06-23,93147.6083007398,67959.0434690507,262556.890860072,9991.21591667317
2021-06-24,86633.30962577,63194.4599194601,274573.836163246,10009.5055845026
2021-06-25,48275.0598164938,35208.3483932727,304835.758867317,12228.2340905418
2021-06-26,96300.0154725591,70224.4104341912,254869.799761831,9996.44417104595
2021-06-27,66602.1537550013,48562.2848102838,297795.628341516,9980.46550885757
2021-06-28,117504.796880591,85669.3967581777,190328.928436892,10018.9203631227
2021-06-29,105437.148679791,76865.8123381182,204744.18118492,9993.6378472103
2021-06-30,89262.7359682943,65071.2874840914,271314.974413424,10007.7828826264
2021-07-01,94204.1052840394,68671.8667391847,275850.743297566,10005.6539750766
2021-07-02,53178.6610599318,38765.5921646404,314443.013127164,10004.8647403269
2021-07-03,67408.8367749698,49140.1002800348,250483.896409589,10001.1349357684
2021-07-04,105745.137456414,77090.3423809217,126157.010285758,10004.7886068314
2021-07-05,97873.9242903268,71357.0873266436,138162.753466127,9985.13981335754
2021-07-06,65667.4376601521,47880.7460513151,202846.939406455,10021.5604876703
2021-07-07,94608.4442517916,68990.8738547532,244181.677913686,9992.7958159043
2021-07-08,55089.3016866315,40178.1651622592,302514.811986099,9997.39794124481
2021-07-09,80374.670931931,58629.1109353721,259769.192149097,9989.2462649783
2021-07-10,66721.1080147023,48678.6806724524,272089.592211858,9984.60495849558
2021-07-11,92288.8356934102,67346.7038622185,240983.099090685,10002.160052376
2021-07-12,85526.0860153335,62426.2984071835,237871.234730249,9995.84102663911
2021-07-13,53602.9235078067,39135.3706217099,282699.522784805,9990.82756456271
2021-07-14,62722.3903599919,45806.3557883379,300081.148658079,10010.1937092592
2021-07-15,106500.48284955,77801.3374787116,205216.482888212,10011.4011159011
2021-07-16,86806.7641988023,63435.3845838934,203878.234371043,9993.27196545638
2021-07-17,162697.837546299,118935.770550192,68319.7114300679,9994.96106539849
2021-07-18,71653.0692919163,52399.6499323951,221797.347121154,9988.44729982299
2021-07-19,121053.081829789,88560.9957914438,115811.050816846,10010.8666437292
2021-07-20,91782.5503426935,67175.3582005355,176664.298067178,10009.4228659126
2021-07-21,50083.0131119922,36671.9262554474,307559.159346726,10166.8490822667
2021-07-22,70712.4021233104,51801.5126557147,317289.375703874,10000.8172015948
2021-07-23,108649.965508241,79632.4714867667,240892.040256219,10000.2287931709
2021-07-24,73945.626181498,54224.6822863339,246929.950067902,10000.8495734014
2021-07-25,111631.62927172,81904.1453577291,175669.747146274,10001.7972492049
2021-07-26,72502.655711873,53225.1383796896,234011.41718715,10000.0006488032
2021-07-27,85842.3279745329,63054.8948297541,206684.384020947,10006.823772255
2021-07-28,67472.3062368722,49591.5264488521,239694.719261019,9984.80031236076
2021-07-29,77805.826105873,57222.7611083449,210665.611574788,9982.50944103848
2021-07-30,55559.410853965,40888.3192701861,245623.092738417,10013.2652718081
2021-07-31,90024.1580590493,66297.293046439,218403.128224685,10019.5984892724
2021-08-01,112216.015661815,82698.3485140653,187856.107618469,9992.60332215762
2021-08-02,88574.0685632954,65322.6827690263,185429.716548755,10005.7321535889
2021-08-03,38651.2798002936,28526.3945430819,242667.088156811,20515.7743115148
2021-08-04,70943.8799459353,52400.2898283796,270411.154408946,9996.1072238068
2021-08-05,111067.974669004,82101.9570872598,215401.85423743,10002.5818611721
2021-08-06,102514.08728488,75841.0378074708,223173.79632162,10001.4371155705
2021-08-07,75761.3879578674,56096.3824936562,255622.089869185,10012.976443363
2021-08-08,68464.2887614112,50737.3058504129,251384.261169285,9995.15491129214
2021-08-09,70039.5506256421,51950.911530563,229148.506655197,10017.0144382252
2021-08-10,65117.1530322448,48343.9235616252,238206.737463389,10010.0078080374
2021-08-11,72785.0630570731,54087.3331822616,268652.339507079,9994.22020989129
2021-08-12,92288.8413171378,68646.6678677355,237204.176393625,10006.6525627851
2021-08-13,65471.7228730568,48747.3646688019,246466.223984338,10007.4913821793
2021-08-14,95175.0182764138,70934.5124391111,200017.826086967,9995.94477521778
2021-08-15,84658.1254016941,63161.2406406092,207860.616523182,9984.91262595924
2021-08-16,57314.4291267526,42805.8866867591,217599.445495058,10006.007839704
2021-08-17,139546.579276661,104334.124945551,105549.848732465,9997.69815312752
2021-08-18,78303.6100755259,58609.3299454852,265816.070673484,9996.73381463695
2021-08-19,45944.7543143445,34427.7644188008,314604.417060741,13513.4628960633
2021-08-20,115418.891907621,86586.0312891533,230540.007685578,9991.7491572265
2021-08-21,72628.9003333763,54549.2232246937,278314.318200692,10003.0686545364
2021-08-22,78527.0423281023,59049.5554167387,276430.899741016,9987.64528237881
2021-08-23,70185.4590039276,52841.2331850458,272363.769291945,10001.4456676545
2021-08-24,84016.807213339,63333.0636512352,234926.758034474,10004.5388132259
2021-08-25,83472.6600297804,63002.4172313034,281082.369796788,9980.23154412741
2021-08-26,72065.3770229106,54462.5995550211,290330.948876028,9999.2469788001
2021-08-27,100808.725641048,76284.9171460715,258477.999855855,10003.0672340878
2021-08-28,110321.941740802,83595.2120979989,223219.286685318,9995.73306061916
2021-08-29,92167.5383993229,69933.7065668035,237564.880082736,10009.8868463081
2021-08-30,99595.075934376,75673.8051011936,216387.663662156,9989.00668946551
2021-08-31,152232.664349196,115830.99619912,94952.2704869997,9997.47167961095
2021-09-01,121326.886183116,92447.1059968199,174125.050564923,9990.14992442615
2021-09-02,100373.017001467,76591.8670140069,245407.272132494,9980.68851062633
2021-09-03,63576.0155844421,48584.582236297,293651.54077601,9983.59107355285
2021-09-04,81847.3779876917,62641.1181174649,281652.940786173,9991.01868996852
2021-09-05,58335.0373693833,44714.0331825396,327785.880191321,10002.0490288896
2021-09-06,72110.3520583664,55358.1643850313,246032.388308222,10002.1761862799
2021-09-07,56646.9132991191,43555.2065368992,214999.291859455,9994.59504637859
2021-09-08,42467.784562626,32704.9321250752,261671.407869281,15183.9583247242
2021-09-09,81529.6558069366,62888.1945174298,233917.222551975,10007.2266279052
2021-09-10,144126.089461875,111354.055548638,137586.771995487,9991.4038636235
2021-09-11,97113.9452135654,75156.2310037358,205597.663947082,10007.3190885922
2021-09-12,53962.4342126303,41831.6430506363,229152.641554731,10006.9348421609
2021-09-13,49730.8269412913,38617.0503176585,205132.44951763,9991.9166543945
2021-09-14,88445.3641361458,68798.4323933011,132658.414641514,10009.8792087699
2021-09-15,73044.7346645336,56918.3700191034,205565.25131957,10005.6418533707
2021-09-16,86571.8749429833,67578.7953080679,189223.34752036,10014.6737392623
2021-09-17,87914.9738459937,68750.6112168511,184055.186408828,10006.2831087774
2021-09-18,134628.496998915,105472.878869517,101340.929978066,10034.2485858962
2021-09-19,57540.066793336,45162.1125671717,226066.421376564,10018.0733578802
2021-09-20,84701.0941169226,66604.4089821453,171096.820005904,10009.4095927482
2021-09-21,35558.5605671609,28014.1972482201,229439.943692354,20656.2116307109
2021-09-22,57660.3068955069,45513.578583013,222256.043008251,10001.2053249018
2021-09-23,44955.1671393665,35553.6048272686,241759.826955757,11370.4728366627
2021-09-24,70422.4603141355,55803.9789121381,212553.752341683,9998.03821783773
2021-09-25,40298.8409729842,31996.7911026998,254679.696466384,16003.201608023
2021-09-26,72716.745156712,57851.9686156029,216451.305086473,9983.55991709955
2021-09-27,117055.009592871,93315.4360294447,105363.560303899,10022.3748007165
2021-09-28,142769.036310938,114047.878934315,42438.2422166056,10008.798626321
2021-09-29,59721.6687190953,47806.2562901666,241467.519710471,10014.0784564659
2021-09-30,67910.6822892245,54475.3989823562,221963.008226865,9989.18520907607
2021-10-01,176498.804919397,141880.76404416,7516.67931418587,10013.1484998315
2021-10-02,61386.137503748,49451.7164261856,236103.63353614,9994.56594929653
2021-10-03,93405.5181291563,75408.9317968206,177719.511427192,10001.5852693027
2021-10-04,80848.3587396438,65413.9727173587,157448.113556836,10012.7606148554
2021-10-05,77242.4074484438,62634.5614481213,164140.502091965,10013.0133365015
2021-10-06,98390.5756641875,79961.4227396236,166141.868173535,9995.32903991136
2021-10-07,99377.1129782935,80945.3671337599,166415.314957579,10004.8511500787
2021-10-08,86358.7044313266,70501.7954704152,176950.108969861,10008.2859544539
2021-10-09,72302.4329837263,59162.3238555617,208754.218142493,10005.2218473833
2021-10-10,88437.5620961976,72533.2493719834,178543.128464742,10006.3988928237
2021-10-11,83379.4752110131,68545.2524405704,154261.205598097,9996.74736321735
2021-10-12,75039.2686040656,61835.0116958294,163244.965714239,10017.3555045739
2021-10-13,106874.463086699,88278.9585406664,149522.414789473,9995.27915359502
2021-10-14,56268.4044687463,46590.2468108758,237375.086319276,10006.5276214006
2021-10-15,87224.6504232553,72397.9961321153,182175.20433309,9976.15094058649
2021-10-16,50816.3292231019,42282.165772456,237093.352086785,10003.5699928241
2021-10-17,48870.200844678,40763.7753566711,233469.112588408,10013.1073317425
2021-10-18,67358.599691974,56326.0592542088,183523.704966052,9992.51830853703
2021-10-19,48219.4008106983,40423.4945651638,206467.777993473,9997.81886134289
2021-10-20,80020.929384553,67254.4516520013,212118.475078822,9998.02837692883
2021-10-21,58995.3444929031,49710.741564987,240219.381768764,9999.22531623051
2021-10-22,64114.1659812449,54164.0578510792,241975.567609164,10003.1955206353
2021-10-23,84141.2999113933,71269.0112020097,204620.897511107,10012.2279067134
2021-10-24,39624.6544270584,33651.2291404214,259193.94394006,13900.1214542517
2021-10-25,69572.5899199325,59241.6483630338,190638.00558069,10009.6110877103
2021-10-26,111473.151890645,95174.8798211396,93075.9994609035,9997.91268347196
2021-10-27,56106.5121726868,48032.808104008,239325.060232226,9996.55562309425
2021-10-28,86676.6558906391,74406.185365312,185622.199806096,9987.5046664882
2021-10-29,73960.2467131248,63664.4439958574,203966.187096484,10001.0941323122
2021-10-30,61924.2101667478,53451.5474511429,241898.107536535,9992.01890415705
2021-10-31,59972.322527366,51911.2352746415,255134.053137704,9995.20683096307
2021-11-01,69749.8948207785,60544.431065428,230685.840043658,10022.313602327
2021-11-02,53306.0529778521,46402.0067489768,256995.16352943,9980.41572420211
2021-11-03,93368.7305676148,81508.087222173,212313.3571237,9996.38306734612
2021-11-04,71356.803638755,62471.6598302831,227127.001918553,10000.7394394702
2021-11-05,49374.4568490944,43351.8639224358,245637.7109413,9986.95563274595
2021-11-06,45333.8534588622,39920.4309798662,258135.16259025,9994.87215098615
2021-11-07,64636.5533829708,57085.6891311958,254092.874228561,9990.17169447749
2021-11-08,79750.0117431994,70642.4242303335,216391.585968109,10004.6028819141
2021-11-09,68551.9036942803,60904.5058529202,204185.009004384,10001.891342572
2021-11-10,46220.222347886,41187.5785113478,269512.51266346,10001.5982397154
2021-11-11,69587.4160055323,62198.2978087328,232569.798322957,10015.7419668008
2021-11-12,78186.6648871763,70097.615789895,237300.139411943,9998.90054872657
2021-11-13,45975.7103129346,41345.7579524268,311202.074855691,9981.14476351992
2021-11-14,39894.7805897704,35988.1646593762,332097.04771671,11221.5769380213
2021-11-15,73494.4456602307,66504.0926984326,275293.217377094,10007.5683127862
2021-11-16,83941.9584724911,76196.0202898568,229498.603410469,10000.9605823645
2021-11-17,46433.4759741742,42281.7345738533,321317.763524891,10004.4810944609
2021-11-18,44557.6478287548,40702.5208469657,380524.609380386,10011.8071235424
2021-11-19,50211.7927512751,46014.1328302449,365269.005703032,9989.67251924856
2021-11-20,166496.42607136,153068.517163103,119070.155198205,9990.22497333921
2021-11-21,53125.4852509644,48999.1182616088,336659.098465383,9993.59687324965
2021-11-22,66376.3892485253,61420.3508422786,284398.670817642,9998.45052509587
2021-11-23,38702.252357756,35929.9910390597,264547.706926988,11040.7656628067
2021-11-24,82302.0621261859,76658.9094916435,202626.972014476,10005.5940414779
2021-11-25,59468.1020860292,55574.5388721009,271947.431475498,9990.2533446249
2021-11-26,65769.6437462242,61668.8615856071,280527.215297677,10000.1589659906
2021-11-27,73535.1365864473,69181.9413730858,228536.232927389,10006.2536918264
2021-11-28,86773.7456748843,81912.8989939615,224624.542161435,10003.1691906148
2021-11-29,50360.1551874407,47700.8145463818,264319.477969838,10027.088195964
2021-11-30,65690.1935651093,62434.2208033978,201188.751427155,9995.51536375048
2021-12-01,102111.107186964,97383.8981907015,185170.482002527,10005.6606685167
2021-12-02,81850.7904098764,78331.7121485529,268897.046420457,9995.96388375052
2021-12-03,88758.9977217118,85238.5825557648,240245.387575697,10014.6235430111
2021-12-04,44471.3786218545,42857.0215202564,324506.007506667,10007.9995644762
2021-12-05,42342.2663533278,40948.8289923264,304327.739874682,10010.5742316182
2021-12-06,60461.0797020027,58678.3197489854,251619.087458002,10006.7542476876
2021-12-07,59797.2271611121,58240.5604430331,258398.659344264,9984.60870211838
2021-12-08,57659.5174652039,56359.4221490261,312431.857447626,9989.07582316918
2021-12-09,55210.3918701762,54159.6239240152,307412.116294348,9993.52739347812
2021-12-10,47413.6897870965,46679.4847213477,328966.477805781,10002.843714858
2021-12-11,31433.1443513138,31058.8788290074,346309.560403543,19897.2980016304
2021-12-12,102524.590943751,101673.962760237,249237.940307299,9986.88382737151
2021-12-13,62655.7129645217,62364.0339904762,280152.870627859,9978.80010727124
2021-12-14,72824.4776835402,72752.9702597339,237580.733016756,10003.7469439999
2021-12-15,38346.9937792453,38451.4266085683,302589.875232339,10001.292655874
2021-12-16,54398.9988002759,54750.4545552243,291010.893765509,10009.3396538955
2021-12-17,112657.992141904,113810.509371619,203618.464891217,10004.5773651532
2021-12-18,33496.1820097817,33966.2029796868,344367.352442063,14620.6355351817
2021-12-19,69565.7400869826,70808.6270040833,302191.87882374,9998.95956623146
2021-12-20,62920.8923757074,64288.3661352041,289842.268318343,9991.01379615339
2021-12-21,46258.23265333,47443.9593118134,286905.730255504,9979.33686979737
2021-12-22,42991.1903177516,44262.2304000003,315169.12314453,10003.9311002391
2021-12-23,50110.1174632135,51790.3305358983,271154.064237514,10004.0620522797
2021-12-24,43327.8105857515,44953.8490096825,225079.14349922,10006.6807454859
2021-12-25,62003.6045462402,64580.48888032,194974.576315747,9977.37323085964
2021-12-26,30007.8055597874,31376.9113676814,266419.701451164,17156.6473436006
2021-12-27,29028.3200820927,30471.6986996391,250372.299846019,17968.6234245152
2021-12-28,52245.331801746,55058.9899603674,228042.796210632,10000.1933777476
2021-12-29,58371.6713411545,61758.3909872183,274343.409040435,9998.60322501932
2021-12-30,53443.5236338581,56768.7149735686,307752.968445288,9986.40943054411
2021-12-31,56080.7097832446,59807.3534043223,316658.117902226,10004.5435222567
2022-01-01,44244.0854871718,46545.4033655035,299764.702613194,9983.61157991058
2022-01-02,75007.7942816774,78628.307679791,244348.639685847,9978.78857344072
2022-01-03,52631.9705694529,54976.7239249413,257992.225745974,10015.0964676457
2022-01-04,45081.1713848485,46923.1237902364,241106.173736395,10000.1693033636
2022-01-05,69530.4722337107,72116.6058874598,314682.938436775,10009.5116908248
2022-01-06,46923.3707640768,48497.9771746097,361427.998579383,10003.4233166189
2022-01-07,63687.4922395361,65594.7240787453,382972.309310555,9987.68196987427
2022-01-08,49675.6314292201,50985.2531101428,440953.064921133,9999.00444964697
2022-01-09,47848.7327198359,48940.0260301624,383372.75022267,10000.8812246409
2022-01-10,68813.8220407708,70140.3977562831,356507.430911807,9998.00400775732
2022-01-11,108695.901956356,110410.603412393,239396.016327096,9994.34282915915
2022-01-12,46400.924851875,46971.6332485075,330273.560458876,9995.029318675
2022-01-13,43384.1874907474,43768.1620672448,355944.581864393,9997.51975164695
2022-01-14,45625.3516714786,45873.0219130777,369509.577758477,9993.96896147727
2022-01-15,46123.8411110694,46217.6015088479,355225.845008726,9989.31991895515
2022-01-16,44784.2767357936,44724.4386063485,334303.870748195,10009.5283748106
2022-01-17,38949.0076614645,38766.7837093049,304896.598151419,12205.5096456997
2022-01-18,51379.113389945,50968.3672904649,264199.802571811,10004.300037803
2022-01-19,45739.7648173752,45223.6428459618,303630.195973186,9996.17964310463
2022-01-20,68224.3378920852,67231.880197471,281204.584276623,9991.14693170382
2022-01-21,87484.6594406001,85928.8523313819,240367.849504914,10003.1387380911
2022-01-22,95779.4739810641,93768.6475248788,249063.544012775,10005.1120799357
2022-01-23,57396.508625329,56008.7333131727,310556.620923871,10010.8352110289
2022-01-24,50304.7645101615,48929.5802771235,294932.441824415,10010.1215300108
2022-01-25,59305.2169222631,57498.2249842359,267169.693478798,10012.5071216116
2022-01-26,96797.5471741335,93547.4997706919,266658.795422301,9996.94554538253
2022-01-27,73480.121803327,70786.6183432781,330638.996279785,9992.6995420447
2022-01-28,71273.2620642868,68442.9343333631,336677.830582333,9979.78189250541
2022-01-29,76423.7856484613,73157.4375605255,306192.729046032,10002.9583569601
2022-01-30,115781.619485587,110485.383339844,233062.120244595,9994.60596219819
2022-01-31,76865.5879323643,73120.606996667,292415.961778224,10004.4357311454
2022-02-01,83242.4575999018,78941.0247609831,240851.363158198,10006.2757531858
2022-02-02,62584.2549145316,59167.1202335391,316752.009516531,10006.8288821492
2022-02-03,59384.7879767219,55970.0282751013,346365.101489363,9985.65829911549
2022-02-04,76251.5136114007,71647.5407973193,288180.197243048,9995.59784496291
2022-02-05,75398.8936336866,70631.4091319726,319510.751234052,10003.7945383299
2022-02-06,77134.036876657,72038.8301815391,336365.69012302,9997.77299111236
2022-02-07,74844.7899470761,69691.131069664,249809.356676798,10009.8567856661
2022-02-08,66326.9918867673,61575.6894898839,221464.36341951,9997.84437533726
2022-02-09,52483.4290190956,48579.3791744152,288258.573251769,10000.9558685726
2022-02-10,134358.211834996,123997.383347053,199427.160681569,9988.93164810858
2022-02-11,61530.0170576892,56618.9349797513,318226.17500666,10012.3858379926
2022-02-12,59630.6403565245,54711.4636281011,337034.285837783,9992.16544501643
2022-02-13,47200.6152609545,43181.5870070106,378841.037227267,10009.8871333577
2022-02-14,75828.077798553,69172.1033894735,310695.479071793,10005.0787340572
2022-02-15,88715.7138846765,80697.3794188346,340262.434807694,10009.734107639
2022-02-16,34859.7371490142,31619.0572407646,422880.644355272,27760.2883080467
2022-02-17,88928.340687211,80433.8659768879,347885.557952482,9980.16456902895
2022-02-18,90181.6162380014,81338.9878147463,357320.539441301,9993.98547770711
2022-02-19,33570.6077963124,30194.6520835449,447821.330035431,32390.2882997225
2022-02-20,88723.2322871527,79580.446218147,403872.433770263,10004.9394948056
2022-02-21,53235.1992169304,47618.3377297628,357770.49792784,9987.7873131105
2022-02-22,56105.3516694518,50048.8545496223,297943.453384618,9998.79665743113
2022-02-23,112158.621633419,99780.3967404347,281391.850645564,9998.62350693305
2022-02-24,85320.755157654,75700.403683615,362977.222494997,9998.23518980111
2022-02-25,82253.4965715942,72784.1938407462,312149.826818169,9995.31748337766
2022-02-26,69878.2941395934,61669.7933513703,334423.28246803,10005.609739262
2022-02-27,124218.608264329,109338.387622288,264401.11471762,10012.0836128248
2022-02-28,73712.6886875332,64713.1304410025,317124.523678225,9986.21246299019
2022-03-01,99165.1271050769,86832.3688545535,240697.547093054,10000.4989799294
2022-03-02,78912.0469693583,68920.258897315,283834.762965715,9985.01569201624
2022-03-03,85520.9131265474,74501.5409999126,284851.013213803,9996.79848271414
2022-03-04,95370.2075253726,82871.1632522977,242974.270324484,10005.8630496261
2022-03-05,86362.7728579465,74855.4689968925,304342.329809644,10015.1609455436
2022-03-06,74223.5977103333,64173.2010951844,344556.722954944,10010.6457592327
2022-03-07,50283.8051169667,43367.3712433403,305772.608344177,10002.2188698055
2022-03-08,62707.4720389017,53949.3302488075,223411.152106682,10001.0600458219
2022-03-09,138435.479913615,118810.422037455,125208.155546006,10004.4009274733
2022-03-10,45487.2718572932,38944.4851232705,280409.835780402,11792.0820285118
2022-03-11,67748.9686390962,57865.0481205492,236055.972516018,9997.1987063252
2022-03-12,85649.239939074,72979.910321125,217458.976844028,9999.1204863755
2022-03-13,64446.3867186743,54783.9339099262,249234.960432377,10006.7029947633
2022-03-14,92465.2686208638,78418.1830607898,168174.726219076,9986.59734127563
2022-03-15,84944.0011234746,71872.5477563597,167358.088958688,10011.8381630588
2022-03-16,86329.5647261395,72877.047907278,199383.129792379,10015.5125354432
2022-03-17,76586.2930921185,64504.7790055799,211973.717760952,9992.13216630611
2022-03-18,91663.8743606275,77029.5603527169,220974.440048855,10010.52665311
2022-03-19,164765.10776755,138150.222163848,84745.13425166,10004.4142321026
2022-03-20,56592.3773093373,47345.6619030842,267207.489288101,9991.75890645752
2022-03-21,71399.7304378144,59602.3714872399,197437.470730289,10011.2927035519
2022-03-22,78086.9400191822,65042.7511850557,183091.226755827,9989.08701685839
2022-03-23,54325.4721161082,45152.9751983331,269067.303473792,9992.05380706114
2022-03-24,60507.2335363568,50183.5493431064,261678.300149112,9998.87805928722
2022-03-25,76514.7555596147,63325.6059871627,220743.014647791,9986.07882891778
2022-03-26,57733.3320901171,47681.4821988948,244291.260104656,9999.4855023436
2022-03-27,85395.3835046727,70380.9912708255,231505.519609821,9990.12282406876
2022-03-28,81272.5856898338,66845.4481096069,246386.667546642,9995.94261946508
2022-03-29,73622.3372958249,60430.0657902172,243157.534255024,10009.697292139
2022-03-30,76899.6164010482,62992.999252647,225240.621045279,9988.75313387757
2022-03-31,51754.1019327919,42310.3379701695,251869.41714324,10016.5621303438
2022-04-01,109095.445030325,89012.4820745014,162268.915631742,9993.65404177871
2022-04-02,100813.083996086,82094.252726462,173095.728026125,10022.3694979337
2022-04-03,55381.3130915755,45011.1035441496,207705.454607887,10005.4407918459
2022-04-04,78953.2858958674,64046.616483758,166522.912033497,9982.53278352886
2022-04-05,69113.4498170932,55958.6395757981,178965.891216734,10020.4603731323
2022-04-06,70784.0046711338,57204.1236626905,212288.498767195,10014.6769893781
2022-04-07,86064.2243010165,69424.3058343132,192096.157875214,9995.89127034421
2022-04-08,60927.13363336,49057.4957684182,223614.17516316,10002.487656553
2022-04-09,103101.343827014,82865.5024328908,161649.026848473,10012.3209284785
2022-04-10,57501.7201361156,46133.2633602289,215808.648398689,9983.44327740052
2022-04-11,110045.156019141,88132.7383506489,103703.302939077,10005.7932144251
2022-04-12,95631.1248842089,76455.3178484914,126758.548301745,10020.9457361023
2022-04-13,85870.2722578381,68533.4336204901,179988.998903865,10000.7288052539
2022-04-14,78229.4108004834,62328.9851563483,186740.046515347,9976.29273076912
2022-04-15,104308.06358331,82967.377500693,147796.66579749,10008.5570831159
2022-04-16,83075.839486893,65969.4479252288,187354.47915434,10004.4410657741
2022-04-17,136747.67730927,108411.626171081,83358.8677731873,10009.4897068
2022-04-18,71811.1222628394,56838.7569128992,167748.096401892,9995.25505048389
2022-04-19,69488.0132197187,54912.2053116294,161666.515293109,10013.9891043308
2022-04-20,77024.652772142,60772.0742808693,189418.007438427,9990.28429604932
2022-04-21,128228.726829441,101014.601732341,103686.102063314,9992.5801469646
2022-04-22,68179.0784558393,53627.0208377424,218238.998592806,10003.8694340466
2022-04-23,86112.644081407,67630.4690882668,197929.346793703,10008.2383076074
2022-04-24,73616.3855469303,57730.0744288687,209888.641225343,9991.89984579429
2022-04-25,54085.7825937221,42351.8246262382,210639.787157569,10004.8385736771
2022-04-26,70903.3978363919,55440.4405605934,174153.044234559,10004.940179715
2022-04-27,73017.5688176086,57012.0759897056,210949.282779438,9996.45294777864
2022-04-28,121363.41456754,94627.2867139888,128896.078948582,10000.8448944698
2022-04-29,129101.583272597,100521.40327804,105832.843522758,10004.2475911371
2022-04-30,58120.2851692546,45192.082154924,219443.909111279,10004.489480794
2022-05-01,67171.669343506,52160.0105355822,206908.297804543,9986.3724350236
2022-05-02,62149.0215477273,48196.1136267063,183104.595141504,10008.3637533158
2022-05-03,60769.0933839978,47064.7724728152,175712.684411963,9996.25032303939
2022-05-04,136528.439239615,105604.179897725,94761.0934097615,10006.6664965796
2022-05-05,51181.529475709,39538.9670679374,245557.078547573,10953.2541161809
2022-05-06,73695.3117658172,56861.1060625425,224727.667696192,10005.8164452373
2022-05-07,62892.5083466733,48467.1022541633,248751.07405564,10003.2830398632
2022-05-08,90052.7421079818,69314.9788521068,219945.873311631,10019.1931472056
2022-05-09,161197.524210944,123930.97306053,56231.216728865,9990.94337312012
2022-05-10,75125.717429528,57691.3621967134,201772.157862258,10004.2994204052
2022-05-11,95610.9981817278,73339.8500368906,220826.541226528,10001.9154024067
2022-05-12,114684.076928339,87872.8340974049,156128.66227214,9987.58647193818
2022-05-13,78039.2284558759,59730.0898512844,193285.435488053,10008.3413399726
2022-05-14,48793.3097454207,37305.9858238436,229518.308545436,13123.1319757543
2022-05-15,100623.82286217,76853.9959365293,165056.608164173,9993.03292529844
2022-05-16,88246.9174183024,67332.0662626367,170680.860642242,10007.4711134786
2022-05-17,72145.0511235636,54991.4368190052,203490.968737419,10007.0883807424
2022-05-18,83475.8364344037,63565.9868930495,240133.593726309,10002.9525285934
2022-05-19,91678.5014060481,69745.531358064,198719.063215046,10007.4873399369
2022-05-20,109847.016787924,83489.4103810275,142276.003341205,9999.32600852419
2022-05-21,103343.46003034,78474.7160540352,150683.229104748,10004.8743981735
2022-05-22,107336.400653868,81434.1930308797,140403.980320007,10012.8025119949
2022-05-23,126097.602980366,95584.8372267235,68888.3417388775,10016.598869684
2022-05-24,50101.2940377676,37945.730310295,196708.898029257,12128.4754316235
2022-05-25,104856.516665424,79350.6695079097,138813.607665237,9992.68346985581
2022-05-26,58187.2770952197,43998.0877335339,265657.832326956,9997.80813026137
2022-05-27,74271.9571057465,56116.5078749723,249232.985045473,9998.843560597
2022-05-28,88585.1958092402,66880.0099396374,229612.776850625,9997.58864310234
2022-05-29,75829.251247903,57207.2101362602,252492.728914866,9987.00362734548
2022-05-30,73293.2009258602,55254.2802166563,229157.73584959,10002.4151712418
2022-05-31,65054.8868815036,49009.4485533553,208151.434753425,9996.91644905638
2022-06-01,107627.074884071,81026.7650175527,152128.271664099,9987.79160829525
2022-06-02,84465.1423919789,63547.8669527964,186159.35605411,9992.19817092284
2022-06-03,86596.5127771395,65110.3131480894,185248.761040296,9990.68296278671
2022-06-04,78987.7366331371,59353.2356853094,223885.728944967,10003.4523943309
2022-06-05,74077.4013932536,55630.7928728573,246066.498271362,10016.6214484676
2022-06-06,136973.798490539,102806.653736082,91461.1631772144,10003.7325089688
2022-06-07,114666.468939652,86016.9048675423,135123.666713016,9981.00560797099
2022-06-08,39006.2303639854,29245.1894820766,284182.686004473,25810.9282639397
2022-06-09,50715.6087817587,38005.340393192,261591.194650704,12761.0336676241
2022-06-10,47916.2870555093,35890.3842801518,288356.782405341,15835.2399269446
2022-06-11,69010.9990234962,51667.1700742547,296351.189516187,10002.9396990089
2022-06-12,117511.326291639,87940.097691422,220933.867194417,10008.4148081461
2022-06-13,56342.5024247334,42146.7071846849,272094.593767684,10007.5333773517
2022-06-14,73345.2939182717,54844.050463341,249928.507262806,9992.35356938476
2022-06-15,114543.004549869,85617.9923517752,243510.198138814,9997.8276179303
2022-06-16,101928.961123931,76162.7679330824,258017.690762221,10005.6153292927
2022-06-17,90970.0748571983,67951.927139399,236900.966253701,9987.40755215066
2022-06-18,67910.8674701381,50711.9210642708,292662.088361142,9997.14605078084
2022-06-19,63433.3231032616,47354.9369055293,269944.515791988,10001.9901680436
2022-06-20,56393.1642294194,42088.236845958,245080.811946687,10005.8999901027
2022-06-21,92951.6705251542,69356.5362932268,211417.068569162,10016.9557895265
2022-06-22,54846.4263285801,40915.1283430881,311642.300454437,10006.5884663457
2022-06-23,119520.987014833,89144.5092527387,242117.960784449,9998.63937657734
2022-06-24,75636.3070682766,56403.3694209038,274205.50172171,9992.50494575148
2022-06-25,72387.6765576287,53972.5745262745,263817.277450629,10020.8541845823
2022-06-26,57934.7561408877,43190.7660518877,275896.267685712,10000.3892061127
2022-06-27,69563.450928171,51854.3900293554,206915.057652431,10000.3130828392
2022-06-28,103962.838240098,77489.8265228129,131034.151022818,10006.7219236888
2022-06-29,69128.6421586404,51522.4135996376,216686.667196195,9990.76616942403
2022-06-30,77256.851162067,57577.9569792631,220994.111630473,9997.62848772724
2022-07-01,120429.391100081,89751.6157021072,147328.456790892,10007.2297920499
2022-07-02,77253.4934696088,57574.2000702095,209056.776267804,9990.1370604778
2022-07-03,104389.821657017,77799.6070255559,134192.526561843,10002.8798504501
2022-07-04,73882.3205321095,55065.3876206732,181900.775692244,9996.28441015006
2022-07-05,125793.860585933,93761.8152740961,102866.226870573,10006.6538190333
2022-07-06,73366.3660285116,54689.1810040758,257084.591198383,10004.1669093215
2022-07-07,70337.5206651897,52437.1137824811,273112.227999799,9997.72194924672
2022-07-08,64997.5339497364,48462.4512341321,247968.683645832,10007.492997334
2022-07-09,91784.3482195989,68445.2573155601,226603.685526457,10000.1328207426
2022-07-10,93631.2963070654,69834.7308573957,221205.232414069,9981.188670249
2022-07-11,74908.4648826954,55881.2972844886,218643.71199368,10003.294473893
2022-07-12,76540.6574187272,57111.3445748433,205373.595700423,9983.25290451347
2022-07-13,104739.384540025,78170.7514351659,208024.948885259,9998.16119624306
2022-07-14,120699.734999344,90106.0839285299,186824.068850885,9998.02922883068
2022-07-15,55529.0974252704,41465.9289492771,262666.115865077,9993.81432426831
2022-07-16,70747.0425079995,52845.9263706009,247341.211965496,9992.49485779291
2022-07-17,96759.8443901064,72300.3304680462,243318.222670307,10002.6499028275
2022-07-18,94724.3104565735,70804.0209008763,247143.315190345,9992.29819946797
2022-07-19,77319.1852719345,57815.5335168955,259166.486335343,9995.81885997663
2022-07-20,53368.1959266734,39921.7931383359,316605.741456943,10727.6333338741
2022-07-21,116917.90955208,87496.0117662999,232175.137200991,10001.7041766755
2022-07-22,85978.6369803703,64370.505027828,248841.872380617,10024.673402543
2022-07-23,74233.1774398302,55602.3312400177,264946.955571918,9994.90657068735
2022-07-24,101989.615482514,76429.1338720532,232935.778355751,10002.2959595648
2022-07-25,70144.6122666303,52591.4054688673,261286.597813925,9997.91991940869
2022-07-26,76648.1940597157,57497.5446411743,252287.806476318,10015.4019074024
2022-07-27,99813.7363361939,74915.9061273203,265046.728507991,9997.09846644409
2022-07-28,94387.0034924144,70882.9378787356,290932.866766644,9986.34637791393
2022-07-29,96474.7691111185,72493.4015432442,294123.374610508,9985.96759296553
2022-07-30,103658.670487052,77939.0333337797,264841.326280239,10007.7671494924
2022-07-31,81734.6416876405,61493.5580324542,268027.222353712,9987.8342075995
2022-08-01,84192.5536151968,63384.146278753,221129.03764437,9997.73364295209
2022-08-02,92548.3761356364,69721.8163975572,208063.541479453,10015.8880771964
2022-08-03,103375.583653877,77932.7876885828,232125.542595186,9994.58389861737
2022-08-04,81136.026333992,61210.754843609,266004.746537726,9998.08419793248
2022-08-05,114869.577988423,86724.1805749477,216952.588144741,10002.8623300734
2022-08-06,126756.926037565,95771.7598321363,159370.766536158,9995.12914474953
2022-08-07,119448.202271488,90320.3027451094,172154.932249308,10001.6079288539
2022-08-08,94095.4376929603,71207.1716286401,207115.381533597,9988.04759871189
2022-08-09,160890.468136196,121855.262037564,86633.8480147113,10006.5613559382
2022-08-10,52073.1630048566,39472.6362124017,303963.598607602,11279.3451303273
2022-08-11,70534.304075784,53513.1055114168,279793.433945729,10004.2878777251
2022-08-12,84039.401200935,63816.0183978586,234117.921297862,10002.768836026
2022-08-13,78257.4472057272,59479.7047401366,245754.558664974,9999.86817636982
2022-08-14,80449.0933570106,61202.6230512647,255705.163378753,9995.65633282229
2022-08-15,69447.7408069075,52883.7370243395,251078.917072807,10001.8094192792
2022-08-16,83056.8115762593,63308.7555563752,237465.530429561,9998.52898898779
2022-08-17,118401.124725797,90339.6130860729,223654.388119367,10012.8859259471
2022-08-18,92588.7933885444,70717.0384551806,258240.430247526,10000.8010366589
2022-08-19,56700.6701658432,43351.73015411,316766.571061864,10003.7076555557
2022-08-20,54013.9205740948,41341.4688093051,288711.074217195,10003.9842927612
2022-08-21,115720.555234253,88667.0008959751,172377.782227229,9983.64893235494
2022-08-22,99825.2321247019,76572.4413838677,167857.399772313,9995.12791616851
2022-08-23,103586.347316513,79547.1602288172,169673.754513844,10001.2965383355
2022-08-24,110096.455556903,84643.7371446674,199277.963342911,9987.53370132041
2022-08-25,80589.1951239163,62030.7413740314,212835.493140296,9997.57819446106
2022-08-26,139975.879497828,107870.165192681,94424.1327455144,10001.357812864
2022-08-27,71323.2244496174,55030.8741896567,223614.343034146,9999.83635679359
2022-08-28,81944.7470014349,63304.2952461575,217817.632457552,9993.53330330011
2022-08-29,43882.174412554,33942.6793917532,246191.295923376,17323.4614585147
2022-08-30,47454.4339271947,36752.7638020972,256052.938823559,14145.2440051197
2022-08-31,84030.090217467,65164.7230370842,268592.978542072,9996.08904562117
2022-09-01,111206.30707316,86353.6994874459,240072.515834462,9996.08736721232
2022-09-02,53533.5175853823,41625.5893740945,319358.15264346,9989.47825779994
2022-09-03,80911.820943148,62999.7679099973,289541.893082814,9999.00896182777
2022-09-04,120367.713072513,93850.9363518368,205931.512181448,9992.44756076516
2022-09-05,83806.0996651321,65435.7547078057,215319.268300567,10005.4460141945
2022-09-06,75240.0876028336,58831.363965716,229343.807832459,10004.3168139135
2022-09-07,111425.284097804,87251.4709916895,189976.418725578,9993.21656660616
2022-09-08,131106.097174489,102813.588194121,206378.175490096,10005.3701982901
2022-09-09,93456.5842398833,73398.1948754855,249552.665381103,9992.75533026278
2022-09-10,38321.5547681611,30142.2498313462,287612.486879825,24477.1932147567
2022-09-11,59768.6173137406,47083.8572862912,248356.680026222,9987.30437401508
2022-09-12,80011.3527921114,63128.5659875597,163864.368266876,9999.11336859597
2022-09-13,82045.9697614933,64836.0044816531,139182.987390383,10020.4416866227
2022-09-14,127919.239046527,101248.529524946,107119.618690025,10014.4285666727
2022-09-15,70169.3910679357,55629.3016656139,224252.315399645,10006.4962311892
2022-09-16,80210.7949262482,63694.353155025,221275.123732445,10003.7252598499
2022-09-17,71065.8993448616,56526.3230456018,241286.8189469,10002.056207298
2022-09-18,94990.4745546241,75683.2988760418,205424.255419405,9983.10506738869
2022-09-19,78842.9232172775,62924.8761263066,194117.233199314,9984.49642590644
2022-09-20,106726.796228368,85326.1021291035,113631.296051657,9982.12467187396
2022-09-21,119493.496277358,95699.7056752308,130061.220092462,10005.7926475868
2022-09-22,115672.292815544,92803.142850493,146997.141897787,9997.63465251514
2022-09-23,117665.965309053,94571.5057889578,146289.878249157,10000.6852436085
2022-09-24,109576.601811762,88229.2233218538,166558.843532797,10007.7447059358
2022-09-25,57738.1912597904,46574.9140353597,228665.167814988,10000.0928942284
2022-09-26,107049.193002776,86511.8511303905,116518.034473226,10018.7379037144
2022-09-27,58993.2010483636,47764.6432586486,191320.998015153,9997.04969312212
2022-09-28,78132.9208763962,63381.1393831841,225251.020758124,10010.3873546154
2022-09-29,103708.424782409,84288.9123730757,181817.643989054,9993.15295577044
2022-09-30,143576.490092719,116917.409884094,77410.0004987012,10013.5064104087
2022-10-01,57217.8923982068,46684.8695655478,210235.588438386,10001.3885005974
2022-10-02,52865.1689157634,43218.6644177633,214500.358207267,10001.9904060299
2022-10-03,56122.2449234456,45973.0320900702,194596.823931851,10018.7394731153
2022-10-04,64352.1941322466,52821.025085508,166481.090071825,10015.4940517417
2022-10-05,104117.533771407,85635.0655260061,145578.885801519,10001.3426139169
2022-10-06,72057.9038070653,59388.5347275423,204939.816538462,10009.2590380468
2022-10-07,69042.4115118027,57021.5575004431,208959.982207389,9982.19328718841
2022-10-08,54073.7519982096,44752.8465358325,231378.154654764,10027.7277225049
2022-10-09,91251.0571292096,75681.8922369465,170604.756271623,9983.15825135585
2022-10-10,117251.830489096,97454.6338542265,77999.1143831774,9989.70075206524
2022-10-11,88408.1837775735,73639.8621684346,127176.476184954,9997.30802535017
2022-10-12,63828.3541149113,53282.0117113666,211609.553574704,10011.553815121
2022-10-13,57855.6351201106,48402.5140808674,216960.395219381,9997.5399444228
2022-10-14,114057.555742228,95633.5772710101,118530.589244844,9992.53847443799
2022-10-15,69789.6476087548,58647.5960128359,205583.94605298,9983.2073478159
2022-10-16,87040.8138863496,73310.0955474053,169590.325098076,9999.53334145553
2022-10-17,74177.3339251736,62618.4683688347,179223.339129519,10008.5353310083
2022-10-18,49197.6814045896,41626.9855373737,218161.679885917,10023.5839875604
2022-10-19,72967.1814218846,61882.1950718922,224848.764268959,9998.90838602652
2022-10-20,93989.2833450067,79897.4612725984,178003.233109198,10018.8672679279
2022-10-21,49559.1508428351,42228.3068323083,232246.847787592,10014.609782332
2022-10-22,40008.0553582635,34171.2662940753,240514.579935526,16882.5609244475
2022-10-23,89886.8843860544,76957.7573861151,162041.893756238,9996.03152129988
2022-10-24,67152.3310124224,57632.6010742579,169074.981321028,10008.0581247579
2022-10-25,82778.0211752949,71216.6932667659,131486.627843708,9985.38654990822
2022-10-26,108081.534528278,93215.1419633953,134417.163370317,9994.15881237325
2022-10-27,58400.8419630184,50492.9576446428,232583.224884218,9994.99898385121
2022-10-28,53435.8869360066,46315.8864113711,231715.619767581,9995.64842238235
2022-10-29,64002.4704374357,55614.4241875536,210988.13540844,9997.26423761421
2022-10-30,44509.0266018878,38774.0372385873,244470.349914511,11756.5975111453
2022-10-31,79465.3089580325,69403.467240805,172802.293127246,9995.42946711818
2022-11-01,69076.1791303713,60485.4593586713,172996.745974771,10009.5761140972
2022-11-02,60676.5656186748,53268.5834081838,213852.70118584,10002.7546621584
2022-11-03,47376.1020967954,41700.8907720956,233841.703977788,10026.5597442688
2022-11-04,78787.553293227,69532.4948910044,183970.257902251,9990.17788207209
2022-11-05,94653.5498412659,83756.7107358765,163271.362911305,10017.1922693229
2022-11-06,58732.6616161817,52110.2536603517,213196.994785254,10009.8256750245
2022-11-07,55492.1157437179,49367.8082365491,191169.152786363,9995.24469135476
2022-11-08,57259.0196099423,51077.9855903178,197540.26969144,10009.8635306579
2022-11-09,63237.2227764635,56565.0448492023,238659.190723309,10009.7390293564
2022-11-10,63679.0047793152,57116.9859847319,222699.76330538,9998.72157832014
2022-11-11,109318.829128001,98325.4170352875,139507.531105827,9993.03879411257
2022-11-12,84000.0569949166,75763.5524552552,187216.19068664,10013.2766249891
2022-11-13,104166.382029107,94216.36282292,154729.725184229,9991.7707399527
2022-11-14,66579.9371586889,60390.4394088822,201828.363483464,10003.0746272887
2022-11-15,74909.6567970379,68139.1461781314,178285.615410625,9995.76540043136
2022-11-16,96373.7786094805,87914.3606372206,178400.687144021,9994.61300652723
2022-11-17,84448.6684117077,77258.0506098386,187995.864871057,10004.0946174989
2022-11-18,31282.2601306528,28701.6578576075,247265.457682968,24557.3290857592
2022-11-19,57039.4651353814,52486.8011128946,220584.075089521,9995.43726341222
2022-11-20,81248.4066570376,74983.059754937,207625.660909673,9994.89493608004
2022-11-21,62300.5619399571,57666.2515735994,225702.155076482,9998.86808617068
2022-11-22,91381.3163116631,84835.2593464506,180385.332217624,9993.58214522535
2022-11-23,38147.4612346257,35520.7052188552,301741.081246518,16632.548279104
2022-11-24,88711.1427248345,82851.1926088317,221091.441671716,9995.6397809054
2022-11-25,43360.4774916863,40618.7873359547,235550.668343516,10008.5459379467
2022-11-26,53723.6001462231,50479.8351003472,183684.248936724,9995.69943462134
2022-11-27,89104.9513947964,83981.2150373123,123143.761791342,10022.3144629089
2022-11-28,82035.1628676565,77555.9979326618,147464.442078609,9998.20469542238
2022-11-29,57681.4416560646,54700.8371125502,197063.520314574,9998.90688329894
2022-11-30,56784.6274372677,54018.0142763775,252053.365987145,9999.50273497375
2022-12-01,93953.7885491386,89656.0299484705,187671.832500979,10009.4905170174
2022-12-02,58715.5389648974,56206.0402950421,248216.413460692,9979.96598363847
2022-12-03,40450.1871205958,38843.872452057,293729.533602562,12013.8229268988
2022-12-04,51767.0434765179,49869.4593776005,289988.847688008,9998.75442613692
2022-12-05,60824.9768607804,58782.7344292118,253637.288216176,9990.51815302092
2022-12-06,59993.2665842315,58165.3102141246,243610.366001827,10010.3846961728
2022-12-07,62888.5181798175,61169.3311508723,262912.952890093,10002.5348001343
2022-12-08,97960.8253236275,95592.2559071493,195430.043641786,9988.51815877236
2022-12-09,53683.8105584178,52556.754603182,272785.71447581,9997.98625514144
2022-12-10,67184.8859277827,65990.0853327203,235803.525925019,10008.2052999774
2022-12-11,60843.4991454738,59958.4103229235,226297.577247363,9984.83680083631
2022-12-12,74770.3748869962,73926.6750244352,163852.19767242,10009.0966238123
2022-12-13,52609.2946488453,52188.7139663915,194967.587608624,10015.7825107706
2022-12-14,60384.352034494,60101.8422624362,224382.51232859,10012.0402090393
2022-12-15,52178.2606909103,52108.5431528586,250915.110721927,10008.5202082575
2022-12-16,53853.6828596636,53963.1564552082,250993.872284485,10002.49999213
2022-12-17,32265.7249464063,32440.8744981377,277569.284077284,20413.8495827877
2022-12-18,86604.048035904,87370.5428025662,240212.15940121,10005.3264433995
2022-12-19,94494.8036614686,95657.042950015,214275.562226836,10004.2455293975
2022-12-20,43307.3672519954,43990.5503743356,280050.56131814,10007.8605925601
2022-12-21,58327.9952296968,59452.4277886148,263269.238283015,10000.9281204921
2022-12-22,91399.5486194012,93484.1119987333,169900.865976023,9990.89686280056
2022-12-23,48879.4947039804,50168.1274636483,231554.984512911,10003.8304567358
2022-12-24,74606.529193144,76840.7504332404,137693.525450459,10013.9950852622
2022-12-25,64234.9689989382,66390.5002900438,146879.035101967,9989.61939772727
2022-12-26,84779.9422438078,87933.2684726684,123784.990388623,10004.7141085223
2022-12-27,45553.6918135475,47414.9507301351,200222.04966806,10011.4948173624
2022-12-28,58446.4215726624,61050.2086172297,237735.918655096,10021.9963754762
2022-12-29,49180.2176611084,51554.0727873573,242185.094662708,10013.2881744684
2022-12-30,52397.1406539386,55122.5326522732,241485.828162548,10001.5205857508
2022-12-31,54975.0161056499,58041.9029476164,234911.388111602,10004.4238371021
2023-01-01,38878.2093276509,40575.5870333368,254988.765840356,13640.3049320882
2023-01-02,85114.5663481316,88542.8596319114,195354.973285818,9994.73221643747
2023-01-03,59675.7593632975,61879.0255939552,242639.99838826,10022.8098289458
2023-01-04,52162.3273354658,53914.2002137685,308832.474918485,9993.16792866341
2023-01-05,119127.141230877,122733.333033331,223999.080316805,10001.9266436554
2023-01-06,103688.027207875,106485.628520675,246044.632572752,9997.1165063926
2023-01-07,68595.3018322844,70221.8687881108,281403.306256779,9993.24018985265
2023-01-08,54893.4989249903,56016.976455931,281035.831673809,9998.8539557381
2023-01-09,46375.7826596381,47175.4359163214,238277.199695499,9992.81653762088
2023-01-10,88778.2580413275,90024.8602651495,192982.187399319,10005.6510650081
2023-01-11,54137.6298777132,54725.7288530959,345028.325390568,9988.42638839435
2023-01-12,48830.070702129,49206.3922437861,344925.43335718,9997.9261381575
2023-01-13,100769.955896247,101230.768658926,292902.616132446,9991.97242851882
2023-01-14,89679.2265615194,89810.2937143436,250495.375429394,9975.15480188176
2023-01-15,65493.0899127854,65386.5017731407,270371.36257287,10007.9365701323
2023-01-16,111781.283972256,111256.57832056,158164.135742082,10002.7947979676
2023-01-17,99717.5220007445,98945.887622467,211456.522473626,9994.69125121107
2023-01-18,54071.8021932073,53489.9907790824,380760.292777211,9990.37906118129
2023-01-19,92312.1634419203,91042.0050569248,344920.54664697,10003.9647534716
2023-01-20,77577.624511111,76279.2516243369,354183.741719133,10007.5403439681
2023-01-21,59322.7125649178,58154.5797059435,343219.91485331,10011.1378791731
2023-01-22,117093.621248484,114444.545251029,257129.469099772,10002.8825644621
2023-01-23,68408.4235489983,66661.7029837177,302613.814856474,10004.921960412
2023-01-24,88568.1260660335,86050.8794839653,252017.495839431,10007.7632118321
2023-01-25,78926.0747847692,76456.6956546924,282869.510696381,9999.42086987084
2023-01-26,41752.3125572545,40327.2767598353,305062.091900139,14631.8135823488
2023-01-27,54688.4449154908,52667.5971845749,301537.613527049,10006.520600793
2023-01-28,52631.9656408517,50539.7827524432,317191.30453496,9977.04209164235
2023-01-29,89636.0753864257,85824.0080747034,247370.869115593,9986.70871776141
2023-01-30,76691.7108296419,73218.8564278547,226703.8008804,10010.0625735417
2023-01-31,65560.7536893778,62412.7665977397,204738.184046272,10011.2476912271
2023-02-01,106818.323559546,101399.708734797,160509.93656832,9993.05114395684
2023-02-02,134873.206044952,127668.748906304,118852.494053689,10000.9532375055
2023-02-03,132327.733497133,124906.296273138,101047.085554499,10005.0734245716
2023-02-04,70428.5069418898,66292.2993223651,261864.900175097,10008.0142252376
2023-02-05,54865.5366002696,51499.3833656545,295224.071905853,9995.13957957182
2023-02-06,59421.2489746736,55620.9838921871,260077.941699249,10016.5093058393
2023-02-07,73450.3120255962,68563.3087564411,225917.033996082,9999.49692083197
2023-02-08,84791.1513705958,78932.6471270355,251600.8721793,10002.3984918813
2023-02-09,50428.6395273639,46816.422263082,338333.98876326,10006.9023672752
2023-02-10,89851.0949490319,83189.026253227,319724.628304553,10001.5744732307
2023-02-11,37749.1364549605,34856.0594637202,371982.170511213,24938.9505625752
2023-02-12,115820.449461123,106657.660695095,259883.31194424,10002.1098425745
2023-02-13,55569.8055278948,51037.3606533639,324164.365117556,10002.6051164109
2023-02-14,72873.9661977236,66753.0751935413,313547.438809632,10000.755854381
2023-02-15,84418.6454189155,77124.7637066479,283349.49981438,10001.7202220403
2023-02-16,80175.172631224,73056.5332961753,274142.339494518,10009.4248881685
2023-02-17,97958.0188765124,89028.6868119666,236256.863929248,10010.9218482327
2023-02-18,61589.9825614353,55831.3382168993,287588.99222016,10016.8742783276
2023-02-19,71222.9060558471,64398.0664360474,250346.047546357,9988.8348116475
2023-02-20,77374.3625480153,69781.8754099771,172076.477229362,9993.21793562542
2023-02-21,69121.1770628896,62180.8079274922,182424.705076593,10006.2302553072
2023-02-22,108144.498348875,97041.3096488217,169979.046248667,10002.4446105516
2023-02-23,55606.835087538,49773.1025198295,260069.623068462,10015.199737504
2023-02-24,96233.5427493942,85924.0404912881,200613.570562235,10011.0571273072
2023-02-25,78146.1931052846,69602.5453221613,267024.253204366,10020.8396457462
2023-02-26,87309.396436136,77573.7503600491,257994.916089149,10011.9674034946
2023-02-27,104436.031457076,92565.2818269011,173297.946232316,10008.4868835064
2023-02-28,111537.377377461,98621.0562003253,506096.604767538,10018.3341050422
2023-03-01,58045.7505813277,51201.0212584138,253508.617080796,9989.95865452981
2023-03-02,87755.0726049842,77223.0481516736,244442.614016139,9976.10155763386
2023-03-03,115944.378341046,101788.449711254,223553.885453756,9996.1532142576
2023-03-04,156055.691009829,136681.617944263,118660.918102236,10000.0580302315
2023-03-05,93802.4616711099,81966.0606011468,198954.359140165,10000.8747132789
2023-03-06,88095.2945468927,76801.4684121205,184392.304677733,10001.642217628
2023-03-07,85304.2113886152,74197.9579285885,211763.5704855,10015.5354577693
2023-03-08,74253.4038513383,64439.2127802938,203175.052139052,9997.07650145068
2023-03-09,72093.4016708911,62423.6978428597,200104.294993484,9997.19284146555
2023-03-10,107930.545718156,93245.1436385969,139169.745950615,10005.7163559516
2023-03-11,63086.8114424078,54382.1142628414,203934.629943824,9993.70006460395
2023-03-12,89201.906026673,76724.6852433008,135780.755991674,10000.1392947974
2023-03-13,116116.612140585,99656.7320842643,66076.2660240103,10012.2384807456
2023-03-14,44990.2717717311,38529.206387102,230981.921835908,15297.0639703395
2023-03-15,44299.1612317541,37855.9362647912,231091.21668942,15998.8409973819
2023-03-16,126166.118450107,107586.102446902,96653.3643336363,9995.06571542979
2023-03-17,36513.1863948898,31070.3421180845,240127.459705354,24479.1404764039
2023-03-18,40610.0073451519,34484.2023156796,237179.183147094,19977.6418187252
2023-03-19,126127.391454724,106879.721431133,94006.2496170532,9981.81287052981
2023-03-20,51297.367419529,43379.8203287671,226744.431626106,10664.5530269358
2023-03-21,141223.670362385,119183.173974725,113165.029986189,9987.57649866707
2023-03-22,72508.9338751048,61069.1370208512,221634.813062283,9997.55831587755
2023-03-23,83430.3199622269,70126.9632617252,177005.314843811,10007.8340514842
2023-03-24,62304.7194653102,52266.2086601662,209267.447964232,10007.2855927295
2023-03-25,100027.762305609,83746.6847685258,134022.183555528,9996.53779842629
2023-03-26,84067.5364573705,70247.4421961969,145328.851598955,9971.3967849699
2023-03-27,51089.2731822637,42608.3943431088,175487.018723812,11029.7710127303
2023-03-28,61752.8971003319,51403.6756086246,205367.069012387,10011.6725794362
2023-03-29,135520.729918289,112595.782451799,92242.4113274583,9990.8388506493
2023-03-30,119158.348625803,98816.3025063018,132148.024277338,9984.70042901427
2023-03-31,38172.6646700443,31597.4859172478,233383.373805697,23383.8828888883
2023-04-01,76005.0661959397,62798.1332080071,178683.5653229,10015.9918236588
2023-04-02,42410.3955847515,34977.5096179691,213126.640305753,18423.6028198495
2023-04-03,86863.0378172687,71510.8909693874,167276.06233257,10005.6681074776
2023-04-04,77734.5401596453,63882.2323447755,203176.793929351,10003.9064406977
2023-04-05,86506.3678781456,70966.1555791338,211005.736715676,9999.96417368284
2023-04-06,85514.021519733,70030.298006974,212223.230444973,9987.74970671177
2023-04-07,129703.086538033,106035.84549341,123304.018569066,9992.54285958354
2023-04-08,74518.5648861471,60817.5533611316,224444.312920873,10002.7869469381
2023-04-09,102576.653484415,83576.3487431047,176899.342296188,9995.64506854949
2023-04-10,91259.3208739341,74231.9475326401,184472.110889822,9999.40957824179
2023-04-11,109397.890203452,88840.2325065481,145801.989519559,9973.8498178993
2023-04-12,92435.1294058466,74943.3820511952,172295.648888567,10004.5272909923
2023-04-13,55273.4571344525,44742.1395283145,233236.421488011,10000.6244518615
2023-04-14,107060.680943268,86525.1593417173,151015.003475428,9987.71813470503
2023-04-15,71528.2969230104,57717.9628365705,192680.341294344,9980.56580963242
2023-04-16,77735.8474794497,62630.1682467124,149253.264356855,9989.02636882862
2023-04-17,101148.446086503,81369.009155637,105245.4571824,10000.3471883433
2023-04-18,102822.919765106,82591.5788230212,151936.832049706,9999.06518875677
2023-04-19,67837.7712826121,54409.1442666703,203435.879645525,9987.31636824881
2023-04-20,71450.4270368363,57222.6697803051,196615.132156431,9999.91489330749
2023-04-21,34888.270866445,27900.6411440834,232858.534731798,28510.7476104323
2023-04-22,116399.513285711,92953.5220749356,109533.67554739,9998.17306199431
2023-04-23,84842.8159184695,67657.8536922347,129178.300109141,9984.92369467332
2023-04-24,81834.0767610112,65167.9868461615,135886.277450897,9982.19558310558
2023-04-25,70264.8000814802,55878.3325449607,196150.655372677,10006.436665773
2023-04-26,118087.378374698,93782.7899922464,130497.557289534,9997.77132025216
2023-04-27,100519.382602904,79724.5495384931,147976.539130655,9999.59221439378
2023-04-28,61556.9783378747,48758.5417094207,215043.257963164,9996.79070907236
2023-04-29,105120.214160668,83157.1072681899,134866.999511588,10007.3401284034
2023-04-30,43355.2061391108,34253.3215443064,196035.462239701,18462.6449999007
2023-05-01,110292.918937746,87029.3926901319,92040.7244869039,10000.1344433445
2023-05-02,124756.717959125,98321.330184561,101759.523462007,9993.53144557906
2023-05-03,68898.2631167307,54233.3166618174,194955.318462982,10000.1829066382
2023-05-04,62778.897812056,49357.6276077161,203391.702825585,9998.77121306527
2023-05-05,121483.025206281,95399.8098618672,117377.123481508,10004.1088898066
2023-05-06,140357.198477721,110094.735298499,69331.3895881658,9999.34030437588
2023-05-07,78698.9125746935,61660.8033639026,146088.631691473,10016.0305014379
2023-05-08,107596.344475838,84208.357302334,84971.3481825444,10002.5019752
2023-05-09,101773.666900892,79564.4353376876,145189.863719982,9982.41957769548
2023-05-10,65853.1105263522,51427.3799900085,207986.321188567,9992.73946268438
2023-05-11,72067.4301085089,56221.2311715159,200704.144716515,9992.16579927746
2023-05-12,74406.6379637973,57986.2310715585,205713.073917931,9996.47608057677
2023-05-13,70401.0256206312,54809.1101340797,190099.102982967,9997.69794393597
2023-05-14,78570.9574645838,61108.9838758087,148356.860557159,10011.2538355394
2023-05-15,100449.750506222,78049.446011207,110770.103995587,9981.39811973508
2023-05-16,111929.307020651,86886.3239194886,132086.021716242,10009.5468983436
2023-05-17,82489.2131150206,63973.5013205292,178193.61599568,10006.3911285866
2023-05-18,113576.017679905,88002.2266254308,124018.967982717,9985.56057518876
2023-05-19,44047.578011012,34099.0154131302,224908.420988071,19900.1342223234
2023-05-20,157480.224332916,121805.622661638,31749.9002458878,10004.2322492132
2023-05-21,109577.74909617,84682.5488430228,95648.5452065388,9988.5198196478
2023-05-22,81561.1323577759,62978.7102205294,133794.923907372,10000.762647523
2023-05-23,63402.6350447292,48917.6440200008,206802.608104017,9992.25955139585
2023-05-24,97896.3416195476,75471.1801112928,172461.197428051,10015.5774759648
2023-05-25,78737.4168691799,60654.2231507957,211842.62176702,9988.41648356381
2023-05-26,106437.561698469,81931.0945715416,186662.846326151,10006.5883344078
2023-05-27,73769.5939291694,56743.2164408748,243241.377163035,10007.6175154896
2023-05-28,73137.757079027,56217.2600863233,214575.127526943,10016.3368649258
2023-05-29,52196.1713731244,40092.8504753411,216478.589110527,13533.3428062465
2023-05-30,82416.9528950346,63263.5939697818,187631.200532381,10011.9914802166
2023-05-31,70251.8092873013,53890.5501024317,254608.311516148,9996.55581206115
2023-06-01,128511.548828204,98519.8716879422,172706.144618639,10008.1152838486
2023-06-02,74867.9038133452,57360.4716872128,253655.732977521,10000.465522075
2023-06-03,143769.388541563,110084.86491524,136290.51942422,9996.38500899209
2023-06-04,92503.3334025062,70789.9344326618,180855.484257657,9994.70627675734
2023-06-05,77147.6066146115,59006.2911085744,186282.435928475,9996.73315434482
2023-06-06,61402.8976986309,46939.1539781742,247204.821890684,10017.5270747544
2023-06-07,70722.1276333508,54035.7321445862,223011.684089117,10008.9590721891
2023-06-08,169699.565617963,129596.892583468,21030.8036644177,10022.2784689994
2023-06-09,81186.7687384258,61972.077608559,193678.717190456,9993.19415437011
2023-06-10,44260.2995047789,33769.9874170056,263461.080001039,22037.6413412312
2023-06-11,127179.226142466,96994.5408046531,169647.327188333,10002.9924090259
2023-06-12,157307.765415736,119923.598673041,92896.9090564399,9987.5234847532
2023-06-13,74204.154540543,56547.6948426923,234639.440929631,9998.59381383433
2023-06-14,72647.2668037741,55340.9967424341,246771.523924471,10006.9398100305
2023-06-15,94158.0771098503,71702.6343894768,242930.676633095,10005.0076232504
2023-06-16,90137.1949117509,68618.3430860825,247382.338604679,9988.5272904302
2023-06-17,104427.496366657,79472.804017474,198905.731165225,9992.0509256625
2023-06-18,81198.8645391171,61777.4439445522,207052.600749786,9989.55241029975
2023-06-19,100652.863731245,76558.1185311266,175218.926170108,10011.6424971466
2023-06-20,62458.1838822007,47495.0593622172,292701.064445882,10003.9017943423
2023-06-21,98631.9152282884,74985.854910804,239442.623374904,9992.22485261355
2023-06-22,101281.424792274,76984.5035804419,198713.407954087,9975.12999066298
2023-06-23,70930.9730372649,53905.1046119658,258001.750376785,9993.00471375314
2023-06-24,85685.9497547572,65107.7803069788,230345.332889451,10020.5987994561
2023-06-25,115081.409383327,87431.228553885,166843.092227328,10011.1916884595
2023-06-26,62457.3113499919,47445.132607413,258737.911487808,10004.5868837726
2023-06-27,158976.025510549,120752.414428019,149980.242263787,10009.3725998361
2023-06-28,86635.8091699947,65800.0569899979,244057.825129491,9993.22410587726
2023-06-29,112088.512048777,85126.2342229303,172695.142001921,9992.10911627594
2023-06-30,74254.7379122154,56390.8719049198,229169.808220808,10019.7836309357
2023-07-01,139580.35007066,105998.589057578,117191.547144183,10009.4579506417
2023-07-02,110330.926127092,83786.3101286633,121437.255631966,9999.34892358431
2023-07-03,122411.689835591,92962.4440846354,75270.0323953527,9983.40107534009
2023-07-04,84374.3803928423,64078.5851864119,149712.473313299,9998.99559373174
2023-07-05,55062.6152296673,41820.1579097764,267446.664869171,12420.7057198072
2023-07-06,105040.740863719,79785.1313232146,226315.421754413,9983.75520610636
2023-07-07,71835.7222959759,54569.3577999705,276661.187892311,10006.2580131691
2023-07-08,87838.2485380577,66733.6803125433,252870.785925424,10008.8953390205
2023-07-09,63744.5225597561,48435.7631848906,240071.89672638,10015.1022286892
2023-07-10,120455.496566496,91542.0424317592,142143.134954131,9983.89102800517
2023-07-11,82775.5814513678,62918.1220513605,268360.558960368,9995.75881718232
2023-07-12,92719.9251739951,70491.2080470655,270958.865089117,9976.86248866607
2023-07-13,98455.583976835,74868.5522835727,270232.645449981,9995.16627128964
2023-07-14,94522.8546221968,71895.5391809701,261169.032663306,9998.6593459345
2023-07-15,65609.1759839061,49916.5501217253,286393.376883564,10001.0638042805
2023-07-16,85640.9084353388,65175.5846761189,209806.979845446,9998.93867431668
2023-07-17,103325.128958766,78657.8632189276,189291.666804665,9983.78783769247
2023-07-18,181044.397878361,137867.729118876,113412.209655774,10002.6641187555
2023-07-19,75043.8063916843,57166.6248130109,295703.182725508,10000.5569263179
2023-07-20,167684.572914299,127784.975352077,136050.841083075,10011.369625626
2023-07-21,55759.7363251544,42508.4433912091,314258.295298398,12010.9562650756
2023-07-22,112004.971453397,85421.7398821942,243491.681035361,10002.8362745848
2023-07-23,68849.2571821925,52531.0170678303,297693.862015034,9998.82460911651
2023-07-24,73424.2955061348,56046.7698144305,289232.79589495,10020.777053348
2023-07-25,98231.8490070197,75018.120038668,297551.518567971,10011.1833373362
2023-07-26,76170.1856454526,58198.3586562816,308094.901069927,10008.6459010478
2023-07-27,98598.687451046,75373.2990749997,271609.167818351,10008.2582028567
2023-07-28,60707.8314447596,46432.3409628796,303522.094947229,9980.82255971915
2023-07-29,129564.769911558,99151.9032823698,191457.359240497,9987.60033820501
2023-07-30,62928.7662447514,48184.8382441545,260514.797839168,9985.41270804662
2023-07-31,83475.8822726779,63955.5234991573,233406.544653639,10009.3515898543
2023-08-01,82130.9329133256,62963.4382747086,281430.105682643,10004.8104568439
2023-08-02,126832.544486651,97293.9439228401,217436.984751852,10005.981047895
2023-08-03,59633.0089383282,45774.5443401129,314974.976887154,10009.5225061268
2023-08-04,126431.651545243,97114.5041370579,226529.130882312,10007.0219762605
2023-08-05,115941.421767376,89118.2519479226,245095.588029895,10003.8440095133
2023-08-06,83035.1318572061,63870.2236004443,254260.66169641,10010.5471461024
2023-08-07,102472.196410613,78878.7255278913,192585.764275968,9993.7679880127
2023-08-08,95366.8695908055,73464.4800319546,241571.095086672,9999.49927742234
2023-08-09,75670.6895390171,58336.7687174587,296401.756046189,10016.5436611579
2023-08-10,110475.824343514,85236.4739137356,263179.7388471,9994.22239328766
2023-08-11,121393.498141575,93735.897493161,267801.582302556,10011.2127322578
2023-08-12,94597.8201904088,73105.9416240352,311026.426744054,9989.05261833458
2023-08-13,99089.1662336911,76642.1158164078,262493.484506584,9996.38137080696
2023-08-14,61916.6994084088,47932.2265330831,268276.11036184,9999.85417614697
2023-08-15,141065.658440197,109302.054225099,173895.205366156,9993.11536223599
2023-08-16,60533.5029931748,46946.0186057342,304784.005610294,9997.09817225855
2023-08-17,116400.871420983,90357.423698945,216936.685417613,10004.9720948507
2023-08-18,68838.1081976072,53487.2031260042,289866.583741578,10002.8172040236
2023-08-19,94695.7722851613,73650.1451479649,254509.720757314,9989.63057831327
2023-08-20,59925.6539934901,46653.7488712867,264122.560654333,10000.4319767571
2023-08-21,182727.63490711,142402.440841883,17424.6082857757,10007.4662074422
2023-08-22,81841.0283917764,63845.8089819605,225526.381839427,10013.573248471
2023-08-23,124731.235103243,97407.7089602417,163072.048002417,9991.31383146821
2023-08-24,72742.3362803529,56868.3735934026,257520.126513425,10000.2832478021
2023-08-25,79172.9747334149,61963.3146229907,304614.961735605,10002.4566178055
2023-08-26,87005.8638065369,68169.3213307052,297055.643361745,10014.1476535137
2023-08-27,73412.3726021843,57583.9060406666,278105.174032972,10012.1755015878
2023-08-28,59440.5487889233,46678.2667201405,285452.261452683,10000.0910877826
2023-08-29,77460.2771052835,60900.3286932327,298190.840863325,10005.4019251324
2023-08-30,104738.548830576,82445.0229725528,251165.167717649,10001.6915676968
2023-08-31,48489.123807868,38214.4964236352,312663.834750632,17611.0301727491
2023-09-01,160257.979780596,126455.576553604,100087.591512017,9994.99100662
2023-09-02,55700.041002395,44006.5123520415,240329.774056174,10146.5421422117
2023-09-03,89254.9624230499,70606.6339732488,157645.710106898,9992.76532792785
2023-09-04,77551.002399171,61427.2156819111,176926.454168623,10008.4825971097
2023-09-05,123776.779278947,98170.5987025672,125539.927740059,9996.27003934999
2023-09-06,99650.6667375338,79140.6980141399,248641.115745633,9982.64142334268
2023-09-07,93006.585151163,73963.8181268758,287840.4963743,9990.08243312478
2023-09-08,73236.1808364015,58321.1133834602,314009.646038027,10003.3444624602
2023-09-09,73856.8921718318,58897.1352568834,290377.067864054,9990.37651511197
2023-09-10,168572.104027546,134617.150455615,90750.507753996,9983.97135624908
2023-09-11,44259.3322573038,35394.8108037496,233808.00913059,18769.6275501539
2023-09-12,145343.748832352,116401.786371094,105451.229957205,10004.5159544836
2023-09-13,66346.3848392571,53212.9808518109,255875.21692847,9988.45233669217
2023-09-14,107885.938312108,86658.4026047465,189936.091536909,9985.27076938388
2023-09-15,106814.101246941,85926.753386607,175398.298810904,9999.86020307675
2023-09-16,123406.131572445,99425.7737410197,155726.037408801,10010.2011855375
2023-09-17,63295.4184125287,51074.648283486,235717.498632494,10009.4142990953
2023-09-18,115478.699716342,93328.5012340387,137259.467189432,10008.3957662244
2023-09-19,93013.6703311552,75291.6649645062,223477.651466684,9991.42221128837
2023-09-20,121950.112608454,98873.1658531499,177091.870439709,9995.70588168521
2023-09-21,102336.564235476,83105.8454938479,207730.155741236,10003.7060284794
2023-09-22,84699.5256942387,68896.0939788242,242388.976194658,10007.493873235
2023-09-23,52488.0270743538,42765.6538460794,286604.615988555,11536.1354130784
2023-09-24,70576.9506914377,57600.6458430924,220251.043745563,9983.11977188344
2023-09-25,56764.6812671792,46406.6903339596,215991.309457709,9972.20275000247
2023-09-26,83770.5734767112,68602.5299773261,196071.614230304,9995.7218748553
2023-09-27,51024.1168943279,41858.0216304003,229194.104969348,12036.5893072248
2023-09-28,58684.7723316991,48227.1362703712,215903.78670617,9985.42121845325
2023-09-29,145046.0572502,119410.66126859,64041.8576094094,9998.42051615635
2023-09-30,76016.2083453706,62693.5359093355,185407.987390959,10003.6682338446
2023-10-01,69084.6293710418,57080.2181355148,163124.401646491,10012.0073341067
2023-10-02,73386.8122430113,60746.0544450791,143644.221560296,10020.6490937337
2023-10-03,114790.972016198,95194.4999789021,114663.194924849,10006.830398517
2023-10-04,42632.2660581638,35420.509891044,234246.329200541,18759.6255180105
2023-10-05,105523.398145184,87838.6404861579,148996.716015488,10006.7049995401
2023-10-06,74764.0489079882,62353.1297302729,206273.59094163,10006.618374972
2023-10-07,35065.5355410821,29301.0154074152,244254.430860424,27260.3231749128
2023-10-08,197345.458404684,165224.408849847,0,10006.4269639272
2023-10-09,56903.1471475737,47734.935455269,168965.430868407,10001.02788909
2023-10-10,85220.0629481405,71631.3233154552,168043.349756516,9999.21641481059
2023-10-11,67712.1343351378,57029.1326694925,199143.211682139,10006.6875290936
2023-10-12,145095.017827423,122450.3279671,59083.8347598874,9987.80325628564
2023-10-13,91718.3921471064,77562.01872204,155253.392886506,9991.91197692613
2023-10-14,71367.6022041197,60476.5495806068,182743.9285036,10005.1131654089
2023-10-15,174940.26072198,148551.44675601,0,9988.76142566368
2023-10-16,152538.810678275,129800.58718521,0,9998.33829518357
2023-10-17,84519.9770513396,72073.0337237975,189651.43520792,9975.68824326351
2023-10-18,62387.3837955086,53313.2628027486,228289.985539513,10000.5482255436
2023-10-19,56195.7655296078,48125.4760841855,237200.614214388,10011.7162823482
2023-10-20,93677.1783265725,80398.1557057337,168782.215359834,9998.85354145225
2023-10-21,124147.239694012,106781.999551663,92513.4073121597,9989.68877064874
2023-10-22,99269.069946883,85571.9568193055,115162.014482408,9987.16060920004
2023-10-23,77705.2607350028,67132.4151147238,148481.215700308,9997.83352138986
2023-10-24,62636.9295399767,54235.5981655217,197331.818700445,9994.96600272848
2023-10-25,77087.2774936744,66898.5288137591,190081.695881246,10006.8756646319
2023-10-26,70811.4146684429,61592.0630518152,203109.474383554,9993.69912187363
2023-10-27,96228.1880929748,83891.7241402068,155998.40192211,10009.6823130244
2023-10-28,87890.7330391307,76800.2995041159,163498.917774605,10003.0301046765
2023-10-29,86280.7133386848,75569.0960080002,141496.713377282,10000.1729885807
2023-10-30,76234.7786453225,66927.0907603883,143449.205467915,9987.12737952396
2023-10-31,97960.9641954226,86204.0681009912,141600.600689244,10011.9583779548
2023-11-01,57848.3984003971,51026.9407596689,216003.302071668,9984.21754363274
2023-11-02,98462.2856736362,87060.0944486116,150164.000696125,9992.33178279145
2023-11-03,56073.4319283593,49699.8301930254,213147.441928018,10013.331436511
2023-11-04,72238.8666264631,64183.6965403049,181944.082241806,9998.85602207894
2023-11-05,126387.882580276,112570.017500581,64664.5403801005,10001.9117884354
2023-11-06,66282.2276682696,59181.4106735359,183411.479709582,9988.31441255897
2023-11-07,73747.6335717622,66010.7434739578,194965.475496569,9991.89624320215
2023-11-08,79014.5756271062,70902.1542220691,188722.421047177,9998.41912058197
2023-11-09,74718.2522635414,67215.8879535572,198088.996258071,9993.62674152544
2023-11-10,114505.554940817,103269.508213032,140621.324629274,10017.6194171038
2023-11-11,66885.4805646372,60476.2689356011,211817.830324747,10005.0570811043
2023-11-12,74398.7692420544,67442.5072994757,188029.529422766,9993.75358630658
2023-11-13,52348.6938644774,47576.8653197369,221771.942293154,9995.14393625312
2023-11-14,76321.8801971153,69545.3692066735,221679.321822353,9996.23336702309
2023-11-15,72718.5999591439,66435.6175237867,221688.065820653,10004.8792612423
2023-11-16,134606.322227563,123300.355641453,92938.2280570057,9995.24003223965
2023-11-17,59020.3116198998,54206.4328173089,228897.042610503,9997.62484476486
2023-11-18,143196.043960883,131867.516839385,57347.9783057282,9998.3737760727
2023-11-19,81896.0854242355,75619.6059424811,179063.032550234,10001.5101366654
2023-11-20,89016.1192250248,82415.9603549802,193783.523023302,9996.68285486206
2023-11-21,76026.0592648799,70580.2918123809,249720.857143527,10012.6300875299
2023-11-22,58556.0151287572,54510.1841950736,278046.610577891,10003.3490296532
2023-11-23,78326.4891931307,73115.0503552006,234828.773916809,10004.0925588468
2023-11-24,100024.615769477,93627.5766419439,110988.255981098,9982.88301199494
2023-11-25,62378.0532250026,58550.9862054612,184442.420641421,9994.00220155264
2023-11-26,71901.46875121,67678.7553100582,187841.759732709,10001.971371144
2023-11-27,62058.6010002537,58578.1211389229,213789.51678629,9997.71592497612
2023-11-28,52842.2385648812,50019.5901381506,259446.702804372,10018.6216296455
2023-11-29,55642.6441914155,52820.0380442992,229593.37117837,9987.91032889188
2023-11-30,132856.487586368,126477.206012764,84118.5112346843,10017.5549241888
2023-12-01,69905.1588840096,66739.6220077071,236437.7067138,10002.7771764681
2023-12-02,58237.7818843508,55761.0297098333,267199.06358682,10000.7084899547
2023-12-03,107938.366550024,103647.688807913,155461.267680818,10007.9287286598
2023-12-04,71724.7971866281,69074.4220686487,217552.829293465,10003.0080172953
2023-12-05,81334.8675016197,78558.8512603823,223147.395243607,9983.04393967196
2023-12-06,52772.0559462602,51120.9639090558,279720.740922324,9997.92322941481
2023-12-07,57693.5124467863,56053.7713405343,271496.426920289,9996.63807427336
2023-12-08,39300.4499788785,38296.9638489326,318379.04251738,17631.6414346535
2023-12-09,58089.2998431459,56775.1123726182,324980.685363301,9997.57993457307
2023-12-10,83093.8723374538,81457.6578344406,265718.692420572,9989.75363837265
2023-12-11,70522.6471968286,69342.3494808191,258779.80901847,10001.141515254
2023-12-12,134359.760223858,132511.052862973,135958.922377789,10016.0898484124
2023-12-13,53802.9918642956,53224.0728434562,297938.63055653,9991.28594540843
2023-12-14,100201.552540614,99426.1726360019,242850.402452685,10007.0245889773
2023-12-15,83614.4932762773,83222.0036248195,327967.79688696,10008.0809719057
2023-12-16,70455.1016266748,70340.4379542041,355200.518358475,9987.85345812719
2023-12-17,71408.5241778859,71512.888502939,255744.783228975,10010.6845321836
2023-12-18,39642.0979965734,39823.3780669447,274473.628164138,14744.6564402618
2023-12-19,70579.2679804683,71123.2053238619,309411.946033506,9996.29003835387
2023-12-20,52710.5959569726,53283.1930127383,338371.045778359,10003.2841887244
2023-12-21,44632.2509684428,45258.9659382898,322085.080160958,10013.760964867
2023-12-22,48323.1364097436,49156.3677039043,289345.410046747,10001.752078118
2023-12-23,50472.1445310539,51505.1324336198,277497.494391383,9996.96807538482
2023-12-24,90312.5097378063,92454.0462587248,153392.849405484,10005.9078177974
2023-12-25,74187.9727228314,76189.6345874863,155440.28674678,10010.2689672463
2023-12-26,94384.7200318922,97241.9144557573,116564.664597477,10005.7919945674
2023-12-27,50924.5917623463,52634.8952649746,226404.014350137,10006.6732653095
2023-12-28,84803.7277926689,87934.7342796075,207320.128837295,9997.04311204346
2023-12-29,39639.7881093644,41236.4222129789,272280.95473642,13131.6406623554
2023-12-30,67220.0846201086,70154.8358594705,255633.711923785,9991.24589362013
2023-12-31,49483.3289607773,51812.0841219981,265191.086317287,10001.7401191221
2024-01-01,42596.3655541864,44159.3093887063,223991.784810792,13007.6982025762
2024-01-02,96847.3488899242,100102.619988301,143112.031693049,10001.3754034175
2024-01-03,59217.891145493,61027.0880993636,236114.015714745,9996.72055004341
2024-01-04,46915.7023663955,48206.325623411,280654.180693168,10000.6732591771
2024-01-05,93426.6679395382,95714.32205914,275467.599629292,9992.6085902969
2024-01-06,143065.721055073,146139.005563302,192472.711470741,10020.4590791869
2024-01-07,113591.840959428,115692.84207628,255690.261020693,10000.1345846415
2024-01-08,70441.3609321273,71535.2746574993,334411.012616244,9998.67413107001
2024-01-09,80348.0433508795,81358.9637558533,337022.064167214,9988.63280741194
2024-01-10,59157.1154161541,59728.1664618912,310805.966179858,9997.89983125647
2024-01-11,50457.6290089045,50797.8915584609,275013.846093233,10016.0331547884
2024-01-12,112979.978438575,113415.29181797,137433.640379624,10014.8796801383
2024-01-13,54913.5005110632,54967.4037662289,258783.595245011,10001.7470938223
2024-01-14,62993.6250021975,62875.7843559616,238098.907482916,9990.68141444738
2024-01-15,113974.354987793,113438.242443745,129530.845091957,10003.4371963746
2024-01-16,75560.9720072801,74992.9236067005,232348.692891631,9990.47374756473
2024-01-17,41813.2467692395,41382.0474654971,261079.799618115,16364.1959741471
2024-01-18,57249.7140598375,56500.4268148858,247899.787349597,10001.2069735042
2024-01-19,67945.3372139918,66868.7856087795,243610.090212091,9997.62766902119
2024-01-20,96231.1524673357,94443.0360787991,175179.306636591,10006.0351607722
2024-01-21,61528.3625182021,60217.8500427225,194991.810901786,10015.0670989785
2024-01-22,52104.4607092704,50854.0616519864,194109.716924368,9987.12840312089
2024-01-23,73908.5117110971,71936.8337180821,214539.976713598,10020.1050411269
2024-01-24,82296.0002866418,79881.6515650653,219474.019707132,10002.6731675194
2024-01-25,70944.6972056607,68676.0121956967,230571.134220471,10004.9827042125
2024-01-26,83455.3096469362,80567.7720712806,226000.944686065,9992.9563692864
2024-01-27,46831.790360092,45089.5473164669,306573.177795864,13023.0204939516
2024-01-28,63928.9662281571,61385.5371064441,259921.687983026,10006.9491619724
2024-01-29,110075.122552216,105413.540990397,167221.198024184,9984.74868498015
2024-01-30,75159.5237804892,71785.3333156374,283778.094683892,10012.9200657425
2024-01-31,50353.4227955197,47965.7075893136,295527.400146815,9986.84767504303
2024-02-01,92202.2471163282,87599.0201491823,211150.133110355,10007.4963006215
2024-02-02,84117.8233504319,79709.0124021225,242994.658017887,10017.2877974852
2024-02-03,88424.065603781,83571.3392513179,264513.479909426,10000.449038683
2024-02-04,84380.7835702348,79543.3329933484,257467.471845766,10002.0537821349
2024-02-05,53917.7533809583,50695.7180989204,245616.500491315,9998.64643492028
2024-02-06,75628.8732736693,70927.1222008053,231600.022159074,9998.78070926227
2024-02-07,90978.7531409887,85105.1630237077,177391.758320102,10015.5636171186
2024-02-08,62370.7856500539,58196.1701314739,230687.55427508,10004.8176877848
2024-02-09,87663.7363425487,81589.9217566799,258460.920643029,10008.9421439587
2024-02-10,94506.6521320608,87738.1346251311,262090.663112876,9998.70951203468
2024-02-11,54937.409736294,50875.6352896486,225021.493338189,9988.22452826584
2024-02-12,124091.440281856,114631.863103166,68354.7947644509,9992.05528660705
2024-02-13,117155.162452133,107957.561542044,159125.315629158,10001.105889575
2024-02-14,69796.9976414534,64159.7670052382,250856.320058568,9991.59548976739
2024-02-15,78814.7548959056,72272.7026981071,239988.617774068,9982.69788651486
2024-02-16,107939.817033,98740.5499495868,209955.432695097,9994.88043942608
2024-02-17,113031.117410605,103149.086997777,158286.985509634,10012.1902788629
2024-02-18,64470.423468788,58693.2064220364,191021.457500026,9998.55846875169
2024-02-19,69437.5032531327,63064.9178532066,167596.675287438,9993.29578587306
2024-02-20,133297.842137592,120778.545927661,95160.9099167189,10020.79467219
2024-02-21,100013.979420186,90408.002954607,154481.172415927,10002.3104641656
2024-02-22,75493.0250901984,68083.0609908949,193468.077170068,9991.64990735218
2024-02-23,64311.868597334,57865.0149333401,206782.019442596,9998.91337857121
2024-02-24,76190.4603365792,68395.0842810745,180542.499207043,9994.4072510519
2024-02-25,68627.2012106227,61464.820352504,185353.213190007,10003.3484373644
2024-02-26,83078.7552819358,74239.16313673,187919.978914638,10001.4304851564
2024-02-27,43631.1760258607,38900.8880168585,269032.097526376,19429.7653976287
2024-02-28,71119.2657036134,63266.8416101531,227193.332870121,10000.3046048496
2024-03-01,51882.1722086566,45949.4276554292,224169.048303475,11504.022319926
2024-03-02,83826.7153373408,74078.3391066719,220635.477089931,10000.7300352064
2024-03-03,57458.1397371716,50665.7046505099,277911.976967098,10000.4105640304
2024-03-04,112627.245507393,99098.4046482674,173161.32334651,9998.66115000146
2024-03-05,75951.0941814956,66684.4961058297,202399.797962934,10008.468342226
2024-03-06,58806.9026431874,51522.1261356013,240577.483662435,9985.9788620673
2024-03-07,42205.703600605,36899.311965798,246329.805903186,20871.8785347032
2024-03-08,161346.677637418,140765.378351145,41909.841454378,9980.30630861439
2024-03-09,82188.8176988411,71555.7165156925,197161.667914034,10000.8930707459
2024-03-10,113336.496693791,98470.0741593727,163203.532929649,10009.8785561597
2024-03-11,83280.7939692084,72208.6698867443,224160.18202679,10000.8128919979
2024-03-12,138432.949169211,119784.636981357,93320.1519322693,10003.0187622006
2024-03-13,65578.6512784736,56630.2490359659,276233.959041493,10005.2091829816
2024-03-14,95638.9341378436,82423.7299460298,255896.907179221,10001.4260735736
2024-03-15,81565.6019537184,70155.7636924323,308544.706304891,10012.0193289083
2024-03-16,134173.35401188,115177.756465996,186922.517918903,9984.14062600334
2024-03-17,77802.3184290975,66657.3710925721,275089.310562827,10006.0962670146
2024-03-18,65567.8233568929,56066.9606370496,222060.915011802,9992.45698999198
2024-03-19,65814.7827577964,56170.4142316052,210238.300726648,9995.54462183614
2024-03-20,101059.743011744,86087.0125595441,196650.886901924,9985.90256069195
2024-03-21,136609.616365817,116151.108738,98364.23745481,9996.13253356869
2024-03-22,84412.7780939823,71637.4818881573,210195.821136738,9988.05201298423
2024-03-23,74683.8521258562,63263.9449280831,241327.822420884,10007.1942201813
2024-03-24,68931.9680323836,58284.7731015266,207138.901708063,10007.6634798972
2024-03-25,96717.11008346,81630.0512448635,113717.923000338,9997.39431471169
2024-03-26,91223.0112085398,76854.7935702474,119577.298545717,10000.6481666937
2024-03-27,69078.8698890111,58095.0422848779,194125.730853042,9992.76640735646
2024-03-28,171191.532060901,143717.922609407,5811.18320648229,9994.65722705387
2024-03-29,69072.2793024884,57886.1647083532,201032.62456466,9989.5509105329
2024-03-30,111213.387948457,93041.766365239,136278.37661539,9998.42422668597
2024-03-31,71754.6771014097,59927.8292564862,195946.697944591,10003.3529082462
2024-04-01,106865.388806111,89100.5627236177,117243.582816695,10002.0503122141
2024-04-02,96144.1959326614,80027.4721028636,122903.304135479,9997.31249861848
2024-04-03,94319.9174885164,78378.9990322975,161192.020657787,10005.5417210611
2024-04-04,113258.635025524,93962.7110119997,124430.010160448,9994.22225311789
2024-04-05,89841.0436578349,74413.9873457463,168985.457817983,9995.63969627369
2024-04-06,96440.9773001817,79752.5609213985,170097.095605288,10019.5110541855
2024-04-07,71752.2235241069,59241.9488499438,230315.038179624,9995.4428997502
2024-04-08,103011.411064082,84917.6475306776,133829.443409334,9995.12604533723
2024-04-09,75199.7342062958,61894.960778931,155277.941977414,9988.23330529715
2024-04-10,92590.7342634587,76092.2842401023,158395.226042958,10013.3135397311
2024-04-11,91730.4868817183,75271.1675831883,161021.441720756,9997.75779181145
2024-04-12,65442.9408011107,53620.0717232662,195857.775820164,10000.12586121
2024-04-13,99667.6767955,81541.0560722627,143000.841383719,10000.27920955
2024-04-14,82690.899958385,67553.0444316526,150862.598368436,9995.20792182706
2024-04-15,71820.5613843759,58588.0476768291,153540.778133915,10000.7332685519
2024-04-16,82961.4973183477,67579.9181944417,130364.875341383,9999.74031421024
2024-04-17,62435.4333334575,50787.9752202604,199702.900661765,9987.55145961212
2024-04-18,72728.308198105,59078.5456502032,188893.856144249,10001.0126807471
2024-04-19,136393.383755693,110643.020220173,82088.5253767178,10002.7102679309
2024-04-20,91598.6624729649,74204.8236482993,177564.975706735,10012.8301184563
2024-04-21,121917.150257608,98634.3044300151,104999.191593867,9991.80353044522
2024-04-22,67283.1449706468,54362.2657190479,166634.948803306,9998.35409128474
2024-04-23,68564.2814395641,55325.4803243353,159791.252962317,10008.2652151796
2024-04-24,70625.6617932635,56915.9148202773,193345.389821256,10004.2952478572
2024-04-25,63928.1804065478,51453.5565627061,204978.012373271,9987.09053013983
2024-04-26,155160.745686695,124728.221816199,56405.2428429212,10003.7089807531
2024-04-27,80140.2485032809,64343.0044810801,184482.666345383,9993.96100108092
2024-04-28,96413.5131811355,77315.0981557165,150580.45327083,10011.1226510954
2024-04-29,135608.762234649,108617.02185651,63114.5814497206,9979.27844228818
2024-04-30,78005.0374250499,62405.7372341069,168211.463300627,9997.20005245762
2024-05-01,97818.1054143638,78166.5330113883,155382.412862881,9996.0846690025
2024-05-02,90914.2915475013,72567.3911834273,150307.137295457,9987.50058240937
2024-05-03,163290.244629421,130192.319462261,11759.0167524702,9999.0048372841
2024-05-04,155178.713482361,123589.358709364,36956.319766265,9989.45661887321
2024-05-05,82934.8381675219,65980.8314196396,171463.480579897,10020.7113080812
2024-05-06,114196.996623385,90756.0043794826,89198.4145087036,9984.37197388859
2024-05-07,114620.499327463,90997.8111485519,79992.8006878275,9992.36364362648
2024-05-08,164042.105747302,130100.815986535,29478.5610600564,9994.47538852219
2024-05-09,72911.6742463486,57767.8055063227,197131.270306592,9988.09670076502
2024-05-10,135473.276804152,107229.587617747,89645.7641978633,9996.20102617576
2024-05-11,121446.47215904,96034.261452415,116438.389233868,10007.7570611922
2024-05-12,85525.0386970707,67565.1860326147,163168.165880042,10017.6050978925
2024-05-13,93566.6062375747,73849.4196516002,122412.073700308,9987.97959561499
2024-05-14,151915.920426862,119793.74149553,4682.80987708011,10004.1734377666
2024-05-15,84793.3683808063,66804.4641900903,178427.229975181,10011.6806133649
2024-05-16,74922.2821225851,58976.0233653234,217052.00752886,9999.56118821002
2024-05-17,62763.8038505261,49363.1398570281,255425.272600387,9999.89357326111
2024-05-18,83210.0978452759,65389.3065367093,237057.319719873,10013.0977753321
2024-05-19,95063.604128836,74643.2100460318,193968.481360565,9986.59577669582
2024-05-20,96653.2171767042,75830.8355373576,148816.82191314,10011.4520941132
2024-05-21,83448.5670499718,65419.9295211057,149255.618350069,9996.84780122625
2024-05-22,78485.8903490129,61482.6548981271,185314.705966376,9992.80103072534
2024-05-23,127400.682067801,99726.5490003895,103223.380671937,10008.5314418236
2024-05-24,173955.064498682,136069.977930147,7848.04885628241,10003.2373424719
2024-05-25,128409.348746707,100372.853487837,98255.2749009757,9989.98010063119
2024-05-26,93332.7838522997,72904.852220164,158307.374653476,9992.69199885742
2024-05-27,67076.3086454791,52360.3037156167,180022.024804819,9990.1368652582
2024-05-28,147699.512701592,115220.846166008,30232.7075577655,9987.81879913266
2024-05-29,113533.733502584,88512.4016012467,106691.81892245,9994.77944350927
2024-05-30,129506.526089785,100903.512070323,119728.004133724,10004.3079558929
2024-05-31,84713.356982647,65964.4834563012,191893.577728858,10011.0060390566
2024-06-01,87725.9694956376,68271.3233866114,188017.919153112,10010.4552239982
2024-06-02,142344.309866497,110715.992440245,93899.3959441508,9990.68623066547
2024-06-03,206467.620920119,160505.727880442,0,9999.41574220785
2024-06-04,170488.255070403,132467.585959515,22697.5883378051,10011.4331490125
2024-06-05,123139.371678312,95630.6055910566,148054.55287608,10001.3294983421
2024-06-06,87567.5971571775,67973.0047505254,184583.827542059,10012.7810206253
2024-06-07,163551.85129578,126896.549253469,27089.5976406503,9994.85603978881
2024-06-08,86929.3087548786,67417.1112779923,179020.191711155,10010.5833771869
2024-06-09,181125.828966044,140411.319844986,12183.763596866,10008.1487004569
2024-06-10,61978.5610256514,48027.4253904255,221748.456742929,9997.27447213938
2024-06-11,97201.8246454983,75293.3427643271,187427.799621006,9981.39467423329
2024-06-12,68209.0963004911,52816.189653149,288605.317899645,9972.40844775684
2024-06-13,79267.000785028,61357.5591394379,274088.878792962,10014.7334032338
2024-06-14,76699.4429453744,59350.8586630788,266767.132228677,9982.1003584467
2024-06-15,70095.4053407961,54224.0272284852,277868.754437325,10016.53532605
2024-06-16,77441.4767358484,59889.617680693,264965.335378463,9995.6274585796
2024-06-17,129488.518762804,100113.616864747,163400.419547625,9996.8940831717
2024-06-18,67460.1635935374,52143.662501464,247358.043972708,10002.1962482111
2024-06-19,74879.8588050475,57865.4977961377,240320.091395612,10002.8854942042
2024-06-20,76804.8711941566,59340.6445679429,225030.745369493,9992.82977521008
2024-06-21,98850.2682420214,76358.686346728,209814.761812839,9996.85141083701
2024-06-22,85694.7701531606,66185.1110919692,253694.921512992,10000.6187738001
2024-06-23,115300.800870177,89037.3001598104,187939.997512802,9996.73023337095
2024-06-24,79752.233360991,61577.8434989953,198316.221400902,10011.2677210776
2024-06-25,110408.643734049,85238.3332601652,116520.654642356,9999.93236865198
2024-06-26,141362.717301362,109125.26236647,84362.5389260209,9993.280477795
2024-06-27,53525.3963533158,41315.8927193569,226497.34166232,15605.6564435783
2024-06-28,140697.575117635,108597.289547286,97792.8829220757,10001.6454456899
2024-06-29,104918.065477921,80977.8167602194,208623.243989819,10005.5673577608
2024-06-30,92943.5049969972,71734.2469170858,239862.697711328,9995.93423256323
2024-07-01,130696.970278342,100872.554113002,139437.171403108,10011.3018370093
2024-07-02,85044.5941440291,65639.0825514379,206048.259666946,9999.19938700975
2024-07-03,79533.43025421,61387.8025032345,229267.337202996,10000.3168364751
2024-07-04,126969.754876958,98007.0980973587,132332.294354016,10008.6439876322
2024-07-05,157451.971681053,121545.397880148,112593.693356693,10011.6159339502
2024-07-06,112091.816612393,86537.7863273029,197394.111274395,9996.92531343765
2024-07-07,160357.815951724,123814.570180373,99661.4289197447,10003.6978901543
2024-07-08,97091.8934449475,74976.062564177,171139.817020238,10001.8953413559
2024-07-09,103397.091727797,79857.242050592,151520.118647121,10012.0875948359
2024-07-10,78068.8591930217,60305.7092164034,236738.330512707,9988.06745237612
2024-07-11,129041.085401296,99699.1605402558,182720.65663896,9999.33588394829
2024-07-12,93362.5282206277,72148.4956997329,261498.353266758,10006.137263045
2024-07-13,49943.1478262087,38603.7997209961,308906.674724834,21211.6001106594
2024-07-14,114795.694069203,88753.9084049529,220359.809540365,9990.11441039936
2024-07-15,160428.739598853,124068.087083922,83573.7759284584,10009.2530426731
2024-07-16,97290.9496821793,75261.810371204,189550.567969216,9992.28643691979
2024-07-17,100615.856144801,77857.6379174983,236245.75647909,10012.1898891114
2024-07-18,111185.153696932,86064.1827724555,240235.843995915,9993.67048888021
2024-07-19,61338.2843938198,47495.9299749505,318078.245261383,10355.7568415474
2024-07-20,77528.8032107916,60054.4565449013,304206.088750169,9999.45613149216
2024-07-21,106355.606588762,82415.3687301829,257211.638655631,10002.5260515222
2024-07-22,105641.477530625,81894.7765491263,224552.973512996,10007.0652111837
2024-07-23,64122.3987689382,49729.4520701534,257501.715799353,10006.9809703074
2024-07-24,118060.662182034,91600.8624468944,203463.823418747,10001.1735984658
2024-07-25,155357.209542942,120593.652048442,112098.033176331,9992.95204706099
2024-07-26,83331.2803027234,64715.4577079188,242865.666065927,10011.1545285007
2024-07-27,58534.0246011427,45480.3231589548,276763.138777813,12314.277600857
2024-07-28,88760.13902446,69001.1860329522,230641.525649161,9990.95673850696
2024-07-29,85519.700338045,66517.5763260177,180571.395382889,10019.1636478988
2024-07-30,84030.1669751326,65395.124576828,187262.886648269,9998.97540480204
2024-07-31,212844.357951952,165737.359832932,4683.52494393392,9990.73538613261
2024-08-01,99805.0672285285,77761.963893552,227986.909994897,10001.2127602589
2024-08-02,48781.7154904418,38030.8711700164,291627.067610191,21362.0685340449
2024-08-03,80749.6155889727,62993.0245913467,260965.255466041,10005.5536197076
2024-08-04,90702.1997668625,70802.86353515,216825.438403997,9999.92836111142
2024-08-05,80541.1499485483,62912.9486154966,173882.381109754,10002.5244267004
2024-08-06,116726.597929956,91240.8779151104,99972.7250874968,9985.25961060008
2024-08-07,90723.202226268,70964.9021157076,190763.958951037,10008.7920089837
2024-08-08,96007.8238703774,75152.886124538,197196.97531492,9996.04721485308
2024-08-09,56098.3317330399,43945.1518606175,255137.458789289,13635.2215356274
2024-08-10,81534.1617900849,63919.1217588629,225133.332551706,10007.2579815427
2024-08-11,84431.8979427576,66242.4030366098,229610.515652082,9990.39922775385
2024-08-12,133928.743957173,105159.818607846,113288.546689085,10001.2752040442
2024-08-13,104794.46009992,82351.027726999,152894.061401873,9986.07085446668
2024-08-14,49393.0546750612,38847.1717185517,272562.299301537,19607.8230627106
2024-08-15,106878.332539949,84130.6332181619,226464.568223708,10001.3631242994
2024-08-16,110170.276025777,86797.6635451404,232383.633680316,10008.3929455145
2024-08-17,138986.763862662,109598.4174317,193615.742271321,10013.033430853
2024-08-18,106866.093276464,84346.320618513,234518.738100132,10008.6492012672
2024-08-19,110290.030195227,87129.6467234274,178639.913806663,9993.59560898104
2024-08-20,60799.637794064,48077.5456736285,250905.14957431,9990.82254209537
2024-08-21,74064.8782254221,58623.7118967159,292139.904930984,9997.95980396665
2024-08-22,60233.3687186854,47722.8038595739,299281.942430753,10117.0602186995
2024-08-23,77852.2722090258,61744.1729040145,240692.325465216,9990.64621542255
2024-08-24,129735.714407315,102997.859092651,126109.742909512,9994.2598499114
2024-08-25,45830.2160225877,36422.7379794929,238388.811632659,21086.2438059985
2024-08-26,55613.0457163826,44244.3136710951,204656.402965407,12654.7601670195
2024-08-27,115178.664429343,91732.0227393279,111173.994575998,9986.25901613895
2024-08-28,126383.633303451,100766.450556712,131563.361176546,9998.93935637374
2024-08-29,95669.6166964968,76363.0709870943,193649.118642207,10001.4281235733
2024-08-30,160331.092810138,128120.7155445,80260.983406911,10015.2911662193
2024-08-31,56975.0319405714,45581.2725633836,248204.139757478,12001.8271409276
2024-09-01,112881.789620909,90413.6547551461,126333.840272458,10002.7172573069
2024-09-02,91894.8621794087,73691.540272564,120324.992911311,10019.1781270535
2024-09-03,77698.6608392438,62382.7025236729,148099.806009728,10011.5778391872
2024-09-04,83534.8331337296,67150.6904041414,167041.808408792,10009.0004488326
2024-09-05,70603.3196276211,56826.142663096,217389.128530096,9989.93972170835
2024-09-06,123230.070392893,99308.8349431606,103941.081844986,10016.0801885657
2024-09-07,113168.844939273,91317.5282021197,121721.834490163,9997.91995695027
2024-09-08,64879.2097634872,52419.9759440975,197366.159517528,9993.10632073184
2024-09-09,104945.822884647,84904.0370545957,105473.7131021,10006.873374704
2024-09-10,60114.2627843031,48699.0546392893,167185.368911085,9998.54591259047
2024-09-11,92597.180882335,75115.3133281482,156596.291136803,10005.0561595838
2024-09-12,105513.723182621,85710.7427109075,145035.614478027,9996.16814469521
2024-09-13,124345.658354175,101148.720815471,117680.085916548,10004.7237478665
2024-09-14,70607.4048097385,57516.3515028394,208014.587452156,10011.3968689651
2024-09-15,60738.4932112428,49547.7850282188,224580.826165891,10005.3319202244
2024-09-16,133485.333399018,109048.766703662,87641.7055859915,10009.1675986025
2024-09-17,108155.048739874,88484.8245423794,134383.888893817,10007.5857165652
2024-09-18,93844.2968375814,76890.4616090418,201974.835558035,9989.64025155714
2024-09-19,94929.2970602008,77896.0111351672,198871.648297424,9990.99396738802
2024-09-20,92348.5500839864,75893.2540934093,219600.901588412,10008.6957974416
2024-09-21,82914.8249593512,68245.0528983561,251815.290116851,10000.8816061382
2024-09-22,81054.2526114234,66817.2232864339,253118.509232006,10012.3337422133
2024-09-23,95918.3437982193,79194.613601853,197963.29473304,9991.58659476013
2024-09-24,134965.694963686,111610.853718194,112171.338764312,9985.38057432917
2024-09-25,97247.6159895375,80548.7399858177,225217.304343027,9989.33523788395
2024-09-26,61603.0163377892,51107.6830504861,280100.355321435,10008.8522765567
2024-09-27,118531.962744559,98498.9898277134,185670.991898797,10005.4447562608
2024-09-28,69801.2802976912,58100.4392161129,220666.7573861,10004.3131250564
2024-09-29,98644.8047335466,82246.5319193953,148103.8111303,10010.1810459927
2024-09-30,117742.886250685,98336.1066962184,72030.7204895827,10008.0116922345
2024-10-01,57255.8586173311,47900.5839025766,167988.551857906,10018.0801372456
2024-10-02,94803.51944933,79450.2830541135,154462.829497049,10000.9357671686
2024-10-03,113386.670340934,95189.8526569617,137684.520525033,10024.5506157466
2024-10-04,51026.65401853,42913.2038150773,242842.40940262,14425.3967804938
2024-10-05,82895.0751051545,69838.5615733807,194886.589659002,9997.45546960943
2024-10-06,102153.546652468,86218.4492577343,154637.806937258,9978.70864217082
2024-10-07,75856.0709725317,64139.3828032045,184699.011741057,10006.1714364693
2024-10-08,50810.527106618,43041.0898358987,204413.523076721,13622.8641755079
2024-10-09,69770.6635750978,59211.3511845441,230931.61527079,10011.9979087134
2024-10-10,102275.389971953,86958.7387614256,179560.899487941,9999.03357505977
2024-10-11,52162.1182558874,44433.9238909918,244986.748891827,13026.4285321147
2024-10-12,88242.188087246,75311.3517946948,170567.565742965,9992.5880349585
2024-10-13,80214.7195819969,68591.5025855894,179536.417792956,10001.4401985377
2024-10-14,44045.8453688481,37736.4109337302,209162.6914143,18436.6268117839
2024-10-15,117757.508380577,101085.984785769,85717.0996969159,10021.8440483055
2024-10-16,55700.5117525465,47908.8224258616,208490.000303316,9998.15563535145
2024-10-17,71447.3224273132,61574.8686683195,197912.946768473,9999.90981125839
2024-10-18,137959.483958594,119134.50156626,79313.6808977902,10019.5614035348
2024-10-19,63281.3205254561,54756.6894466521,206014.895133948,10005.3683163109
2024-10-20,86568.1010968604,75058.9318004903,165498.77490879,10006.2939522403
2024-10-21,126597.661254248,109991.763075132,58385.3041896907,9989.99591021966
2024-10-22,82726.5182655079,72023.8525759983,134515.017302635,9983.16479170291
2024-10-23,90856.0936426253,79266.5370268844,155573.948323305,10000.5090284237
2024-10-24,94969.1674480386,83028.9898720479,148489.203047745,9994.08865659654
2024-10-25,45140.9546266773,39549.0640319679,232162.534538715,17471.5355419055
2024-10-26,76512.5274402273,67177.4303335593,198928.225098982,10000.9665719256
2024-10-27,95338.3075602323,83886.222543414,158436.758387366,9996.95444685451
2024-10-28,57701.6538259957,50880.4316319095,198830.192512898,9986.06709149718
2024-10-29,57092.2507404418,50452.8788190468,209563.368393155,9996.72447797777
2024-10-30,77897.9071117021,68990.2541655971,224433.208126548,10003.5110412482
2024-10-31,101706.008817904,90275.2316710828,174435.627245269,10000.269000739
2024-11-01,96427.526319053,85780.7652276764,182955.827807939,9995.05930174482
2024-11-02,138787.580966896,123740.880652034,74884.6202373874,9996.05544393976
2024-11-03,81262.5747880191,72616.2245224469,173630.85506093,9990.06587049992
2024-11-04,73610.1988184615,65927.759935932,165300.365136304,9992.58326968772
2024-11-05,78848.0976565113,70780.8072138708,157127.500698234,9984.28483100439
2024-11-06,86236.6496630211,77591.9768681514,166663.314123853,10012.4350483335
2024-11-07,103010.074689275,92899.1941886974,157646.415986587,9994.91533237978
2024-11-08,56811.3295185109,51354.8093650602,245190.920176931,10003.1693989487
2024-11-09,62760.2570639654,56865.8311993353,239301.222470349,9999.36291046592
2024-11-10,92428.8767687473,83946.2717925738,209907.069768375,9997.81260477789
2024-11-11,91884.3360609639,83650.5487820911,206398.767940258,10017.2799548963
2024-11-12,70218.6957306344,64079.6492215345,212030.406691053,10006.2546774453
2024-11-13,48301.6417145184,44185.0912615623,264490.647589794,13511.5418047106
2024-11-14,82141.987143461,75323.7566200881,221103.057265869,10004.0550343581
2024-11-15,57826.3498152592,53155.9416061033,265274.342406836,10008.4245177372
2024-11-16,92051.2165855305,84824.4727039895,199862.916915133,9988.31097270561
2024-11-17,99584.7284871695,91993.3150681328,183920.788880312,9991.31082924899
2024-11-18,86279.3265776716,79900.3005979404,172173.386312331,10016.8511086137
2024-11-19,51716.5361653926,48012.6246148694,231649.286222957,9981.31853404991
2024-11-20,74112.0681693427,68977.1859544562,247678.712933904,10001.1432915956
2024-11-21,53257.2119657599,49692.5882203418,265701.269884531,10004.2002408883
2024-11-22,52717.2890110828,49313.8597811229,255915.260618056,10012.4591184613
2024-11-23,101419.349582875,95114.2373278644,158556.842232393,9998.05728751867
2024-11-24,98552.4963494216,92663.163050848,151441.562037237,10000.9932378899
2024-11-25,60542.6633191465,57071.8239975886,198552.211693539,9996.61576567064
2024-11-26,81852.8362329885,77360.7399614653,182709.765268859,10004.5048187434
2024-11-27,65198.2951570608,61781.1007260772,251197.146918292,9998.07047376589
2024-11-28,114376.82666579,108666.5266526,155528.335009022,10011.7320847734
2024-11-29,79916.9683205114,76127.3756791597,210299.336702969,9993.08445773819
2024-11-30,83262.0504714639,79524.1074583423,206527.896640522,9987.88542748202
2024-12-01,81276.9581020425,77834.9526742539,207256.786211154,10004.8417802905
2024-12-02,92968.3410347806,89269.5734817233,174962.792017619,10000.9141693173
2024-12-03,120149.019623968,115679.218404995,106290.046879211,9997.43255671266
2024-12-04,74707.7903218876,72122.9152233316,231881.419150422,10009.4342542988
2024-12-05,65120.0442684356,63037.6212812499,235279.265223197,10014.9444506274
2024-12-06,66484.5604663711,64534.0779033368,264978.79033557,9993.03422908082
2024-12-07,80307.3716946738,78164.9895281081,261393.748602812,10014.2157245537
2024-12-08,48878.0175889263,47705.0464789071,316723.052286605,10123.728248695
2024-12-09,57774.9805149031,56544.4125355753,288103.202253052,9999.76553433837
2024-12-10,89922.7702640844,88251.8728978037,224297.989790793,9990.25761644923
2024-12-11,58982.2585370504,58047.7213383148,290644.927505154,10000.2432899523
2024-12-12,40566.3778558648,40035.4429857007,325191.962292411,19781.0612303879
2024-12-13,82764.9769887902,81911.4627747715,296780.835704116,10001.8769015245
2024-12-14,78099.8269374616,77512.6920634807,277391.984230185,10001.5681073252
2024-12-15,79331.2092511672,78958.051127845,289182.213965411,10008.6901411478
2024-12-16,98102.4764276387,97918.9585046874,202451.348665184,10001.5583761605
2024-12-17,117289.452298103,117404.583972767,153139.941211706,9996.7303940532
2024-12-18,121107.956746644,121574.587335989,153295.606412691,9993.91628587296
2024-12-19,76140.0924645923,76653.5454843703,222981.166557707,9994.57288315931
2024-12-20,104368.94882659,105376.435363934,174018.369029136,10013.5889131034
2024-12-21,51775.6442826111,52427.0734040072,281051.076695231,10000.4353700775
2024-12-22,80406.2202159919,81654.8824612359,205911.754805097,9994.3653444878
2024-12-23,133102.885904232,135564.764412222,68809.8461803071,9989.3992395852
2024-12-24,55570.4299664341,56764.1732354154,224232.193437149,9999.87534899464
2024-12-25,101159.022315605,103636.011586858,178951.182344532,10026.7389100315
2024-12-26,42067.0329800225,43224.2722065324,310146.730484951,15262.4563806366
2024-12-27,32386.7096418053,33376.1730505222,352140.564336567,31756.7727048906
2024-12-28,123726.728051524,127885.479391022,251999.436927639,10004.3264020731
2024-12-29,97516.3133780779,101094.377346129,266913.058032251,9998.41633290497
2024-12-30,122596.838836995,127474.98529429,193923.970191444,10009.8049887931
2024-12-31,126754.163828433,132192.794396944,215860.520633246,9993.23657358544
